INFO [02-08|15:58:42.540] Set global gas cap                       cap=25,000,000
INFO [02-08|15:58:42.598] Initialising Ethereum protocol           network=1337 dbversion=8
INFO [02-08|15:58:42.598] Initialising Quorum consensus protocol   name=istanbul versions="[100 99 64]" network=1337 dbversion=8
INFO [02-08|15:58:42.660] Regenerated local transaction journal    transactions=0 accounts=0
INFO [02-08|15:58:42.801] HTTP server started                      endpoint=[::]:8545    prefix= cors=* vhosts=* isTls=false
WARN [02-08|15:58:42.809] full p2p peer                            id=c8f776c1d83d4fddd02782c698c1334496614aed49d2e81526d089f7264fed9c ethPeer="Peer c8f776c1d83d4fdd 172.16.239.14:30303"
WARN [02-08|15:58:42.832] full p2p peer                            id=2a2fe7f9e880372cfd2bda0cce412f988377e31f4d0ff12d74df73b51c42d0ca ethPeer="Peer 2a2fe7f9e880372c 172.16.239.13:45962"
INFO [02-08|15:58:43.556] Unlocked account                         address=0xC9C913c8c3C1Cd416d80A0abF475db2062F161f6
INFO [02-08|15:58:48.505] Imported new chain segment               blocks=1 txs=0 mgas=0.000 elapsed="253.042µs" mgasps=0.000 number=2541 hash=246349..31bd0d dirty=0.00B
INFO [02-08|15:58:48.505] QBFT: initialize new round               address=0xDF8b560be949C229C821731554C33EAD5E3888A4 current.round=0 current.sequence=2541 target.round=0 lastProposal.number=2541 lastProposal.hash=246349..31bd0d
INFO [02-08|15:58:53.004] Imported new chain segment               blocks=1 txs=0 mgas=0.000 elapsed="394.833µs" mgasps=0.000 number=2542 hash=ca6276..76a148 dirty=0.00B
WARN [02-08|15:58:53.005] Block sealing failed                     err=unauthorized
INFO [02-08|15:58:58.010] Imported new chain segment               blocks=1 txs=0 mgas=0.000 elapsed="725.75µs"  mgasps=0.000 number=2543 hash=acc4c8..eb8e93 dirty=0.00B
INFO [02-08|15:58:58.010] Commit new mining work                   number=2544 sealhash=dcf852..953a6b uncles=0 txs=0 gas=0 fees=0 elapsed="294.625µs"
INFO [02-08|15:59:03.511] Imported new chain segment               blocks=1 txs=0 mgas=0.000 elapsed="517.417µs" mgasps=0.000 number=2544 hash=77b110..7174a6 dirty=0.00B
INFO [02-08|15:59:03.512] Commit new mining work                   number=2545 sealhash=d8c91d..7c1728 uncles=0 txs=0 gas=0 fees=0 elapsed="128µs"
INFO [02-08|15:59:08.004] Imported new chain segment               blocks=1 txs=0 mgas=0.000 elapsed="321.083µs" mgasps=0.000 number=2545 hash=128385..34263b dirty=0.00B
INFO [02-08|15:59:13.011] Commit new mining work                   number=2547 sealhash=aaaa8f..2d837a uncles=0 txs=0 gas=0 fees=0 elapsed="283.291µs"
INFO [02-08|15:59:18.004] Imported new chain segment               blocks=1 txs=0 mgas=0.000 elapsed="208.125µs" mgasps=0.000 number=2547 hash=396d05..2e6aea dirty=0.00B
INFO [02-08|15:59:18.004] QBFT: handle final committed             address=0xDF8b560be949C229C821731554C33EAD5E3888A4 current.round=0 current.sequence=2547 state="Accept request"
WARN [02-08|15:59:23.010] Block sealing failed                     err=unauthorized
INFO [02-08|15:59:33.005] Imported new chain segment               blocks=1 txs=0 mgas=0.000 elapsed="396.291µs" mgasps=0.000 number=2550 hash=467a7c..e8aa34 dirty=0.00B
INFO [02-08|15:59:33.005] Commit new mining work                   number=2551 sealhash=887b87..54d363 uncles=0 txs=0 gas=0 fees=0 elapsed="105.208µs"
INFO [02-08|15:59:33.005] QBFT: start new round                    address=0xDF8b560be949C229C821731554C33EAD5E3888A4 old.round=0  old.sequence=2550 old.state="Accept request" old.proposer=0x98C1334496614aED49d2E81526D089f7264fED9C next.round=0 next.seq=2551 next.proposer=0xcE412f988377e31F4d0fF12d74df73B51C42d0cA next.valSet="[0x27A97C9AaF04f18f3014c32e036dD0Ac76Da5f18 0x93917cADBace5dFCE132B991732c6Cda9bcC5B8a 0x98C1334496614aED49d2E81526D089f7264fED9C 0xcE412f988377e31F4d0fF12d74df73B51C42d0cA]" next.size=4 next.IsProposer=false
INFO [02-08|15:59:38.010] Imported new chain segment               blocks=1 txs=0 mgas=0.000 elapsed="786.209µs" mgasps=0.000 number=2551 hash=5eab19..dd0fed dirty=0.00B
INFO [02-08|15:59:38.011] QBFT: start new round                    address=0xDF8b560be949C229C821731554C33EAD5E3888A4 old.round=0  old.sequence=2551 old.state="Accept request" old.proposer=0xcE412f988377e31F4d0fF12d74df73B51C42d0cA next.round=0 next.seq=2552 next.proposer=0x27A97C9AaF04f18f3014c32e036dD0Ac76Da5f18 next.valSet="[0x27A97C9AaF04f18f3014c32e036dD0Ac76Da5f18 0x93917cADBace5dFCE132B991732c6Cda9bcC5B8a 0x98C1334496614aED49d2E81526D089f7264fED9C 0xcE412f988377e31F4d0fF12d74df73B51C42d0cA]" next.size=4 next.IsProposer=false
INFO [02-08|15:59:43.011] Imported new chain segment               blocks=1 txs=0 mgas=0.000 elapsed="802.084µs" mgasps=0.000 number=2552 hash=b8e5a1..669cf3 dirty=0.00B
INFO [02-08|15:59:43.012] QBFT: start new round                    address=0xDF8b560be949C229C821731554C33EAD5E3888A4 old.round=0  old.sequence=2552 old.state="Accept request" old.proposer=0x27A97C9AaF04f18f3014c32e036dD0Ac76Da5f18 next.round=0 next.seq=2553 next.proposer=0x93917cADBace5dFCE132B991732c6Cda9bcC5B8a next.valSet="[0x27A97C9AaF04f18f3014c32e036dD0Ac76Da5f18 0x93917cADBace5dFCE132B991732c6Cda9bcC5B8a 0x98C1334496614aED49d2E81526D089f7264fED9C 0xcE412f988377e31F4d0fF12d74df73B51C42d0cA]" next.size=4 next.IsProposer=false
INFO [02-08|15:59:53.512] Imported new chain segment               blocks=1 txs=0 mgas=0.000 elapsed=1.107ms     mgasps=0.000 number=2554 hash=ff259d..5eab8a dirty=0.00B
INFO [02-08|15:59:58.514] Imported new chain segment               blocks=1 txs=0 mgas=0.000 elapsed="948.583µs" mgasps=0.000 number=2555 hash=7f9e6d..ab3445 dirty=0.00B
INFO [02-08|15:59:58.514] QBFT: handle final committed             address=0xDF8b560be949C229C821731554C33EAD5E3888A4 current.round=0 current.sequence=2555 state="Accept request"
INFO [02-08|16:00:03.519] Imported new chain segment               blocks=1 txs=0 mgas=0.000 elapsed=1.149ms     mgasps=0.000 number=2556 hash=39bd4d..55fca5 dirty=0.00B
INFO [02-08|16:00:03.520] Commit new mining work                   number=2557 sealhash=22b162..8d8d2f uncles=0 txs=0 gas=0 fees=0 elapsed="360.041µs"
INFO [02-08|16:00:08.509] Imported new chain segment               blocks=1 txs=0 mgas=0.000 elapsed="927.375µs" mgasps=0.000 number=2557 hash=751dae..4aa874 dirty=0.00B
INFO [02-08|16:00:08.509] QBFT: handle final committed             address=0xDF8b560be949C229C821731554C33EAD5E3888A4 current.round=0 current.sequence=2557 state="Accept request"
INFO [02-08|16:00:13.013] Imported new chain segment               blocks=1 txs=0 mgas=0.000 elapsed="814.791µs" mgasps=0.000 number=2558 hash=15a4e6..926497 dirty=0.00B
INFO [02-08|16:00:13.013] Commit new mining work                   number=2559 sealhash=ba13bf..4cfd6e uncles=0 txs=0 gas=0 fees=0 elapsed="261.917µs"
INFO [02-08|16:00:13.013] QBFT: handle final committed             address=0xDF8b560be949C229C821731554C33EAD5E3888A4 current.round=0 current.sequence=2558 state="Accept request"
INFO [02-08|16:00:13.013] QBFT: start new round                    address=0xDF8b560be949C229C821731554C33EAD5E3888A4 old.round=0  old.sequence=2558 old.state="Accept request" old.proposer=0x98C1334496614aED49d2E81526D089f7264fED9C next.round=0 next.seq=2559 next.proposer=0xcE412f988377e31F4d0fF12d74df73B51C42d0cA next.valSet="[0x27A97C9AaF04f18f3014c32e036dD0Ac76Da5f18 0x93917cADBace5dFCE132B991732c6Cda9bcC5B8a 0x98C1334496614aED49d2E81526D089f7264fED9C 0xcE412f988377e31F4d0fF12d74df73B51C42d0cA]" next.size=4 next.IsProposer=false
WARN [02-08|16:00:13.013] Block sealing failed                     err=unauthorized
INFO [02-08|16:00:18.010] Imported new chain segment               blocks=1 txs=0 mgas=0.000 elapsed="907.834µs" mgasps=0.000 number=2559 hash=70c5b5..c44fb6 dirty=0.00B
INFO [02-08|16:00:23.511] Imported new chain segment               blocks=1 txs=0 mgas=0.000 elapsed=1.110ms     mgasps=0.000 number=2560 hash=eb0b8e..b45603 dirty=0.00B
INFO [02-08|16:00:28.005] Imported new chain segment               blocks=1 txs=0 mgas=0.000 elapsed="477.875µs" mgasps=0.000 number=2561 hash=9b68c2..652d7f dirty=0.00B
INFO [02-08|16:00:33.009] Imported new chain segment               blocks=1 txs=0 mgas=0.000 elapsed="805.333µs" mgasps=0.000 number=2562 hash=60253e..7401b7 dirty=0.00B
INFO [02-08|16:00:33.010] QBFT: handle final committed             address=0xDF8b560be949C229C821731554C33EAD5E3888A4 current.round=0 current.sequence=2562 state="Accept request"
INFO [02-08|16:00:38.012] Imported new chain segment               blocks=1 txs=0 mgas=0.000 elapsed="730.084µs" mgasps=0.000 number=2563 hash=f32bf6..f2df1a dirty=0.00B
INFO [02-08|16:00:38.019] Commit new mining work                   number=2564 sealhash=aa61af..8883ff uncles=0 txs=0 gas=0 fees=0 elapsed="168.25µs"
INFO [02-08|16:00:38.019] QBFT: handle final committed             address=0xDF8b560be949C229C821731554C33EAD5E3888A4 current.round=0 current.sequence=2563 state="Accept request"
INFO [02-08|16:00:43.512] Imported new chain segment               blocks=1 txs=0 mgas=0.000 elapsed=1.044ms     mgasps=0.000 number=2564 hash=9ad8a3..488671 dirty=0.00B
INFO [02-08|16:00:43.513] QBFT: start new round                    address=0xDF8b560be949C229C821731554C33EAD5E3888A4 old.round=0  old.sequence=2564 old.state="Accept request" old.proposer=0x27A97C9AaF04f18f3014c32e036dD0Ac76Da5f18 next.round=0 next.seq=2565 next.proposer=0x93917cADBace5dFCE132B991732c6Cda9bcC5B8a next.valSet="[0x27A97C9AaF04f18f3014c32e036dD0Ac76Da5f18 0x93917cADBace5dFCE132B991732c6Cda9bcC5B8a 0x98C1334496614aED49d2E81526D089f7264fED9C 0xcE412f988377e31F4d0fF12d74df73B51C42d0cA]" next.size=4 next.IsProposer=false
WARN [02-08|16:00:43.513] Block sealing failed                     err=unauthorized
INFO [02-08|16:00:48.009] Imported new chain segment               blocks=1 txs=0 mgas=0.000 elapsed="718.75µs"  mgasps=0.000 number=2565 hash=299e7f..ed2044 dirty=0.00B
INFO [02-08|16:00:48.010] Commit new mining work                   number=2566 sealhash=67175d..285af8 uncles=0 txs=0 gas=0 fees=0 elapsed="195.208µs"
WARN [02-08|16:00:48.010] Block sealing failed                     err=unauthorized
INFO [02-08|16:00:48.010] QBFT: start new round                    address=0xDF8b560be949C229C821731554C33EAD5E3888A4 old.round=0  old.sequence=2565 old.state="Accept request" old.proposer=0x93917cADBace5dFCE132B991732c6Cda9bcC5B8a next.round=0 next.seq=2566 next.proposer=0x98C1334496614aED49d2E81526D089f7264fED9C next.valSet="[0x27A97C9AaF04f18f3014c32e036dD0Ac76Da5f18 0x93917cADBace5dFCE132B991732c6Cda9bcC5B8a 0x98C1334496614aED49d2E81526D089f7264fED9C 0xcE412f988377e31F4d0fF12d74df73B51C42d0cA]" next.size=4 next.IsProposer=false
INFO [02-08|16:00:53.513] Imported new chain segment               blocks=1 txs=0 mgas=0.000 elapsed="920.667µs" mgasps=0.000 number=2566 hash=f290d4..d187e3 dirty=0.00B
INFO [02-08|16:00:53.513] QBFT: handle final committed             address=0xDF8b560be949C229C821731554C33EAD5E3888A4 current.round=0 current.sequence=2566 state="Accept request"
INFO [02-08|16:00:53.513] QBFT: initialize new round               address=0xDF8b560be949C229C821731554C33EAD5E3888A4 current.round=0 current.sequence=2566 target.round=0 lastProposal.number=2566 lastProposal.hash=f290d4..d187e3
WARN [02-08|16:00:59.154] Caller gas above allowance, capping      requested=700,000,000 cap=25,000,000
WARN [02-08|16:00:59.189] Served eth_maxPriorityFeePerGas          conn=172.18.0.2:41914 reqid=8 t="3.167µs" err="the method eth_maxPriorityFeePerGas does not exist/is not available"
INFO [02-08|16:00:59.207] Setting new local account                address=0xf0E2Db6C8dC6c681bB5D6aD121A107f300e9B2b5
INFO [02-08|16:00:59.208] Submitted transaction                    hash=0x2c23eab6946841e37c4bcb60e5f88100b16a91c39240b1efc7b1441e0a93a3da from=0xf0E2Db6C8dC6c681bB5D6aD121A107f300e9B2b5 nonce=3 recipient=0x68249ac64729F5e29f296ac0a670BDf9F6E6BeF9 value=0
INFO [02-08|16:00:59.208] QUORUM-CHECKPOINT                        name=TX-CREATED tx=0x2c23eab6946841e37c4bcb60e5f88100b16a91c39240b1efc7b1441e0a93a3da to=0x68249ac64729F5e29f296ac0a670BDf9F6E6BeF9
INFO [02-08|16:01:03.011] Imported new chain segment               blocks=1 txs=1 mgas=0.092 elapsed=1.698ms     mgasps=54.233 number=2568 hash=de8bc6..1443d3 dirty=2.22KiB
WARN [02-08|16:01:03.012] Block sealing failed                     err=unauthorized
INFO [02-08|16:01:13.012] Imported new chain segment               blocks=1 txs=0 mgas=0.000 elapsed="695.708µs" mgasps=0.000  number=2570 hash=18805c..04a140 dirty=2.22KiB
WARN [02-08|16:01:13.013] Block sealing failed                     err=unauthorized
INFO [02-08|16:01:13.013] QBFT: handle final committed             address=0xDF8b560be949C229C821731554C33EAD5E3888A4 current.round=0 current.sequence=2570 state="Accept request"
INFO [02-08|16:01:13.013] QBFT: start new round                    address=0xDF8b560be949C229C821731554C33EAD5E3888A4 old.round=0  old.sequence=2570 old.state="Accept request" old.proposer=0x98C1334496614aED49d2E81526D089f7264fED9C next.round=0 next.seq=2571 next.proposer=0xcE412f988377e31F4d0fF12d74df73B51C42d0cA next.valSet="[0x27A97C9AaF04f18f3014c32e036dD0Ac76Da5f18 0x93917cADBace5dFCE132B991732c6Cda9bcC5B8a 0x98C1334496614aED49d2E81526D089f7264fED9C 0xcE412f988377e31F4d0fF12d74df73B51C42d0cA]" next.size=4 next.IsProposer=false
INFO [02-08|16:01:18.508] Imported new chain segment               blocks=1 txs=0 mgas=0.000 elapsed="994.708µs" mgasps=0.000  number=2571 hash=5988f0..d83632 dirty=2.22KiB
WARN [02-08|16:01:18.509] Block sealing failed                     err=unauthorized
INFO [02-08|16:01:18.509] QBFT: start new round                    address=0xDF8b560be949C229C821731554C33EAD5E3888A4 old.round=0  old.sequence=2571 old.state="Accept request" old.proposer=0xcE412f988377e31F4d0fF12d74df73B51C42d0cA next.round=0 next.seq=2572 next.proposer=0x27A97C9AaF04f18f3014c32e036dD0Ac76Da5f18 next.valSet="[0x27A97C9AaF04f18f3014c32e036dD0Ac76Da5f18 0x93917cADBace5dFCE132B991732c6Cda9bcC5B8a 0x98C1334496614aED49d2E81526D089f7264fED9C 0xcE412f988377e31F4d0fF12d74df73B51C42d0cA]" next.size=4 next.IsProposer=false
INFO [02-08|16:01:23.008] Imported new chain segment               blocks=1 txs=0 mgas=0.000 elapsed="417.583µs" mgasps=0.000  number=2572 hash=f43f38..6eeb3e dirty=2.22KiB
INFO [02-08|16:01:28.010] Imported new chain segment               blocks=1 txs=0 mgas=0.000 elapsed="751.584µs" mgasps=0.000  number=2573 hash=2198ad..2a41d0 dirty=2.22KiB
INFO [02-08|16:01:28.011] Commit new mining work                   number=2574 sealhash=6471a2..c844f6 uncles=0 txs=0 gas=0     fees=0 elapsed="208.459µs"
INFO [02-08|16:01:28.011] QBFT: start new round                    address=0xDF8b560be949C229C821731554C33EAD5E3888A4 old.round=0  old.sequence=2573 old.state="Accept request" old.proposer=0x93917cADBace5dFCE132B991732c6Cda9bcC5B8a next.round=0 next.seq=2574 next.proposer=0x98C1334496614aED49d2E81526D089f7264fED9C next.valSet="[0x27A97C9AaF04f18f3014c32e036dD0Ac76Da5f18 0x93917cADBace5dFCE132B991732c6Cda9bcC5B8a 0x98C1334496614aED49d2E81526D089f7264fED9C 0xcE412f988377e31F4d0fF12d74df73B51C42d0cA]" next.size=4 next.IsProposer=false
INFO [02-08|16:01:33.012] Imported new chain segment               blocks=1 txs=0 mgas=0.000 elapsed="857.875µs" mgasps=0.000  number=2574 hash=781eb9..e396a5 dirty=2.22KiB
INFO [02-08|16:01:33.012] QBFT: handle final committed             address=0xDF8b560be949C229C821731554C33EAD5E3888A4 current.round=0 current.sequence=2574 state="Accept request"
INFO [02-08|16:01:38.505] Imported new chain segment               blocks=1 txs=0 mgas=0.000 elapsed="268.5µs"   mgasps=0.000  number=2575 hash=e69faf..90dda2 dirty=2.22KiB
INFO [02-08|16:01:38.505] Commit new mining work                   number=2576 sealhash=049ca6..ffcf12 uncles=0 txs=0 gas=0     fees=0 elapsed="73.792µs"
INFO [02-08|16:01:43.514] Imported new chain segment               blocks=1 txs=0 mgas=0.000 elapsed="931.833µs" mgasps=0.000  number=2576 hash=914520..faca3d dirty=2.22KiB
INFO [02-08|16:01:53.005] Imported new chain segment               blocks=1 txs=0 mgas=0.000 elapsed="396.042µs" mgasps=0.000  number=2578 hash=c2e99f..0a49dc dirty=2.22KiB
INFO [02-08|16:01:58.010] Imported new chain segment               blocks=1 txs=0 mgas=0.000 elapsed="872µs"     mgasps=0.000  number=2579 hash=2c13a2..feaadb dirty=2.22KiB
WARN [02-08|16:01:58.011] Block sealing failed                     err=unauthorized
INFO [02-08|16:02:03.010] Imported new chain segment               blocks=1 txs=0 mgas=0.000 elapsed="827.875µs" mgasps=0.000  number=2580 hash=2f37ad..cd502a dirty=2.22KiB
WARN [02-08|16:02:08.004] Block sealing failed                     err=unauthorized
INFO [02-08|16:02:13.514] Imported new chain segment               blocks=1 txs=0 mgas=0.000 elapsed=1.480ms     mgasps=0.000  number=2582 hash=f3143e..bcc1bf dirty=2.22KiB
WARN [02-08|16:02:13.514] Block sealing failed                     err=unauthorized
INFO [02-08|16:02:13.515] QBFT: start new round                    address=0xDF8b560be949C229C821731554C33EAD5E3888A4 old.round=0  old.sequence=2582 old.state="Accept request" old.proposer=0x98C1334496614aED49d2E81526D089f7264fED9C next.round=0 next.seq=2583 next.proposer=0xcE412f988377e31F4d0fF12d74df73B51C42d0cA next.valSet="[0x27A97C9AaF04f18f3014c32e036dD0Ac76Da5f18 0x93917cADBace5dFCE132B991732c6Cda9bcC5B8a 0x98C1334496614aED49d2E81526D089f7264fED9C 0xcE412f988377e31F4d0fF12d74df73B51C42d0cA]" next.size=4 next.IsProposer=false
INFO [02-08|16:02:18.010] Imported new chain segment               blocks=1 txs=0 mgas=0.000 elapsed=1.192ms     mgasps=0.000  number=2583 hash=aafc46..3efa11 dirty=2.22KiB
INFO [02-08|16:02:18.011] QBFT: handle final committed             address=0xDF8b560be949C229C821731554C33EAD5E3888A4 current.round=0 current.sequence=2583 state="Accept request"
INFO [02-08|16:02:18.011] QBFT: initialize new round               address=0xDF8b560be949C229C821731554C33EAD5E3888A4 current.round=0 current.sequence=2583 target.round=0 lastProposal.number=2583 lastProposal.hash=aafc46..3efa11
INFO [02-08|16:02:23.012] Imported new chain segment               blocks=1 txs=0 mgas=0.000 elapsed="827.542µs" mgasps=0.000  number=2584 hash=c12bd6..301a56 dirty=2.22KiB
INFO [02-08|16:02:28.013] Imported new chain segment               blocks=1 txs=0 mgas=0.000 elapsed=1.290ms     mgasps=0.000  number=2585 hash=451811..f4649f dirty=2.22KiB
INFO [02-08|16:02:28.013] QBFT: handle final committed             address=0xDF8b560be949C229C821731554C33EAD5E3888A4 current.round=0 current.sequence=2585 state="Accept request"
INFO [02-08|16:02:28.013] QBFT: initialize new round               address=0xDF8b560be949C229C821731554C33EAD5E3888A4 current.round=0 current.sequence=2585 target.round=0 lastProposal.number=2585 lastProposal.hash=451811..f4649f
INFO [02-08|16:02:33.515] Imported new chain segment               blocks=1 txs=0 mgas=0.000 elapsed=1.342ms     mgasps=0.000  number=2586 hash=d03ed8..1f83ed dirty=2.22KiB
WARN [02-08|16:02:33.515] Block sealing failed                     err=unauthorized
INFO [02-08|16:02:38.011] QBFT: handle final committed             address=0xDF8b560be949C229C821731554C33EAD5E3888A4 current.round=0 current.sequence=2587 state="Accept request"
WARN [02-08|16:02:38.011] Block sealing failed                     err=unauthorized
INFO [02-08|16:02:43.012] QBFT: initialize new round               address=0xDF8b560be949C229C821731554C33EAD5E3888A4 current.round=0 current.sequence=2588 target.round=0 lastProposal.number=2588 lastProposal.hash=a74079..2f2716
INFO [02-08|16:02:48.009] Imported new chain segment               blocks=1 txs=0 mgas=0.000 elapsed="800.125µs" mgasps=0.000  number=2589 hash=6b13c1..3fa62c dirty=2.22KiB
INFO [02-08|16:02:48.010] Commit new mining work                   number=2590 sealhash=6f340b..eb9cba uncles=0 txs=0 gas=0     fees=0 elapsed="300.334µs"
INFO [02-08|16:02:48.010] QBFT: handle final committed             address=0xDF8b560be949C229C821731554C33EAD5E3888A4 current.round=0 current.sequence=2589 state="Accept request"
INFO [02-08|16:02:48.010] QBFT: initialize new round               address=0xDF8b560be949C229C821731554C33EAD5E3888A4 current.round=0 current.sequence=2589 target.round=0 lastProposal.number=2589 lastProposal.hash=6b13c1..3fa62c
INFO [02-08|16:02:53.015] Imported new chain segment               blocks=1 txs=0 mgas=0.000 elapsed="700.958µs" mgasps=0.000  number=2590 hash=e809a2..e09c74 dirty=2.22KiB
INFO [02-08|16:02:53.015] QBFT: handle final committed             address=0xDF8b560be949C229C821731554C33EAD5E3888A4 current.round=0 current.sequence=2590 state="Accept request"
INFO [02-08|16:02:53.015] QBFT: initialize new round               address=0xDF8b560be949C229C821731554C33EAD5E3888A4 current.round=0 current.sequence=2590 target.round=0 lastProposal.number=2590 lastProposal.hash=e809a2..e09c74
INFO [02-08|16:02:58.510] Imported new chain segment               blocks=1 txs=0 mgas=0.000 elapsed="444.042µs" mgasps=0.000  number=2591 hash=d032ca..6a3004 dirty=2.22KiB
INFO [02-08|16:02:58.510] Commit new mining work                   number=2592 sealhash=0fce9e..a1d3cc uncles=0 txs=0 gas=0     fees=0 elapsed="115.417µs"
INFO [02-08|16:03:03.015] Commit new mining work                   number=2593 sealhash=80c3ae..3b085a uncles=0 txs=0 gas=0     fees=0 elapsed="241.541µs"
INFO [02-08|16:03:03.015] QBFT: initialize new round               address=0xDF8b560be949C229C821731554C33EAD5E3888A4 current.round=0 current.sequence=2592 target.round=0 lastProposal.number=2592 lastProposal.hash=c9fe36..42db5d
INFO [02-08|16:03:08.003] Imported new chain segment               blocks=1 txs=0 mgas=0.000 elapsed="245.542µs" mgasps=0.000  number=2593 hash=836663..e8b044 dirty=2.22KiB
INFO [02-08|16:03:13.014] Commit new mining work                   number=2595 sealhash=f3bd92..c59bb8 uncles=0 txs=0 gas=0     fees=0 elapsed="295.584µs"
INFO [02-08|16:03:13.014] QBFT: initialize new round               address=0xDF8b560be949C229C821731554C33EAD5E3888A4 current.round=0 current.sequence=2594 target.round=0 lastProposal.number=2594 lastProposal.hash=e3dd96..fa7cda
INFO [02-08|16:03:18.516] Imported new chain segment               blocks=1 txs=0 mgas=0.000 elapsed="937.459µs" mgasps=0.000  number=2595 hash=6eec93..18cb21 dirty=2.22KiB
INFO [02-08|16:03:18.517] QBFT: start new round                    address=0xDF8b560be949C229C821731554C33EAD5E3888A4 old.round=0  old.sequence=2595 old.state="Accept request" old.proposer=0xcE412f988377e31F4d0fF12d74df73B51C42d0cA next.round=0 next.seq=2596 next.proposer=0x27A97C9AaF04f18f3014c32e036dD0Ac76Da5f18 next.valSet="[0x27A97C9AaF04f18f3014c32e036dD0Ac76Da5f18 0x93917cADBace5dFCE132B991732c6Cda9bcC5B8a 0x98C1334496614aED49d2E81526D089f7264fED9C 0xcE412f988377e31F4d0fF12d74df73B51C42d0cA]" next.size=4 next.IsProposer=false
INFO [02-08|16:03:23.012] Imported new chain segment               blocks=1 txs=0 mgas=0.000 elapsed=1.066ms     mgasps=0.000  number=2596 hash=cce2eb..de419f dirty=2.22KiB
INFO [02-08|16:03:23.013] Commit new mining work                   number=2597 sealhash=271c2e..480cc3 uncles=0 txs=0 gas=0     fees=0 elapsed="312.083µs"
INFO [02-08|16:03:23.013] QBFT: initialize new round               address=0xDF8b560be949C229C821731554C33EAD5E3888A4 current.round=0 current.sequence=2596 target.round=0 lastProposal.number=2596 lastProposal.hash=cce2eb..de419f
INFO [02-08|16:03:28.515] Imported new chain segment               blocks=1 txs=0 mgas=0.000 elapsed="989.667µs" mgasps=0.000  number=2597 hash=64a222..9fcc5a dirty=2.22KiB
INFO [02-08|16:03:33.011] Imported new chain segment               blocks=1 txs=0 mgas=0.000 elapsed=1.111ms     mgasps=0.000  number=2598 hash=42466e..09bb7a dirty=2.22KiB
INFO [02-08|16:03:33.012] QBFT: initialize new round               address=0xDF8b560be949C229C821731554C33EAD5E3888A4 current.round=0 current.sequence=2598 target.round=0 lastProposal.number=2598 lastProposal.hash=42466e..09bb7a
INFO [02-08|16:03:38.012] Imported new chain segment               blocks=1 txs=0 mgas=0.000 elapsed="831.417µs" mgasps=0.000  number=2599 hash=6e5916..7a3038 dirty=2.22KiB
INFO [02-08|16:03:38.012] QBFT: initialize new round               address=0xDF8b560be949C229C821731554C33EAD5E3888A4 current.round=0 current.sequence=2599 target.round=0 lastProposal.number=2599 lastProposal.hash=6e5916..7a3038
INFO [02-08|16:03:43.009] Imported new chain segment               blocks=1 txs=0 mgas=0.000 elapsed=1.139ms     mgasps=0.000  number=2600 hash=0f4e68..5b75bb dirty=2.22KiB
INFO [02-08|16:03:43.010] QBFT: start new round                    address=0xDF8b560be949C229C821731554C33EAD5E3888A4 old.round=0  old.sequence=2600 old.state="Accept request" old.proposer=0x27A97C9AaF04f18f3014c32e036dD0Ac76Da5f18 next.round=0 next.seq=2601 next.proposer=0x93917cADBace5dFCE132B991732c6Cda9bcC5B8a next.valSet="[0x27A97C9AaF04f18f3014c32e036dD0Ac76Da5f18 0x93917cADBace5dFCE132B991732c6Cda9bcC5B8a 0x98C1334496614aED49d2E81526D089f7264fED9C 0xcE412f988377e31F4d0fF12d74df73B51C42d0cA]" next.size=4 next.IsProposer=false
INFO [02-08|16:03:48.005] Imported new chain segment               blocks=1 txs=0 mgas=0.000 elapsed="345.792µs" mgasps=0.000  number=2601 hash=48799b..ab2e41 dirty=2.22KiB
INFO [02-08|16:03:48.005] Commit new mining work                   number=2602 sealhash=76775d..c0f507 uncles=0 txs=0 gas=0     fees=0 elapsed="72.875µs"
WARN [02-08|16:03:48.005] Block sealing failed                     err=unauthorized
INFO [02-08|16:03:48.005] QBFT: handle final committed             address=0xDF8b560be949C229C821731554C33EAD5E3888A4 current.round=0 current.sequence=2601 state="Accept request"
INFO [02-08|16:03:48.005] QBFT: initialize new round               address=0xDF8b560be949C229C821731554C33EAD5E3888A4 current.round=0 current.sequence=2601 target.round=0 lastProposal.number=2601 lastProposal.hash=48799b..ab2e41
INFO [02-08|16:03:48.005] QBFT: start new round                    address=0xDF8b560be949C229C821731554C33EAD5E3888A4 old.round=0  old.sequence=2601 old.state="Accept request" old.proposer=0x93917cADBace5dFCE132B991732c6Cda9bcC5B8a next.round=0 next.seq=2602 next.proposer=0x98C1334496614aED49d2E81526D089f7264fED9C next.valSet="[0x27A97C9AaF04f18f3014c32e036dD0Ac76Da5f18 0x93917cADBace5dFCE132B991732c6Cda9bcC5B8a 0x98C1334496614aED49d2E81526D089f7264fED9C 0xcE412f988377e31F4d0fF12d74df73B51C42d0cA]" next.size=4 next.IsProposer=false
WARN [02-08|16:03:50.187] Caller gas above allowance, capping      requested=700,000,000 cap=25,000,000
WARN [02-08|16:03:50.230] Served eth_maxPriorityFeePerGas          conn=172.18.0.2:46796 reqid=26 t="6.125µs" err="the method eth_maxPriorityFeePerGas does not exist/is not available"
INFO [02-08|16:03:50.251] Submitted transaction                    hash=0x0529537b1075aeb9e7e8a4052c3bfe1d4ba9c5db6c92d26eab42a87fbfd7a8a3 from=0xf0E2Db6C8dC6c681bB5D6aD121A107f300e9B2b5 nonce=4 recipient=0x68249ac64729F5e29f296ac0a670BDf9F6E6BeF9 value=0
INFO [02-08|16:03:50.251] QUORUM-CHECKPOINT                        name=TX-CREATED   tx=0x0529537b1075aeb9e7e8a4052c3bfe1d4ba9c5db6c92d26eab42a87fbfd7a8a3 to=0x68249ac64729F5e29f296ac0a670BDf9F6E6BeF9
INFO [02-08|16:03:53.005] Imported new chain segment               blocks=1 txs=1 mgas=0.096 elapsed="767.417µs" mgasps=125.470 number=2602 hash=b4a807..09463b dirty=4.87KiB
INFO [02-08|16:03:53.006] Commit new mining work                   number=2603 sealhash=973fac..a1d5e0 uncles=0 txs=0 gas=0     fees=0 elapsed="433.75µs"
INFO [02-08|16:03:58.510] Imported new chain segment               blocks=1 txs=0 mgas=0.000 elapsed=1.257ms     mgasps=0.000   number=2603 hash=582784..22ebfd dirty=4.87KiB
INFO [02-08|16:03:58.511] QBFT: handle final committed             address=0xDF8b560be949C229C821731554C33EAD5E3888A4 current.round=0 current.sequence=2603 state="Accept request"
INFO [02-08|16:04:03.009] Imported new chain segment               blocks=1 txs=0 mgas=0.000 elapsed=1.007ms     mgasps=0.000   number=2604 hash=7f8b2c..cb46f4 dirty=4.87KiB
INFO [02-08|16:04:08.506] Imported new chain segment               blocks=1 txs=0 mgas=0.000 elapsed="974.084µs" mgasps=0.000   number=2605 hash=849131..0585b0 dirty=4.87KiB
INFO [02-08|16:04:08.507] Commit new mining work                   number=2606 sealhash=2a330a..af92a2 uncles=0 txs=0 gas=0     fees=0 elapsed="223.833µs"
INFO [02-08|16:04:13.009] Imported new chain segment               blocks=1 txs=0 mgas=0.000 elapsed="751.666µs" mgasps=0.000   number=2606 hash=fa1212..639cef dirty=4.87KiB
INFO [02-08|16:04:13.009] QBFT: handle final committed             address=0xDF8b560be949C229C821731554C33EAD5E3888A4 current.round=0 current.sequence=2606 state="Accept request"
INFO [02-08|16:04:13.009] Commit new mining work                   number=2607 sealhash=f4b849..d175ea uncles=0 txs=0 gas=0     fees=0 elapsed="194.916µs"
INFO [02-08|16:04:13.009] QBFT: initialize new round               address=0xDF8b560be949C229C821731554C33EAD5E3888A4 current.round=0 current.sequence=2606 target.round=0 lastProposal.number=2606 lastProposal.hash=fa1212..639cef
INFO [02-08|16:04:18.514] Imported new chain segment               blocks=1 txs=0 mgas=0.000 elapsed=1.037ms     mgasps=0.000   number=2607 hash=cc1be5..170072 dirty=4.87KiB
INFO [02-08|16:04:18.515] QBFT: handle final committed             address=0xDF8b560be949C229C821731554C33EAD5E3888A4 current.round=0 current.sequence=2607 state="Accept request"
INFO [02-08|16:04:18.515] Commit new mining work                   number=2608 sealhash=f6b8ea..fbe922 uncles=0 txs=0 gas=0     fees=0 elapsed="253.458µs"
INFO [02-08|16:04:23.005] QBFT: start new round                    address=0xDF8b560be949C229C821731554C33EAD5E3888A4 old.round=0  old.sequence=2608 old.state="Accept request" old.proposer=0x27A97C9AaF04f18f3014c32e036dD0Ac76Da5f18 next.round=0 next.seq=2609 next.proposer=0x93917cADBace5dFCE132B991732c6Cda9bcC5B8a next.valSet="[0x27A97C9AaF04f18f3014c32e036dD0Ac76Da5f18 0x93917cADBace5dFCE132B991732c6Cda9bcC5B8a 0x98C1334496614aED49d2E81526D089f7264fED9C 0xcE412f988377e31F4d0fF12d74df73B51C42d0cA]" next.size=4 next.IsProposer=false
INFO [02-08|16:04:28.511] Imported new chain segment               blocks=1 txs=0 mgas=0.000 elapsed="595.334µs" mgasps=0.000   number=2609 hash=a66201..08c39a dirty=4.87KiB
WARN [02-08|16:04:28.512] Block sealing failed                     err=unauthorized
INFO [02-08|16:04:33.010] Imported new chain segment               blocks=1 txs=0 mgas=0.000 elapsed="625.584µs" mgasps=0.000   number=2610 hash=0ebb23..efd158 dirty=4.87KiB
WARN [02-08|16:04:33.010] Block sealing failed                     err=unauthorized
INFO [02-08|16:04:33.010] QBFT: start new round                    address=0xDF8b560be949C229C821731554C33EAD5E3888A4 old.round=0  old.sequence=2610 old.state="Accept request" old.proposer=0x98C1334496614aED49d2E81526D089f7264fED9C next.round=0 next.seq=2611 next.proposer=0xcE412f988377e31F4d0fF12d74df73B51C42d0cA next.valSet="[0x27A97C9AaF04f18f3014c32e036dD0Ac76Da5f18 0x93917cADBace5dFCE132B991732c6Cda9bcC5B8a 0x98C1334496614aED49d2E81526D089f7264fED9C 0xcE412f988377e31F4d0fF12d74df73B51C42d0cA]" next.size=4 next.IsProposer=false
WARN [02-08|16:04:38.011] Block sealing failed                     err=unauthorized
INFO [02-08|16:04:43.009] Imported new chain segment               blocks=1 txs=0 mgas=0.000 elapsed="631.833µs" mgasps=0.000   number=2612 hash=400e77..cf17b5 dirty=4.87KiB
WARN [02-08|16:04:43.009] Block sealing failed                     err=unauthorized
INFO [02-08|16:04:48.512] Imported new chain segment               blocks=1 txs=0 mgas=0.000 elapsed="983.375µs" mgasps=0.000   number=2613 hash=0dbb52..21a6a6 dirty=4.87KiB
INFO [02-08|16:04:48.513] Commit new mining work                   number=2614 sealhash=ae7bf7..b2e4f6 uncles=0 txs=0 gas=0     fees=0 elapsed="283.083µs"
INFO [02-08|16:04:48.513] QBFT: handle final committed             address=0xDF8b560be949C229C821731554C33EAD5E3888A4 current.round=0 current.sequence=2613 state="Accept request"
INFO [02-08|16:04:53.013] QBFT: handle final committed             address=0xDF8b560be949C229C821731554C33EAD5E3888A4 current.round=0 current.sequence=2614 state="Accept request"
INFO [02-08|16:04:58.010] Imported new chain segment               blocks=1 txs=0 mgas=0.000 elapsed="626.625µs" mgasps=0.000   number=2615 hash=3d0aa0..c3caba dirty=4.87KiB
INFO [02-08|16:04:58.011] Commit new mining work                   number=2616 sealhash=c28a9e..0d6355 uncles=0 txs=0 gas=0     fees=0 elapsed="214.167µs"
WARN [02-08|16:04:58.011] Block sealing failed                     err=unauthorized
INFO [02-08|16:04:58.011] QBFT: handle final committed             address=0xDF8b560be949C229C821731554C33EAD5E3888A4 current.round=0 current.sequence=2615 state="Accept request"
INFO [02-08|16:04:58.011] QBFT: initialize new round               address=0xDF8b560be949C229C821731554C33EAD5E3888A4 current.round=0 current.sequence=2615 target.round=0 lastProposal.number=2615 lastProposal.hash=3d0aa0..c3caba
INFO [02-08|16:04:58.011] QBFT: start new round                    address=0xDF8b560be949C229C821731554C33EAD5E3888A4 old.round=0  old.sequence=2615 old.state="Accept request" old.proposer=0xcE412f988377e31F4d0fF12d74df73B51C42d0cA next.round=0 next.seq=2616 next.proposer=0x27A97C9AaF04f18f3014c32e036dD0Ac76Da5f18 next.valSet="[0x27A97C9AaF04f18f3014c32e036dD0Ac76Da5f18 0x93917cADBace5dFCE132B991732c6Cda9bcC5B8a 0x98C1334496614aED49d2E81526D089f7264fED9C 0xcE412f988377e31F4d0fF12d74df73B51C42d0cA]" next.size=4 next.IsProposer=false
INFO [02-08|16:05:03.010] Imported new chain segment               blocks=1 txs=0 mgas=0.000 elapsed=1.269ms     mgasps=0.000   number=2616 hash=f13510..52b2a0 dirty=4.87KiB
INFO [02-08|16:05:03.010] QBFT: handle final committed             address=0xDF8b560be949C229C821731554C33EAD5E3888A4 current.round=0 current.sequence=2616 state="Accept request"
INFO [02-08|16:05:03.010] QBFT: initialize new round               address=0xDF8b560be949C229C821731554C33EAD5E3888A4 current.round=0 current.sequence=2616 target.round=0 lastProposal.number=2616 lastProposal.hash=f13510..52b2a0
INFO [02-08|16:05:08.004] Imported new chain segment               blocks=1 txs=0 mgas=0.000 elapsed="225.166µs" mgasps=0.000   number=2617 hash=ca4469..ca1312 dirty=4.87KiB
INFO [02-08|16:05:08.004] Commit new mining work                   number=2618 sealhash=41cdca..315f5c uncles=0 txs=0 gas=0     fees=0 elapsed="64.208µs"
INFO [02-08|16:05:13.011] Imported new chain segment               blocks=1 txs=0 mgas=0.000 elapsed="986.625µs" mgasps=0.000   number=2618 hash=0e0383..d27536 dirty=4.87KiB
INFO [02-08|16:05:13.011] Commit new mining work                   number=2619 sealhash=59e77c..1a59f3 uncles=0 txs=0 gas=0     fees=0 elapsed="210.5µs"
INFO [02-08|16:05:13.011] QBFT: initialize new round               address=0xDF8b560be949C229C821731554C33EAD5E3888A4 current.round=0 current.sequence=2618 target.round=0 lastProposal.number=2618 lastProposal.hash=0e0383..d27536
INFO [02-08|16:05:18.511] Imported new chain segment               blocks=1 txs=0 mgas=0.000 elapsed=1.387ms     mgasps=0.000   number=2619 hash=af84c2..ec2b9d dirty=4.87KiB
INFO [02-08|16:05:18.511] QBFT: handle final committed             address=0xDF8b560be949C229C821731554C33EAD5E3888A4 current.round=0 current.sequence=2619 state="Accept request"
INFO [02-08|16:05:23.004] Imported new chain segment               blocks=1 txs=0 mgas=0.000 elapsed="211.125µs" mgasps=0.000   number=2620 hash=55472f..ef18e1 dirty=4.87KiB
INFO [02-08|16:05:23.004] QBFT: handle final committed             address=0xDF8b560be949C229C821731554C33EAD5E3888A4 current.round=0 current.sequence=2620 state="Accept request"
INFO [02-08|16:05:28.513] Imported new chain segment               blocks=1 txs=0 mgas=0.000 elapsed=1.310ms     mgasps=0.000   number=2621 hash=ea1edb..370b06 dirty=4.87KiB
INFO [02-08|16:05:28.514] QBFT: handle final committed             address=0xDF8b560be949C229C821731554C33EAD5E3888A4 current.round=0 current.sequence=2621 state="Accept request"
INFO [02-08|16:05:33.011] Imported new chain segment               blocks=1 txs=0 mgas=0.000 elapsed="777.833µs" mgasps=0.000   number=2622 hash=88deec..fa019b dirty=4.87KiB
INFO [02-08|16:05:33.011] QBFT: handle final committed             address=0xDF8b560be949C229C821731554C33EAD5E3888A4 current.round=0 current.sequence=2622 state="Accept request"
INFO [02-08|16:05:38.011] Imported new chain segment               blocks=1 txs=0 mgas=0.000 elapsed="991.166µs" mgasps=0.000   number=2623 hash=f2b42a..bd2cbe dirty=4.87KiB
INFO [02-08|16:05:38.012] Commit new mining work                   number=2624 sealhash=845c9c..01dc98 uncles=0 txs=0 gas=0     fees=0 elapsed="294.583µs"
INFO [02-08|16:05:43.011] Imported new chain segment               blocks=1 txs=0 mgas=0.000 elapsed="840.875µs" mgasps=0.000   number=2624 hash=bbe45c..e73725 dirty=4.87KiB
INFO [02-08|16:05:48.010] QBFT: start new round                    address=0xDF8b560be949C229C821731554C33EAD5E3888A4 old.round=0  old.sequence=2625 old.state="Accept request" old.proposer=0x93917cADBace5dFCE132B991732c6Cda9bcC5B8a next.round=0 next.seq=2626 next.proposer=0x98C1334496614aED49d2E81526D089f7264fED9C next.valSet="[0x27A97C9AaF04f18f3014c32e036dD0Ac76Da5f18 0x93917cADBace5dFCE132B991732c6Cda9bcC5B8a 0x98C1334496614aED49d2E81526D089f7264fED9C 0xcE412f988377e31F4d0fF12d74df73B51C42d0cA]" next.size=4 next.IsProposer=false
INFO [02-08|16:05:53.520] Imported new chain segment               blocks=1 txs=0 mgas=0.000 elapsed="591.084µs" mgasps=0.000   number=2626 hash=30a0a2..1a4051 dirty=4.87KiB
INFO [02-08|16:05:58.014] Imported new chain segment               blocks=1 txs=0 mgas=0.000 elapsed="879.875µs" mgasps=0.000   number=2627 hash=576691..9f18ac dirty=4.87KiB
INFO [02-08|16:05:58.014] QBFT: initialize new round               address=0xDF8b560be949C229C821731554C33EAD5E3888A4 current.round=0 current.sequence=2627 target.round=0 lastProposal.number=2627 lastProposal.hash=576691..9f18ac
INFO [02-08|16:06:03.017] Imported new chain segment               blocks=1 txs=0 mgas=0.000 elapsed="789.833µs" mgasps=0.000   number=2628 hash=47b2be..639136 dirty=4.87KiB
INFO [02-08|16:06:08.004] Commit new mining work                   number=2630 sealhash=ea6708..f11880 uncles=0 txs=0 gas=0     fees=0 elapsed="57.958µs"
INFO [02-08|16:06:08.004] QBFT: handle final committed             address=0xDF8b560be949C229C821731554C33EAD5E3888A4 current.round=0 current.sequence=2629 state="Accept request"
INFO [02-08|16:06:08.004] QBFT: initialize new round               address=0xDF8b560be949C229C821731554C33EAD5E3888A4 current.round=0 current.sequence=2629 target.round=0 lastProposal.number=2629 lastProposal.hash=95fb2c..8d8dc2
INFO [02-08|16:06:13.011] Imported new chain segment               blocks=1 txs=0 mgas=0.000 elapsed=1.383ms     mgasps=0.000   number=2630 hash=57d3c8..205df5 dirty=4.87KiB
WARN [02-08|16:06:13.012] Block sealing failed                     err=unauthorized
INFO [02-08|16:06:13.012] QBFT: handle final committed             address=0xDF8b560be949C229C821731554C33EAD5E3888A4 current.round=0 current.sequence=2630 state="Accept request"
INFO [02-08|16:06:18.009] Imported new chain segment               blocks=1 txs=0 mgas=0.000 elapsed="669.708µs" mgasps=0.000   number=2631 hash=83f0a5..927b9b dirty=4.87KiB
INFO [02-08|16:06:18.009] Commit new mining work                   number=2632 sealhash=07fbda..f9179f uncles=0 txs=0 gas=0     fees=0 elapsed="211.958µs"
INFO [02-08|16:06:23.013] Imported new chain segment               blocks=1 txs=0 mgas=0.000 elapsed="842.875µs" mgasps=0.000   number=2632 hash=1822d0..7fe373 dirty=4.87KiB
INFO [02-08|16:06:23.013] QBFT: handle final committed             address=0xDF8b560be949C229C821731554C33EAD5E3888A4 current.round=0 current.sequence=2632 state="Accept request"
WARN [02-08|16:06:23.013] Block sealing failed                     err=unauthorized
INFO [02-08|16:06:28.011] Imported new chain segment               blocks=1 txs=0 mgas=0.000 elapsed="839.584µs" mgasps=0.000   number=2633 hash=ca7634..448e13 dirty=4.87KiB
INFO [02-08|16:06:28.011] Commit new mining work                   number=2634 sealhash=3255e4..a8e855 uncles=0 txs=0 gas=0     fees=0 elapsed="245.125µs"
INFO [02-08|16:06:28.011] QBFT: start new round                    address=0xDF8b560be949C229C821731554C33EAD5E3888A4 old.round=0  old.sequence=2633 old.state="Accept request" old.proposer=0x93917cADBace5dFCE132B991732c6Cda9bcC5B8a next.round=0 next.seq=2634 next.proposer=0x98C1334496614aED49d2E81526D089f7264fED9C next.valSet="[0x27A97C9AaF04f18f3014c32e036dD0Ac76Da5f18 0x93917cADBace5dFCE132B991732c6Cda9bcC5B8a 0x98C1334496614aED49d2E81526D089f7264fED9C 0xcE412f988377e31F4d0fF12d74df73B51C42d0cA]" next.size=4 next.IsProposer=false
INFO [02-08|16:06:33.011] Imported new chain segment               blocks=1 txs=0 mgas=0.000 elapsed="840.083µs" mgasps=0.000   number=2634 hash=49cba6..a7662d dirty=4.87KiB
INFO [02-08|16:06:33.012] QBFT: initialize new round               address=0xDF8b560be949C229C821731554C33EAD5E3888A4 current.round=0 current.sequence=2634 target.round=0 lastProposal.number=2634 lastProposal.hash=49cba6..a7662d
INFO [02-08|16:06:33.012] QBFT: start new round                    address=0xDF8b560be949C229C821731554C33EAD5E3888A4 old.round=0  old.sequence=2634 old.state="Accept request" old.proposer=0x98C1334496614aED49d2E81526D089f7264fED9C next.round=0 next.seq=2635 next.proposer=0xcE412f988377e31F4d0fF12d74df73B51C42d0cA next.valSet="[0x27A97C9AaF04f18f3014c32e036dD0Ac76Da5f18 0x93917cADBace5dFCE132B991732c6Cda9bcC5B8a 0x98C1334496614aED49d2E81526D089f7264fED9C 0xcE412f988377e31F4d0fF12d74df73B51C42d0cA]" next.size=4 next.IsProposer=false
INFO [02-08|16:06:38.014] Imported new chain segment               blocks=1 txs=0 mgas=0.000 elapsed=1.027ms     mgasps=0.000   number=2635 hash=c79729..5a5fb4 dirty=4.87KiB
INFO [02-08|16:06:38.015] Commit new mining work                   number=2636 sealhash=730cf0..538eb0 uncles=0 txs=0 gas=0     fees=0 elapsed="210.584µs"
INFO [02-08|16:06:38.015] QBFT: start new round                    address=0xDF8b560be949C229C821731554C33EAD5E3888A4 old.round=0  old.sequence=2635 old.state="Accept request" old.proposer=0xcE412f988377e31F4d0fF12d74df73B51C42d0cA next.round=0 next.seq=2636 next.proposer=0x27A97C9AaF04f18f3014c32e036dD0Ac76Da5f18 next.valSet="[0x27A97C9AaF04f18f3014c32e036dD0Ac76Da5f18 0x93917cADBace5dFCE132B991732c6Cda9bcC5B8a 0x98C1334496614aED49d2E81526D089f7264fED9C 0xcE412f988377e31F4d0fF12d74df73B51C42d0cA]" next.size=4 next.IsProposer=false
WARN [02-08|16:06:43.006] Block sealing failed                     err=unauthorized
INFO [02-08|16:06:48.011] Imported new chain segment               blocks=1 txs=0 mgas=0.000 elapsed="721.208µs" mgasps=0.000   number=2637 hash=182619..43d90f dirty=4.87KiB
INFO [02-08|16:06:48.011] QBFT: handle final committed             address=0xDF8b560be949C229C821731554C33EAD5E3888A4 current.round=0 current.sequence=2637 state="Accept request"
INFO [02-08|16:06:48.011] QBFT: initialize new round               address=0xDF8b560be949C229C821731554C33EAD5E3888A4 current.round=0 current.sequence=2637 target.round=0 lastProposal.number=2637 lastProposal.hash=182619..43d90f
INFO [02-08|16:06:53.517] Imported new chain segment               blocks=1 txs=0 mgas=0.000 elapsed=1.049ms     mgasps=0.000   number=2638 hash=45eab4..27500f dirty=4.87KiB
INFO [02-08|16:06:53.517] Commit new mining work                   number=2639 sealhash=d09253..649e77 uncles=0 txs=0 gas=0     fees=0 elapsed="345.5µs"
WARN [02-08|16:06:58.008] Block sealing failed                     err=unauthorized
INFO [02-08|16:07:03.013] Commit new mining work                   number=2641 sealhash=95ca8e..23a7dc uncles=0 txs=0 gas=0     fees=0 elapsed="554.042µs"
INFO [02-08|16:07:08.004] Imported new chain segment               blocks=1 txs=0 mgas=0.000 elapsed="228.25µs"  mgasps=0.000   number=2641 hash=5c212b..b105f6 dirty=4.87KiB
INFO [02-08|16:07:08.004] QBFT: handle final committed             address=0xDF8b560be949C229C821731554C33EAD5E3888A4 current.round=0 current.sequence=2641 state="Accept request"
INFO [02-08|16:07:13.511] Imported new chain segment               blocks=1 txs=0 mgas=0.000 elapsed=1.002ms     mgasps=0.000   number=2642 hash=0a4cca..07787d dirty=4.87KiB
INFO [02-08|16:07:13.512] QBFT: handle final committed             address=0xDF8b560be949C229C821731554C33EAD5E3888A4 current.round=0 current.sequence=2642 state="Accept request"
INFO [02-08|16:07:13.512] QBFT: start new round                    address=0xDF8b560be949C229C821731554C33EAD5E3888A4 old.round=0  old.sequence=2642 old.state="Accept request" old.proposer=0x98C1334496614aED49d2E81526D089f7264fED9C next.round=0 next.seq=2643 next.proposer=0xcE412f988377e31F4d0fF12d74df73B51C42d0cA next.valSet="[0x27A97C9AaF04f18f3014c32e036dD0Ac76Da5f18 0x93917cADBace5dFCE132B991732c6Cda9bcC5B8a 0x98C1334496614aED49d2E81526D089f7264fED9C 0xcE412f988377e31F4d0fF12d74df73B51C42d0cA]" next.size=4 next.IsProposer=false
INFO [02-08|16:07:18.009] Imported new chain segment               blocks=1 txs=0 mgas=0.000 elapsed="741.625µs" mgasps=0.000   number=2643 hash=832376..f251ee dirty=4.87KiB
INFO [02-08|16:07:23.513] Imported new chain segment               blocks=1 txs=0 mgas=0.000 elapsed=1.028ms     mgasps=0.000   number=2644 hash=8201e8..658590 dirty=4.87KiB
INFO [02-08|16:07:23.513] QBFT: start new round                    address=0xDF8b560be949C229C821731554C33EAD5E3888A4 old.round=0  old.sequence=2644 old.state="Accept request" old.proposer=0x27A97C9AaF04f18f3014c32e036dD0Ac76Da5f18 next.round=0 next.seq=2645 next.proposer=0x93917cADBace5dFCE132B991732c6Cda9bcC5B8a next.valSet="[0x27A97C9AaF04f18f3014c32e036dD0Ac76Da5f18 0x93917cADBace5dFCE132B991732c6Cda9bcC5B8a 0x98C1334496614aED49d2E81526D089f7264fED9C 0xcE412f988377e31F4d0fF12d74df73B51C42d0cA]" next.size=4 next.IsProposer=false
INFO [02-08|16:07:28.513] Imported new chain segment               blocks=1 txs=0 mgas=0.000 elapsed="873.167µs" mgasps=0.000   number=2645 hash=97189b..1d032f dirty=4.87KiB
INFO [02-08|16:07:28.513] QBFT: handle final committed             address=0xDF8b560be949C229C821731554C33EAD5E3888A4 current.round=0 current.sequence=2645 state="Accept request"
INFO [02-08|16:07:28.513] QBFT: start new round                    address=0xDF8b560be949C229C821731554C33EAD5E3888A4 old.round=0  old.sequence=2645 old.state="Accept request" old.proposer=0x93917cADBace5dFCE132B991732c6Cda9bcC5B8a next.round=0 next.seq=2646 next.proposer=0x98C1334496614aED49d2E81526D089f7264fED9C next.valSet="[0x27A97C9AaF04f18f3014c32e036dD0Ac76Da5f18 0x93917cADBace5dFCE132B991732c6Cda9bcC5B8a 0x98C1334496614aED49d2E81526D089f7264fED9C 0xcE412f988377e31F4d0fF12d74df73B51C42d0cA]" next.size=4 next.IsProposer=false
INFO [02-08|16:07:33.010] Imported new chain segment               blocks=1 txs=0 mgas=0.000 elapsed=1.073ms     mgasps=0.000   number=2646 hash=8edd4b..5555a2 dirty=4.87KiB
INFO [02-08|16:07:33.010] Commit new mining work                   number=2647 sealhash=dbbc61..5b1aba uncles=0 txs=0 gas=0     fees=0 elapsed="203.584µs"
INFO [02-08|16:07:38.513] Imported new chain segment               blocks=1 txs=0 mgas=0.000 elapsed=1.016ms     mgasps=0.000   number=2647 hash=06b549..e92eb4 dirty=4.87KiB
WARN [02-08|16:07:38.513] Block sealing failed                     err=unauthorized
INFO [02-08|16:07:43.011] Imported new chain segment               blocks=1 txs=0 mgas=0.000 elapsed="868.917µs" mgasps=0.000   number=2648 hash=191316..b2e252 dirty=4.87KiB
WARN [02-08|16:07:43.012] Block sealing failed                     err=unauthorized
INFO [02-08|16:07:48.011] Imported new chain segment               blocks=1 txs=0 mgas=0.000 elapsed="808.25µs"  mgasps=0.000   number=2649 hash=ee058b..175ab1 dirty=4.87KiB
INFO [02-08|16:07:48.012] Commit new mining work                   number=2650 sealhash=473899..914eb4 uncles=0 txs=0 gas=0     fees=0 elapsed="264.333µs"
INFO [02-08|16:07:53.010] Imported new chain segment               blocks=1 txs=0 mgas=0.000 elapsed="861.583µs" mgasps=0.000   number=2650 hash=225b4b..d8f532 dirty=4.87KiB
INFO [02-08|16:07:53.010] QBFT: handle final committed             address=0xDF8b560be949C229C821731554C33EAD5E3888A4 current.round=0 current.sequence=2650 state="Accept request"
INFO [02-08|16:07:58.010] Imported new chain segment               blocks=1 txs=0 mgas=0.000 elapsed=1.011ms     mgasps=0.000   number=2651 hash=77274e..24a718 dirty=4.87KiB
INFO [02-08|16:07:58.011] QBFT: handle final committed             address=0xDF8b560be949C229C821731554C33EAD5E3888A4 current.round=0 current.sequence=2651 state="Accept request"
INFO [02-08|16:07:58.011] QBFT: initialize new round               address=0xDF8b560be949C229C821731554C33EAD5E3888A4 current.round=0 current.sequence=2651 target.round=0 lastProposal.number=2651 lastProposal.hash=77274e..24a718
INFO [02-08|16:08:03.520] Imported new chain segment               blocks=1 txs=0 mgas=0.000 elapsed=1.007ms     mgasps=0.000   number=2652 hash=2f6f91..35ae5c dirty=4.87KiB
INFO [02-08|16:08:03.520] Commit new mining work                   number=2653 sealhash=d321a3..cb53d5 uncles=0 txs=0 gas=0     fees=0 elapsed="209.25µs"
INFO [02-08|16:08:03.520] QBFT: start new round                    address=0xDF8b560be949C229C821731554C33EAD5E3888A4 old.round=0  old.sequence=2652 old.state="Accept request" old.proposer=0x27A97C9AaF04f18f3014c32e036dD0Ac76Da5f18 next.round=0 next.seq=2653 next.proposer=0x93917cADBace5dFCE132B991732c6Cda9bcC5B8a next.valSet="[0x27A97C9AaF04f18f3014c32e036dD0Ac76Da5f18 0x93917cADBace5dFCE132B991732c6Cda9bcC5B8a 0x98C1334496614aED49d2E81526D089f7264fED9C 0xcE412f988377e31F4d0fF12d74df73B51C42d0cA]" next.size=4 next.IsProposer=false
INFO [02-08|16:08:08.004] QBFT: handle final committed             address=0xDF8b560be949C229C821731554C33EAD5E3888A4 current.round=0 current.sequence=2653 state="Accept request"
INFO [02-08|16:08:13.513] Imported new chain segment               blocks=1 txs=0 mgas=0.000 elapsed="857.167µs" mgasps=0.000   number=2654 hash=a71159..f2be56 dirty=4.87KiB
INFO [02-08|16:08:13.514] QBFT: start new round                    address=0xDF8b560be949C229C821731554C33EAD5E3888A4 old.round=0  old.sequence=2654 old.state="Accept request" old.proposer=0x98C1334496614aED49d2E81526D089f7264fED9C next.round=0 next.seq=2655 next.proposer=0xcE412f988377e31F4d0fF12d74df73B51C42d0cA next.valSet="[0x27A97C9AaF04f18f3014c32e036dD0Ac76Da5f18 0x93917cADBace5dFCE132B991732c6Cda9bcC5B8a 0x98C1334496614aED49d2E81526D089f7264fED9C 0xcE412f988377e31F4d0fF12d74df73B51C42d0cA]" next.size=4 next.IsProposer=false
INFO [02-08|16:08:18.013] Imported new chain segment               blocks=1 txs=0 mgas=0.000 elapsed="866.625µs" mgasps=0.000   number=2655 hash=0d24fe..903c72 dirty=4.87KiB
INFO [02-08|16:08:18.014] Commit new mining work                   number=2656 sealhash=bbec2f..580684 uncles=0 txs=0 gas=0     fees=0 elapsed="262.708µs"
INFO [02-08|16:08:18.014] QBFT: handle final committed             address=0xDF8b560be949C229C821731554C33EAD5E3888A4 current.round=0 current.sequence=2655 state="Accept request"
INFO [02-08|16:08:23.011] Imported new chain segment               blocks=1 txs=0 mgas=0.000 elapsed="983µs"     mgasps=0.000   number=2656 hash=4ebe62..92e146 dirty=4.87KiB
INFO [02-08|16:08:23.011] QBFT: handle final committed             address=0xDF8b560be949C229C821731554C33EAD5E3888A4 current.round=0 current.sequence=2656 state="Accept request"
INFO [02-08|16:08:28.012] Imported new chain segment               blocks=1 txs=0 mgas=0.000 elapsed="817.459µs" mgasps=0.000   number=2657 hash=f07663..ccbee5 dirty=4.87KiB
INFO [02-08|16:08:28.013] QBFT: handle final committed             address=0xDF8b560be949C229C821731554C33EAD5E3888A4 current.round=0 current.sequence=2657 state="Accept request"
INFO [02-08|16:08:33.514] Imported new chain segment               blocks=1 txs=0 mgas=0.000 elapsed="505.375µs" mgasps=0.000   number=2658 hash=d3650e..7ca368 dirty=4.87KiB
INFO [02-08|16:08:33.514] QBFT: initialize new round               address=0xDF8b560be949C229C821731554C33EAD5E3888A4 current.round=0 current.sequence=2658 target.round=0 lastProposal.number=2658 lastProposal.hash=d3650e..7ca368
INFO [02-08|16:08:43.515] Imported new chain segment               blocks=1 txs=0 mgas=0.000 elapsed=1.020ms     mgasps=0.000   number=2660 hash=28640e..dc875f dirty=4.87KiB
INFO [02-08|16:08:53.016] Imported new chain segment               blocks=1 txs=0 mgas=0.000 elapsed="907.75µs"  mgasps=0.000   number=2662 hash=7115ff..7884eb dirty=4.87KiB
INFO [02-08|16:08:58.012] Imported new chain segment               blocks=1 txs=0 mgas=0.000 elapsed="968.583µs" mgasps=0.000   number=2663 hash=74f089..d99c2f dirty=4.87KiB
INFO [02-08|16:08:58.013] Commit new mining work                   number=2664 sealhash=33f22e..3f9cf8 uncles=0 txs=0 gas=0     fees=0 elapsed="306.334µs"
INFO [02-08|16:09:03.005] QBFT: handle final committed             address=0xDF8b560be949C229C821731554C33EAD5E3888A4 current.round=0 current.sequence=2664 state="Accept request"
INFO [02-08|16:09:03.005] QBFT: initialize new round               address=0xDF8b560be949C229C821731554C33EAD5E3888A4 current.round=0 current.sequence=2664 target.round=0 lastProposal.number=2664 lastProposal.hash=bdc808..5a266b
INFO [02-08|16:09:13.010] Imported new chain segment               blocks=1 txs=0 mgas=0.000 elapsed="613.709µs" mgasps=0.000   number=2666 hash=effdfd..c96189 dirty=4.87KiB
WARN [02-08|16:09:13.010] Block sealing failed                     err=unauthorized
INFO [02-08|16:09:13.010] QBFT: handle final committed             address=0xDF8b560be949C229C821731554C33EAD5E3888A4 current.round=0 current.sequence=2666 state="Accept request"
INFO [02-08|16:09:13.010] QBFT: initialize new round               address=0xDF8b560be949C229C821731554C33EAD5E3888A4 current.round=0 current.sequence=2666 target.round=0 lastProposal.number=2666 lastProposal.hash=effdfd..c96189
INFO [02-08|16:09:18.012] Imported new chain segment               blocks=1 txs=0 mgas=0.000 elapsed="775.209µs" mgasps=0.000   number=2667 hash=849e7a..7d787d dirty=4.87KiB
INFO [02-08|16:09:18.013] Commit new mining work                   number=2668 sealhash=62ba3b..1f3612 uncles=0 txs=0 gas=0     fees=0 elapsed="231.125µs"
INFO [02-08|16:09:28.013] Imported new chain segment               blocks=1 txs=0 mgas=0.000 elapsed="817.625µs" mgasps=0.000   number=2669 hash=4544ba..f00237 dirty=4.87KiB
INFO [02-08|16:09:28.013] Commit new mining work                   number=2670 sealhash=b1d8dd..f0abde uncles=0 txs=0 gas=0     fees=0 elapsed="219.917µs"
INFO [02-08|16:09:28.014] QBFT: initialize new round               address=0xDF8b560be949C229C821731554C33EAD5E3888A4 current.round=0 current.sequence=2669 target.round=0 lastProposal.number=2669 lastProposal.hash=4544ba..f00237
INFO [02-08|16:09:33.013] Imported new chain segment               blocks=1 txs=0 mgas=0.000 elapsed="988.5µs"   mgasps=0.000   number=2670 hash=a13584..c79014 dirty=4.87KiB
INFO [02-08|16:09:33.014] Commit new mining work                   number=2671 sealhash=8694cd..7e63d6 uncles=0 txs=0 gas=0     fees=0 elapsed="242.583µs"
INFO [02-08|16:09:38.005] Imported new chain segment               blocks=1 txs=0 mgas=0.000 elapsed="427.375µs" mgasps=0.000   number=2671 hash=db75f5..98f07d dirty=4.87KiB
INFO [02-08|16:09:43.517] Imported new chain segment               blocks=1 txs=0 mgas=0.000 elapsed=1.153ms     mgasps=0.000   number=2672 hash=f0f201..3a79d7 dirty=4.87KiB
INFO [02-08|16:09:43.517] QBFT: handle final committed             address=0xDF8b560be949C229C821731554C33EAD5E3888A4 current.round=0 current.sequence=2672 state="Accept request"
INFO [02-08|16:09:43.517] QBFT: start new round                    address=0xDF8b560be949C229C821731554C33EAD5E3888A4 old.round=0  old.sequence=2672 old.state="Accept request" old.proposer=0x27A97C9AaF04f18f3014c32e036dD0Ac76Da5f18 next.round=0 next.seq=2673 next.proposer=0x93917cADBace5dFCE132B991732c6Cda9bcC5B8a next.valSet="[0x27A97C9AaF04f18f3014c32e036dD0Ac76Da5f18 0x93917cADBace5dFCE132B991732c6Cda9bcC5B8a 0x98C1334496614aED49d2E81526D089f7264fED9C 0xcE412f988377e31F4d0fF12d74df73B51C42d0cA]" next.size=4 next.IsProposer=false
INFO [02-08|16:09:48.525] Imported new chain segment               blocks=1 txs=0 mgas=0.000 elapsed=1.088ms     mgasps=0.000   number=2673 hash=af65d9..3e83d1 dirty=4.87KiB
INFO [02-08|16:09:48.525] QBFT: handle final committed             address=0xDF8b560be949C229C821731554C33EAD5E3888A4 current.round=0 current.sequence=2673 state="Accept request"
INFO [02-08|16:09:48.525] Commit new mining work                   number=2674 sealhash=fa931b..7a45a9 uncles=0 txs=0 gas=0     fees=0 elapsed="358.083µs"
INFO [02-08|16:09:53.013] Imported new chain segment               blocks=1 txs=0 mgas=0.000 elapsed="946.959µs" mgasps=0.000   number=2674 hash=790cf0..a61f83 dirty=4.87KiB
INFO [02-08|16:09:53.014] QBFT: start new round                    address=0xDF8b560be949C229C821731554C33EAD5E3888A4 old.round=0  old.sequence=2674 old.state="Accept request" old.proposer=0x98C1334496614aED49d2E81526D089f7264fED9C next.round=0 next.seq=2675 next.proposer=0xcE412f988377e31F4d0fF12d74df73B51C42d0cA next.valSet="[0x27A97C9AaF04f18f3014c32e036dD0Ac76Da5f18 0x93917cADBace5dFCE132B991732c6Cda9bcC5B8a 0x98C1334496614aED49d2E81526D089f7264fED9C 0xcE412f988377e31F4d0fF12d74df73B51C42d0cA]" next.size=4 next.IsProposer=false
WARN [02-08|16:09:53.014] Block sealing failed                     err=unauthorized
INFO [02-08|16:09:58.006] Imported new chain segment               blocks=1 txs=0 mgas=0.000 elapsed="356.167µs" mgasps=0.000   number=2675 hash=d2c4b4..78f623 dirty=4.87KiB
INFO [02-08|16:09:58.006] Commit new mining work                   number=2676 sealhash=d0cea1..e6411a uncles=0 txs=0 gas=0     fees=0 elapsed="90.791µs"
INFO [02-08|16:10:03.011] Imported new chain segment               blocks=1 txs=0 mgas=0.000 elapsed="832.209µs" mgasps=0.000   number=2676 hash=56977a..efa582 dirty=4.87KiB
WARN [02-08|16:10:08.002] Block sealing failed                     err=unauthorized
INFO [02-08|16:10:08.003] QBFT: start new round                    address=0xDF8b560be949C229C821731554C33EAD5E3888A4 old.round=0  old.sequence=2677 old.state="Accept request" old.proposer=0x93917cADBace5dFCE132B991732c6Cda9bcC5B8a next.round=0 next.seq=2678 next.proposer=0x98C1334496614aED49d2E81526D089f7264fED9C next.valSet="[0x27A97C9AaF04f18f3014c32e036dD0Ac76Da5f18 0x93917cADBace5dFCE132B991732c6Cda9bcC5B8a 0x98C1334496614aED49d2E81526D089f7264fED9C 0xcE412f988377e31F4d0fF12d74df73B51C42d0cA]" next.size=4 next.IsProposer=false
INFO [02-08|16:10:13.518] Imported new chain segment               blocks=1 txs=0 mgas=0.000 elapsed=1.002ms     mgasps=0.000   number=2678 hash=e2b76a..5b673f dirty=4.87KiB
INFO [02-08|16:10:13.519] QBFT: initialize new round               address=0xDF8b560be949C229C821731554C33EAD5E3888A4 current.round=0 current.sequence=2678 target.round=0 lastProposal.number=2678 lastProposal.hash=e2b76a..5b673f
INFO [02-08|16:10:18.010] Imported new chain segment               blocks=1 txs=0 mgas=0.000 elapsed="723.292µs" mgasps=0.000   number=2679 hash=02cdfe..287556 dirty=4.87KiB
INFO [02-08|16:10:23.012] Commit new mining work                   number=2681 sealhash=3fe517..f29e2f uncles=0 txs=0 gas=0     fees=0 elapsed="435.5µs"
INFO [02-08|16:10:28.012] Imported new chain segment               blocks=1 txs=0 mgas=0.000 elapsed="793.166µs" mgasps=0.000   number=2681 hash=9f70dc..c1f322 dirty=4.87KiB
WARN [02-08|16:10:28.012] Block sealing failed                     err=unauthorized
INFO [02-08|16:10:33.511] Imported new chain segment               blocks=1 txs=0 mgas=0.000 elapsed=1.303ms     mgasps=0.000   number=2682 hash=e5619c..47e05c dirty=4.87KiB
WARN [02-08|16:10:37.011] Caller gas above allowance, capping      requested=700,000,000 cap=25,000,000
WARN [02-08|16:10:37.061] Served eth_maxPriorityFeePerGas          conn=172.18.0.2:34484 reqid=44 t="8.375µs" err="the method eth_maxPriorityFeePerGas does not exist/is not available"
INFO [02-08|16:10:38.514] Imported new chain segment               blocks=1 txs=0 mgas=0.000 elapsed=1.155ms     mgasps=0.000   number=2683 hash=4bc978..57baa2 dirty=4.87KiB
INFO [02-08|16:10:38.515] Commit new mining work                   number=2684 sealhash=92f0a0..d6e740 uncles=0 txs=0 gas=0     fees=0 elapsed="290.833µs"
INFO [02-08|16:10:38.515] QUORUM-CHECKPOINT                        name=TX-COMPLETED tx=0x9ac2e216b511e828e001f870e528d503fea34157cb12ed71b8848b38c8ddecfa time="340.792µs"
INFO [02-08|16:10:43.011] Imported new chain segment               blocks=1 txs=1 mgas=0.096 elapsed=1.602ms     mgasps=60.072  number=2684 hash=717c33..3c084b dirty=7.98KiB
INFO [02-08|16:10:43.012] QBFT: start new round                    address=0xDF8b560be949C229C821731554C33EAD5E3888A4 old.round=0  old.sequence=2684 old.state="Accept request" old.proposer=0x27A97C9AaF04f18f3014c32e036dD0Ac76Da5f18 next.round=0 next.seq=2685 next.proposer=0x93917cADBace5dFCE132B991732c6Cda9bcC5B8a next.valSet="[0x27A97C9AaF04f18f3014c32e036dD0Ac76Da5f18 0x93917cADBace5dFCE132B991732c6Cda9bcC5B8a 0x98C1334496614aED49d2E81526D089f7264fED9C 0xcE412f988377e31F4d0fF12d74df73B51C42d0cA]" next.size=4 next.IsProposer=false
WARN [02-08|16:10:43.012] Block sealing failed                     err=unauthorized
INFO [02-08|16:10:48.007] Imported new chain segment               blocks=1 txs=0 mgas=0.000 elapsed="297.541µs" mgasps=0.000   number=2685 hash=b59bd9..b02647 dirty=7.98KiB
INFO [02-08|16:10:48.007] Commit new mining work                   number=2686 sealhash=afc5bc..2f1556 uncles=0 txs=0 gas=0     fees=0 elapsed="85.417µs"
INFO [02-08|16:10:48.007] QBFT: handle final committed             address=0xDF8b560be949C229C821731554C33EAD5E3888A4 current.round=0 current.sequence=2685 state="Accept request"
INFO [02-08|16:10:48.007] QBFT: initialize new round               address=0xDF8b560be949C229C821731554C33EAD5E3888A4 current.round=0 current.sequence=2685 target.round=0 lastProposal.number=2685 lastProposal.hash=b59bd9..b02647
INFO [02-08|16:10:53.012] Imported new chain segment               blocks=1 txs=0 mgas=0.000 elapsed=1.022ms     mgasps=0.000   number=2686 hash=f58b79..99cbc9 dirty=7.98KiB
WARN [02-08|16:10:53.013] Block sealing failed                     err=unauthorized
INFO [02-08|16:10:58.011] Imported new chain segment               blocks=1 txs=0 mgas=0.000 elapsed="857.208µs" mgasps=0.000   number=2687 hash=0e7b89..871500 dirty=7.98KiB
INFO [02-08|16:10:58.012] QBFT: initialize new round               address=0xDF8b560be949C229C821731554C33EAD5E3888A4 current.round=0 current.sequence=2687 target.round=0 lastProposal.number=2687 lastProposal.hash=0e7b89..871500
INFO [02-08|16:11:08.003] Imported new chain segment               blocks=1 txs=0 mgas=0.000 elapsed="638.083µs" mgasps=0.000   number=2689 hash=ff22a9..39af53 dirty=7.98KiB
INFO [02-08|16:11:13.003] QBFT: start new round                    address=0xDF8b560be949C229C821731554C33EAD5E3888A4 old.round=0  old.sequence=2690 old.state="Accept request" old.proposer=0x98C1334496614aED49d2E81526D089f7264fED9C next.round=0 next.seq=2691 next.proposer=0xcE412f988377e31F4d0fF12d74df73B51C42d0cA next.valSet="[0x27A97C9AaF04f18f3014c32e036dD0Ac76Da5f18 0x93917cADBace5dFCE132B991732c6Cda9bcC5B8a 0x98C1334496614aED49d2E81526D089f7264fED9C 0xcE412f988377e31F4d0fF12d74df73B51C42d0cA]" next.size=4 next.IsProposer=false
WARN [02-08|16:11:13.004] Block sealing failed                     err=unauthorized
INFO [02-08|16:11:18.003] Imported new chain segment               blocks=1 txs=0 mgas=0.000 elapsed="365.125µs" mgasps=0.000   number=2691 hash=52faa5..f0a428 dirty=7.98KiB
INFO [02-08|16:11:18.004] QBFT: start new round                    address=0xDF8b560be949C229C821731554C33EAD5E3888A4 old.round=0  old.sequence=2691 old.state="Accept request" old.proposer=0xcE412f988377e31F4d0fF12d74df73B51C42d0cA next.round=0 next.seq=2692 next.proposer=0x27A97C9AaF04f18f3014c32e036dD0Ac76Da5f18 next.valSet="[0x27A97C9AaF04f18f3014c32e036dD0Ac76Da5f18 0x93917cADBace5dFCE132B991732c6Cda9bcC5B8a 0x98C1334496614aED49d2E81526D089f7264fED9C 0xcE412f988377e31F4d0fF12d74df73B51C42d0cA]" next.size=4 next.IsProposer=false
INFO [02-08|16:11:23.030] Commit new mining work                   number=2693 sealhash=e52d58..3b950d uncles=0 txs=0 gas=0     fees=0 elapsed=2.640ms
INFO [02-08|16:11:28.514] Imported new chain segment               blocks=1 txs=0 mgas=0.000 elapsed=1.102ms     mgasps=0.000   number=2693 hash=dfd5a7..06e3ac dirty=7.98KiB
INFO [02-08|16:11:28.515] Commit new mining work                   number=2694 sealhash=12ec59..af8c5d uncles=0 txs=0 gas=0     fees=0 elapsed="312.042µs"
INFO [02-08|16:11:28.515] QBFT: start new round                    address=0xDF8b560be949C229C821731554C33EAD5E3888A4 old.round=0  old.sequence=2693 old.state="Accept request" old.proposer=0x93917cADBace5dFCE132B991732c6Cda9bcC5B8a next.round=0 next.seq=2694 next.proposer=0x98C1334496614aED49d2E81526D089f7264fED9C next.valSet="[0x27A97C9AaF04f18f3014c32e036dD0Ac76Da5f18 0x93917cADBace5dFCE132B991732c6Cda9bcC5B8a 0x98C1334496614aED49d2E81526D089f7264fED9C 0xcE412f988377e31F4d0fF12d74df73B51C42d0cA]" next.size=4 next.IsProposer=false
INFO [02-08|16:11:33.013] QBFT: initialize new round               address=0xDF8b560be949C229C821731554C33EAD5E3888A4 current.round=0 current.sequence=2694 target.round=0 lastProposal.number=2694 lastProposal.hash=713927..21327a
WARN [02-08|16:11:33.013] Block sealing failed                     err=unauthorized
INFO [02-08|16:11:38.010] Imported new chain segment               blocks=1 txs=0 mgas=0.000 elapsed="888.042µs" mgasps=0.000   number=2695 hash=adacda..f658e1 dirty=7.98KiB
INFO [02-08|16:11:38.010] QBFT: initialize new round               address=0xDF8b560be949C229C821731554C33EAD5E3888A4 current.round=0 current.sequence=2695 target.round=0 lastProposal.number=2695 lastProposal.hash=adacda..f658e1
INFO [02-08|16:11:43.010] Imported new chain segment               blocks=1 txs=0 mgas=0.000 elapsed="883.791µs" mgasps=0.000   number=2696 hash=3826c0..c8080c dirty=7.98KiB
INFO [02-08|16:11:43.010] Commit new mining work                   number=2697 sealhash=e7d126..0d0244 uncles=0 txs=0 gas=0     fees=0 elapsed="290.166µs"
WARN [02-08|16:11:43.010] Block sealing failed                     err=unauthorized
INFO [02-08|16:11:48.009] Imported new chain segment               blocks=1 txs=0 mgas=0.000 elapsed=1.395ms     mgasps=0.000   number=2697 hash=0e001a..e4a098 dirty=7.98KiB
INFO [02-08|16:11:48.009] Commit new mining work                   number=2698 sealhash=ec3960..f5acce uncles=0 txs=0 gas=0     fees=0 elapsed="87.917µs"
WARN [02-08|16:11:48.009] Block sealing failed                     err=unauthorized
INFO [02-08|16:11:48.009] QBFT: handle final committed             address=0xDF8b560be949C229C821731554C33EAD5E3888A4 current.round=0 current.sequence=2697 state="Accept request"
INFO [02-08|16:11:48.009] QBFT: initialize new round               address=0xDF8b560be949C229C821731554C33EAD5E3888A4 current.round=0 current.sequence=2697 target.round=0 lastProposal.number=2697 lastProposal.hash=0e001a..e4a098
INFO [02-08|16:11:48.009] QBFT: start new round                    address=0xDF8b560be949C229C821731554C33EAD5E3888A4 old.round=0  old.sequence=2697 old.state="Accept request" old.proposer=0x93917cADBace5dFCE132B991732c6Cda9bcC5B8a next.round=0 next.seq=2698 next.proposer=0x98C1334496614aED49d2E81526D089f7264fED9C next.valSet="[0x27A97C9AaF04f18f3014c32e036dD0Ac76Da5f18 0x93917cADBace5dFCE132B991732c6Cda9bcC5B8a 0x98C1334496614aED49d2E81526D089f7264fED9C 0xcE412f988377e31F4d0fF12d74df73B51C42d0cA]" next.size=4 next.IsProposer=false
INFO [02-08|16:11:53.006] Imported new chain segment               blocks=1 txs=0 mgas=0.000 elapsed="458.417µs" mgasps=0.000   number=2698 hash=155fa4..df2ea5 dirty=7.98KiB
INFO [02-08|16:11:58.011] Imported new chain segment               blocks=1 txs=0 mgas=0.000 elapsed="545.625µs" mgasps=0.000   number=2699 hash=4e16c4..91ed87 dirty=7.98KiB
INFO [02-08|16:11:58.011] QBFT: handle final committed             address=0xDF8b560be949C229C821731554C33EAD5E3888A4 current.round=0 current.sequence=2699 state="Accept request"
INFO [02-08|16:12:03.010] Imported new chain segment               blocks=1 txs=0 mgas=0.000 elapsed="814.167µs" mgasps=0.000   number=2700 hash=a6453e..64430f dirty=7.98KiB
WARN [02-08|16:12:03.011] Block sealing failed                     err=unauthorized
INFO [02-08|16:12:03.011] QBFT: handle final committed             address=0xDF8b560be949C229C821731554C33EAD5E3888A4 current.round=0 current.sequence=2700 state="Accept request"
INFO [02-08|16:12:03.011] QBFT: start new round                    address=0xDF8b560be949C229C821731554C33EAD5E3888A4 old.round=0  old.sequence=2700 old.state="Accept request" old.proposer=0x27A97C9AaF04f18f3014c32e036dD0Ac76Da5f18 next.round=0 next.seq=2701 next.proposer=0x93917cADBace5dFCE132B991732c6Cda9bcC5B8a next.valSet="[0x27A97C9AaF04f18f3014c32e036dD0Ac76Da5f18 0x93917cADBace5dFCE132B991732c6Cda9bcC5B8a 0x98C1334496614aED49d2E81526D089f7264fED9C 0xcE412f988377e31F4d0fF12d74df73B51C42d0cA]" next.size=4 next.IsProposer=false
INFO [02-08|16:12:08.003] Imported new chain segment               blocks=1 txs=0 mgas=0.000 elapsed="234.792µs" mgasps=0.000   number=2701 hash=f05257..0c8396 dirty=7.98KiB
INFO [02-08|16:12:13.014] QBFT: handle final committed             address=0xDF8b560be949C229C821731554C33EAD5E3888A4 current.round=0 current.sequence=2702 state="Accept request"
INFO [02-08|16:12:18.515] Imported new chain segment               blocks=1 txs=0 mgas=0.000 elapsed=1.065ms     mgasps=0.000   number=2703 hash=b8a6eb..5d0a7c dirty=7.98KiB
INFO [02-08|16:12:18.516] Commit new mining work                   number=2704 sealhash=b2e1c4..32e8cd uncles=0 txs=0 gas=0     fees=0 elapsed="270.375µs"
INFO [02-08|16:12:18.516] QBFT: handle final committed             address=0xDF8b560be949C229C821731554C33EAD5E3888A4 current.round=0 current.sequence=2703 state="Accept request"
INFO [02-08|16:12:23.012] QBFT: handle final committed             address=0xDF8b560be949C229C821731554C33EAD5E3888A4 current.round=0 current.sequence=2704 state="Accept request"
INFO [02-08|16:12:33.516] Imported new chain segment               blocks=1 txs=0 mgas=0.000 elapsed="892.542µs" mgasps=0.000   number=2706 hash=263147..02565d dirty=7.98KiB
INFO [02-08|16:12:38.012] Imported new chain segment               blocks=1 txs=0 mgas=0.000 elapsed="902.458µs" mgasps=0.000   number=2707 hash=5e045b..3eadc1 dirty=7.98KiB
INFO [02-08|16:12:38.012] Commit new mining work                   number=2708 sealhash=0f1fff..2832f4 uncles=0 txs=0 gas=0     fees=0 elapsed="254.666µs"
INFO [02-08|16:12:43.515] Imported new chain segment               blocks=1 txs=0 mgas=0.000 elapsed="999.917µs" mgasps=0.000   number=2708 hash=e06cbd..1059c0 dirty=7.98KiB
WARN [02-08|16:12:43.516] Block sealing failed                     err=unauthorized
INFO [02-08|16:12:48.004] Imported new chain segment               blocks=1 txs=0 mgas=0.000 elapsed="232.625µs" mgasps=0.000   number=2709 hash=4a1d80..e35a40 dirty=7.98KiB
INFO [02-08|16:12:53.007] Imported new chain segment               blocks=1 txs=0 mgas=0.000 elapsed="481.542µs" mgasps=0.000   number=2710 hash=399f02..83bec7 dirty=7.98KiB
INFO [02-08|16:12:53.008] Commit new mining work                   number=2711 sealhash=0c81a3..8c8b74 uncles=0 txs=0 gas=0     fees=0 elapsed="161.292µs"
INFO [02-08|16:12:58.516] Imported new chain segment               blocks=1 txs=0 mgas=0.000 elapsed=1.019ms     mgasps=0.000   number=2711 hash=abad33..014b92 dirty=7.98KiB
INFO [02-08|16:12:58.516] Commit new mining work                   number=2712 sealhash=19fd0e..7b0c75 uncles=0 txs=0 gas=0     fees=0 elapsed="256.916µs"
INFO [02-08|16:12:58.517] QBFT: handle final committed             address=0xDF8b560be949C229C821731554C33EAD5E3888A4 current.round=0 current.sequence=2711 state="Accept request"
INFO [02-08|16:13:03.010] Imported new chain segment               blocks=1 txs=0 mgas=0.000 elapsed="843.458µs" mgasps=0.000   number=2712 hash=1908a9..ae7e3e dirty=7.98KiB
INFO [02-08|16:13:08.004] Imported new chain segment               blocks=1 txs=0 mgas=0.000 elapsed="272.542µs" mgasps=0.000   number=2713 hash=72b12c..89fd99 dirty=7.98KiB
INFO [02-08|16:13:08.004] Commit new mining work                   number=2714 sealhash=57ec26..d9185c uncles=0 txs=0 gas=0     fees=0 elapsed="80.542µs"
INFO [02-08|16:13:08.005] QBFT: handle final committed             address=0xDF8b560be949C229C821731554C33EAD5E3888A4 current.round=0 current.sequence=2713 state="Accept request"
INFO [02-08|16:13:08.005] QBFT: initialize new round               address=0xDF8b560be949C229C821731554C33EAD5E3888A4 current.round=0 current.sequence=2713 target.round=0 lastProposal.number=2713 lastProposal.hash=72b12c..89fd99
INFO [02-08|16:13:13.012] Commit new mining work                   number=2715 sealhash=a744ab..f361c5 uncles=0 txs=0 gas=0     fees=0 elapsed="403.458µs"
INFO [02-08|16:13:18.010] Imported new chain segment               blocks=1 txs=0 mgas=0.000 elapsed="928.792µs" mgasps=0.000   number=2715 hash=b0a1f7..2d589a dirty=7.98KiB
INFO [02-08|16:13:23.515] Imported new chain segment               blocks=1 txs=0 mgas=0.000 elapsed="586.208µs" mgasps=0.000   number=2716 hash=da4309..6919b9 dirty=7.98KiB
INFO [02-08|16:13:28.015] Imported new chain segment               blocks=1 txs=0 mgas=0.000 elapsed="911.125µs" mgasps=0.000   number=2717 hash=2748f7..a9f906 dirty=7.98KiB
INFO [02-08|16:13:28.016] Commit new mining work                   number=2718 sealhash=ac569e..44d901 uncles=0 txs=0 gas=0     fees=0 elapsed="235.458µs"
INFO [02-08|16:13:28.016] QBFT: initialize new round               address=0xDF8b560be949C229C821731554C33EAD5E3888A4 current.round=0 current.sequence=2717 target.round=0 lastProposal.number=2717 lastProposal.hash=2748f7..a9f906
INFO [02-08|16:13:28.016] QBFT: start new round                    address=0xDF8b560be949C229C821731554C33EAD5E3888A4 old.round=0  old.sequence=2717 old.state="Accept request" old.proposer=0x93917cADBace5dFCE132B991732c6Cda9bcC5B8a next.round=0 next.seq=2718 next.proposer=0x98C1334496614aED49d2E81526D089f7264fED9C next.valSet="[0x27A97C9AaF04f18f3014c32e036dD0Ac76Da5f18 0x93917cADBace5dFCE132B991732c6Cda9bcC5B8a 0x98C1334496614aED49d2E81526D089f7264fED9C 0xcE412f988377e31F4d0fF12d74df73B51C42d0cA]" next.size=4 next.IsProposer=false
INFO [02-08|16:13:33.015] Imported new chain segment               blocks=1 txs=0 mgas=0.000 elapsed=2.124ms     mgasps=0.000   number=2718 hash=90ddb5..ca77fd dirty=7.98KiB
WARN [02-08|16:13:33.016] Block sealing failed                     err=unauthorized
INFO [02-08|16:13:33.016] QBFT: handle final committed             address=0xDF8b560be949C229C821731554C33EAD5E3888A4 current.round=0 current.sequence=2718 state="Accept request"
INFO [02-08|16:13:33.016] QBFT: start new round                    address=0xDF8b560be949C229C821731554C33EAD5E3888A4 old.round=0  old.sequence=2718 old.state="Accept request" old.proposer=0x98C1334496614aED49d2E81526D089f7264fED9C next.round=0 next.seq=2719 next.proposer=0xcE412f988377e31F4d0fF12d74df73B51C42d0cA next.valSet="[0x27A97C9AaF04f18f3014c32e036dD0Ac76Da5f18 0x93917cADBace5dFCE132B991732c6Cda9bcC5B8a 0x98C1334496614aED49d2E81526D089f7264fED9C 0xcE412f988377e31F4d0fF12d74df73B51C42d0cA]" next.size=4 next.IsProposer=false
INFO [02-08|16:13:38.010] Imported new chain segment               blocks=1 txs=0 mgas=0.000 elapsed=1.400ms     mgasps=0.000   number=2719 hash=b4730a..9b7b80 dirty=7.98KiB
WARN [02-08|16:13:38.011] Block sealing failed                     err=unauthorized
INFO [02-08|16:13:43.515] Imported new chain segment               blocks=1 txs=0 mgas=0.000 elapsed=1.255ms     mgasps=0.000   number=2720 hash=d8967b..2afee2 dirty=7.98KiB
INFO [02-08|16:13:48.514] Imported new chain segment               blocks=1 txs=0 mgas=0.000 elapsed=1.098ms     mgasps=0.000   number=2721 hash=b49fdf..9a038d dirty=7.98KiB
WARN [02-08|16:13:48.514] Block sealing failed                     err=unauthorized
INFO [02-08|16:13:53.514] Imported new chain segment               blocks=1 txs=0 mgas=0.000 elapsed=1.017ms     mgasps=0.000   number=2722 hash=1899d3..aa0262 dirty=7.98KiB
INFO [02-08|16:13:58.514] Imported new chain segment               blocks=1 txs=0 mgas=0.000 elapsed=1.079ms     mgasps=0.000   number=2723 hash=49c3c8..5e2384 dirty=7.98KiB
INFO [02-08|16:14:03.013] Imported new chain segment               blocks=1 txs=0 mgas=0.000 elapsed="885.625µs" mgasps=0.000   number=2724 hash=485bcf..a73f60 dirty=7.98KiB
INFO [02-08|16:14:03.014] Commit new mining work                   number=2725 sealhash=468525..97e0d2 uncles=0 txs=0 gas=0     fees=0 elapsed="309.458µs"
INFO [02-08|16:14:03.014] QBFT: handle final committed             address=0xDF8b560be949C229C821731554C33EAD5E3888A4 current.round=0 current.sequence=2724 state="Accept request"
INFO [02-08|16:14:03.014] QBFT: initialize new round               address=0xDF8b560be949C229C821731554C33EAD5E3888A4 current.round=0 current.sequence=2724 target.round=0 lastProposal.number=2724 lastProposal.hash=485bcf..a73f60
INFO [02-08|16:14:03.014] QBFT: start new round                    address=0xDF8b560be949C229C821731554C33EAD5E3888A4 old.round=0  old.sequence=2724 old.state="Accept request" old.proposer=0x27A97C9AaF04f18f3014c32e036dD0Ac76Da5f18 next.round=0 next.seq=2725 next.proposer=0x93917cADBace5dFCE132B991732c6Cda9bcC5B8a next.valSet="[0x27A97C9AaF04f18f3014c32e036dD0Ac76Da5f18 0x93917cADBace5dFCE132B991732c6Cda9bcC5B8a 0x98C1334496614aED49d2E81526D089f7264fED9C 0xcE412f988377e31F4d0fF12d74df73B51C42d0cA]" next.size=4 next.IsProposer=false
INFO [02-08|16:14:08.009] Imported new chain segment               blocks=1 txs=0 mgas=0.000 elapsed="218.542µs" mgasps=0.000   number=2725 hash=4f1513..08ce7f dirty=7.98KiB
INFO [02-08|16:14:08.009] Commit new mining work                   number=2726 sealhash=aee47c..1723eb uncles=0 txs=0 gas=0     fees=0 elapsed="70.75µs"
WARN [02-08|16:14:08.009] Block sealing failed                     err=unauthorized
INFO [02-08|16:14:08.009] QBFT: handle final committed             address=0xDF8b560be949C229C821731554C33EAD5E3888A4 current.round=0 current.sequence=2725 state="Accept request"
INFO [02-08|16:14:08.009] QBFT: initialize new round               address=0xDF8b560be949C229C821731554C33EAD5E3888A4 current.round=0 current.sequence=2725 target.round=0 lastProposal.number=2725 lastProposal.hash=4f1513..08ce7f
INFO [02-08|16:14:08.009] QBFT: start new round                    address=0xDF8b560be949C229C821731554C33EAD5E3888A4 old.round=0  old.sequence=2725 old.state="Accept request" old.proposer=0x93917cADBace5dFCE132B991732c6Cda9bcC5B8a next.round=0 next.seq=2726 next.proposer=0x98C1334496614aED49d2E81526D089f7264fED9C next.valSet="[0x27A97C9AaF04f18f3014c32e036dD0Ac76Da5f18 0x93917cADBace5dFCE132B991732c6Cda9bcC5B8a 0x98C1334496614aED49d2E81526D089f7264fED9C 0xcE412f988377e31F4d0fF12d74df73B51C42d0cA]" next.size=4 next.IsProposer=false
INFO [02-08|16:14:13.011] Imported new chain segment               blocks=1 txs=0 mgas=0.000 elapsed="990.917µs" mgasps=0.000   number=2726 hash=1ecba3..ca79ea dirty=7.98KiB
INFO [02-08|16:14:13.011] QBFT: initialize new round               address=0xDF8b560be949C229C821731554C33EAD5E3888A4 current.round=0 current.sequence=2726 target.round=0 lastProposal.number=2726 lastProposal.hash=1ecba3..ca79ea
INFO [02-08|16:14:13.011] QBFT: start new round                    address=0xDF8b560be949C229C821731554C33EAD5E3888A4 old.round=0  old.sequence=2726 old.state="Accept request" old.proposer=0x98C1334496614aED49d2E81526D089f7264fED9C next.round=0 next.seq=2727 next.proposer=0xcE412f988377e31F4d0fF12d74df73B51C42d0cA next.valSet="[0x27A97C9AaF04f18f3014c32e036dD0Ac76Da5f18 0x93917cADBace5dFCE132B991732c6Cda9bcC5B8a 0x98C1334496614aED49d2E81526D089f7264fED9C 0xcE412f988377e31F4d0fF12d74df73B51C42d0cA]" next.size=4 next.IsProposer=false
INFO [02-08|16:14:18.011] Imported new chain segment               blocks=1 txs=0 mgas=0.000 elapsed="827µs"     mgasps=0.000   number=2727 hash=5bdeae..96dfe7 dirty=7.98KiB
INFO [02-08|16:14:18.012] QBFT: handle final committed             address=0xDF8b560be949C229C821731554C33EAD5E3888A4 current.round=0 current.sequence=2727 state="Accept request"
INFO [02-08|16:14:18.012] QBFT: start new round                    address=0xDF8b560be949C229C821731554C33EAD5E3888A4 old.round=0  old.sequence=2727 old.state="Accept request" old.proposer=0xcE412f988377e31F4d0fF12d74df73B51C42d0cA next.round=0 next.seq=2728 next.proposer=0x27A97C9AaF04f18f3014c32e036dD0Ac76Da5f18 next.valSet="[0x27A97C9AaF04f18f3014c32e036dD0Ac76Da5f18 0x93917cADBace5dFCE132B991732c6Cda9bcC5B8a 0x98C1334496614aED49d2E81526D089f7264fED9C 0xcE412f988377e31F4d0fF12d74df73B51C42d0cA]" next.size=4 next.IsProposer=false
INFO [02-08|16:14:23.011] Imported new chain segment               blocks=1 txs=0 mgas=0.000 elapsed="779.125µs" mgasps=0.000   number=2728 hash=8be4fa..0e58ef dirty=7.98KiB
INFO [02-08|16:14:23.012] Commit new mining work                   number=2729 sealhash=21050d..587105 uncles=0 txs=0 gas=0     fees=0 elapsed="330.625µs"
WARN [02-08|16:14:23.012] Block sealing failed                     err=unauthorized
INFO [02-08|16:14:28.011] Imported new chain segment               blocks=1 txs=0 mgas=0.000 elapsed="837.625µs" mgasps=0.000   number=2729 hash=b00601..ee6e5a dirty=6.13KiB
INFO [02-08|16:14:28.011] QBFT: initialize new round               address=0xDF8b560be949C229C821731554C33EAD5E3888A4 current.round=0 current.sequence=2729 target.round=0 lastProposal.number=2729 lastProposal.hash=b00601..ee6e5a
INFO [02-08|16:14:33.008] Imported new chain segment               blocks=1 txs=0 mgas=0.000 elapsed="907.833µs" mgasps=0.000   number=2730 hash=c5ef87..b0acd4 dirty=6.13KiB
INFO [02-08|16:14:33.009] QBFT: handle final committed             address=0xDF8b560be949C229C821731554C33EAD5E3888A4 current.round=0 current.sequence=2730 state="Accept request"
INFO [02-08|16:14:33.009] QBFT: initialize new round               address=0xDF8b560be949C229C821731554C33EAD5E3888A4 current.round=0 current.sequence=2730 target.round=0 lastProposal.number=2730 lastProposal.hash=c5ef87..b0acd4
INFO [02-08|16:14:33.009] QBFT: start new round                    address=0xDF8b560be949C229C821731554C33EAD5E3888A4 old.round=0  old.sequence=2730 old.state="Accept request" old.proposer=0x98C1334496614aED49d2E81526D089f7264fED9C next.round=0 next.seq=2731 next.proposer=0xcE412f988377e31F4d0fF12d74df73B51C42d0cA next.valSet="[0x27A97C9AaF04f18f3014c32e036dD0Ac76Da5f18 0x93917cADBace5dFCE132B991732c6Cda9bcC5B8a 0x98C1334496614aED49d2E81526D089f7264fED9C 0xcE412f988377e31F4d0fF12d74df73B51C42d0cA]" next.size=4 next.IsProposer=false
INFO [02-08|16:14:38.012] Commit new mining work                   number=2732 sealhash=c0f714..e288e8 uncles=0 txs=0 gas=0     fees=0 elapsed="274.167µs"
INFO [02-08|16:14:43.011] Imported new chain segment               blocks=1 txs=0 mgas=0.000 elapsed="865µs"     mgasps=0.000   number=2732 hash=ee117b..4befc5 dirty=6.13KiB
INFO [02-08|16:14:48.012] Imported new chain segment               blocks=1 txs=0 mgas=0.000 elapsed="835.708µs" mgasps=0.000   number=2733 hash=84a6d7..22ca57 dirty=6.13KiB
INFO [02-08|16:14:48.012] Commit new mining work                   number=2734 sealhash=904c9e..d93d61 uncles=0 txs=0 gas=0     fees=0 elapsed="234.625µs"
WARN [02-08|16:14:53.019] Block sealing failed                     err=unauthorized
INFO [02-08|16:14:53.019] QBFT: initialize new round               address=0xDF8b560be949C229C821731554C33EAD5E3888A4 current.round=0 current.sequence=2734 target.round=0 lastProposal.number=2734 lastProposal.hash=702bd7..d6f52b
INFO [02-08|16:14:58.010] Imported new chain segment               blocks=1 txs=0 mgas=0.000 elapsed="810.625µs" mgasps=0.000   number=2735 hash=4a7676..84a391 dirty=6.13KiB
INFO [02-08|16:14:58.011] Commit new mining work                   number=2736 sealhash=8a9d22..a392b5 uncles=0 txs=0 gas=0     fees=0 elapsed="284.875µs"
INFO [02-08|16:15:03.516] Imported new chain segment               blocks=1 txs=0 mgas=0.000 elapsed="975.292µs" mgasps=0.000   number=2736 hash=6e8d4e..882547 dirty=6.13KiB
INFO [02-08|16:15:08.004] Imported new chain segment               blocks=1 txs=0 mgas=0.000 elapsed="240.125µs" mgasps=0.000   number=2737 hash=ceab4e..03d801 dirty=6.13KiB
INFO [02-08|16:15:08.004] QBFT: initialize new round               address=0xDF8b560be949C229C821731554C33EAD5E3888A4 current.round=0 current.sequence=2737 target.round=0 lastProposal.number=2737 lastProposal.hash=ceab4e..03d801
INFO [02-08|16:15:13.008] Imported new chain segment               blocks=1 txs=0 mgas=0.000 elapsed="837.5µs"   mgasps=0.000   number=2738 hash=ac7016..dd90e0 dirty=6.13KiB
INFO [02-08|16:15:18.011] Imported new chain segment               blocks=1 txs=0 mgas=0.000 elapsed="938.792µs" mgasps=0.000   number=2739 hash=5be6dd..1729cd dirty=6.13KiB
INFO [02-08|16:15:23.011] Imported new chain segment               blocks=1 txs=0 mgas=0.000 elapsed="922.916µs" mgasps=0.000   number=2740 hash=aed446..79a7a6 dirty=6.13KiB
INFO [02-08|16:15:23.012] QBFT: handle final committed             address=0xDF8b560be949C229C821731554C33EAD5E3888A4 current.round=0 current.sequence=2740 state="Accept request"
INFO [02-08|16:15:28.514] Imported new chain segment               blocks=1 txs=0 mgas=0.000 elapsed="961.042µs" mgasps=0.000   number=2741 hash=24e29e..39fe54 dirty=6.13KiB
INFO [02-08|16:15:28.514] Commit new mining work                   number=2742 sealhash=9f8a94..d67289 uncles=0 txs=0 gas=0     fees=0 elapsed="280.25µs"
INFO [02-08|16:15:28.514] QBFT: start new round                    address=0xDF8b560be949C229C821731554C33EAD5E3888A4 old.round=0  old.sequence=2741 old.state="Accept request" old.proposer=0x93917cADBace5dFCE132B991732c6Cda9bcC5B8a next.round=0 next.seq=2742 next.proposer=0x98C1334496614aED49d2E81526D089f7264fED9C next.valSet="[0x27A97C9AaF04f18f3014c32e036dD0Ac76Da5f18 0x93917cADBace5dFCE132B991732c6Cda9bcC5B8a 0x98C1334496614aED49d2E81526D089f7264fED9C 0xcE412f988377e31F4d0fF12d74df73B51C42d0cA]" next.size=4 next.IsProposer=false
INFO [02-08|16:15:33.512] Imported new chain segment               blocks=1 txs=0 mgas=0.000 elapsed=1.228ms     mgasps=0.000   number=2742 hash=bd2531..c9b1a9 dirty=6.13KiB
INFO [02-08|16:15:38.513] Imported new chain segment               blocks=1 txs=0 mgas=0.000 elapsed="322.458µs" mgasps=0.000   number=2743 hash=f170cb..7437f9 dirty=6.13KiB
INFO [02-08|16:15:38.513] QBFT: start new round                    address=0xDF8b560be949C229C821731554C33EAD5E3888A4 old.round=0  old.sequence=2743 old.state="Accept request" old.proposer=0xcE412f988377e31F4d0fF12d74df73B51C42d0cA next.round=0 next.seq=2744 next.proposer=0x27A97C9AaF04f18f3014c32e036dD0Ac76Da5f18 next.valSet="[0x27A97C9AaF04f18f3014c32e036dD0Ac76Da5f18 0x93917cADBace5dFCE132B991732c6Cda9bcC5B8a 0x98C1334496614aED49d2E81526D089f7264fED9C 0xcE412f988377e31F4d0fF12d74df73B51C42d0cA]" next.size=4 next.IsProposer=false
INFO [02-08|16:15:43.510] Imported new chain segment               blocks=1 txs=0 mgas=0.000 elapsed="284.292µs" mgasps=0.000   number=2744 hash=54b0b8..a78203 dirty=6.13KiB
INFO [02-08|16:15:48.011] Imported new chain segment               blocks=1 txs=0 mgas=0.000 elapsed="855.625µs" mgasps=0.000   number=2745 hash=0d0a81..4930e3 dirty=6.13KiB
INFO [02-08|16:15:53.005] Imported new chain segment               blocks=1 txs=0 mgas=0.000 elapsed="628.625µs" mgasps=0.000   number=2746 hash=e22898..863592 dirty=6.13KiB
INFO [02-08|16:15:53.005] QBFT: start new round                    address=0xDF8b560be949C229C821731554C33EAD5E3888A4 old.round=0  old.sequence=2746 old.state="Accept request" old.proposer=0x98C1334496614aED49d2E81526D089f7264fED9C next.round=0 next.seq=2747 next.proposer=0xcE412f988377e31F4d0fF12d74df73B51C42d0cA next.valSet="[0x27A97C9AaF04f18f3014c32e036dD0Ac76Da5f18 0x93917cADBace5dFCE132B991732c6Cda9bcC5B8a 0x98C1334496614aED49d2E81526D089f7264fED9C 0xcE412f988377e31F4d0fF12d74df73B51C42d0cA]" next.size=4 next.IsProposer=false
INFO [02-08|16:15:58.010] Imported new chain segment               blocks=1 txs=0 mgas=0.000 elapsed="886.542µs" mgasps=0.000   number=2747 hash=0a58cb..e8321e dirty=6.13KiB
INFO [02-08|16:16:03.517] Imported new chain segment               blocks=1 txs=0 mgas=0.000 elapsed=1.109ms     mgasps=0.000   number=2748 hash=e9457d..6197bb dirty=6.13KiB
INFO [02-08|16:16:03.518] Commit new mining work                   number=2749 sealhash=e13f21..cb446f uncles=0 txs=0 gas=0     fees=0 elapsed="241.709µs"
INFO [02-08|16:16:08.005] Imported new chain segment               blocks=1 txs=0 mgas=0.000 elapsed="250.333µs" mgasps=0.000   number=2749 hash=d4790d..01d31a dirty=6.13KiB
INFO [02-08|16:16:13.006] Imported new chain segment               blocks=1 txs=0 mgas=0.000 elapsed="413.334µs" mgasps=0.000   number=2750 hash=6737bd..4c5967 dirty=6.13KiB
INFO [02-08|16:16:13.006] Commit new mining work                   number=2751 sealhash=6d0594..38c978 uncles=0 txs=0 gas=0     fees=0 elapsed="119.334µs"
INFO [02-08|16:16:18.004] Imported new chain segment               blocks=1 txs=0 mgas=0.000 elapsed="297.583µs" mgasps=0.000   number=2751 hash=fab1b4..85dfab dirty=6.13KiB
INFO [02-08|16:16:23.513] Imported new chain segment               blocks=1 txs=0 mgas=0.000 elapsed=1.623ms     mgasps=0.000   number=2752 hash=59499c..b0e6d9 dirty=6.13KiB
INFO [02-08|16:16:28.514] Imported new chain segment               blocks=1 txs=0 mgas=0.000 elapsed="988.875µs" mgasps=0.000   number=2753 hash=763b21..3584da dirty=6.13KiB
WARN [02-08|16:16:28.515] Block sealing failed                     err=unauthorized
INFO [02-08|16:16:38.010] Imported new chain segment               blocks=1 txs=0 mgas=0.000 elapsed="904.458µs" mgasps=0.000   number=2755 hash=0cab59..7734cd dirty=6.13KiB
INFO [02-08|16:16:38.012] QBFT: handle final committed             address=0xDF8b560be949C229C821731554C33EAD5E3888A4 current.round=0 current.sequence=2755 state="Accept request"
INFO [02-08|16:16:38.012] Commit new mining work                   number=2756 sealhash=9503ed..14ef4e uncles=0 txs=0 gas=0     fees=0 elapsed="762.458µs"
INFO [02-08|16:16:43.011] Imported new chain segment               blocks=1 txs=0 mgas=0.000 elapsed=2.013ms     mgasps=0.000   number=2756 hash=fc9fe1..5f4e3e dirty=6.13KiB
INFO [02-08|16:16:43.011] QBFT: handle final committed             address=0xDF8b560be949C229C821731554C33EAD5E3888A4 current.round=0 current.sequence=2756 state="Accept request"
INFO [02-08|16:16:43.011] QBFT: start new round                    address=0xDF8b560be949C229C821731554C33EAD5E3888A4 old.round=0  old.sequence=2756 old.state="Accept request" old.proposer=0x27A97C9AaF04f18f3014c32e036dD0Ac76Da5f18 next.round=0 next.seq=2757 next.proposer=0x93917cADBace5dFCE132B991732c6Cda9bcC5B8a next.valSet="[0x27A97C9AaF04f18f3014c32e036dD0Ac76Da5f18 0x93917cADBace5dFCE132B991732c6Cda9bcC5B8a 0x98C1334496614aED49d2E81526D089f7264fED9C 0xcE412f988377e31F4d0fF12d74df73B51C42d0cA]" next.size=4 next.IsProposer=false
INFO [02-08|16:16:43.011] Commit new mining work                   number=2757 sealhash=a00891..ad75b0 uncles=0 txs=0 gas=0     fees=0 elapsed="267.5µs"
INFO [02-08|16:16:48.511] Imported new chain segment               blocks=1 txs=0 mgas=0.000 elapsed="865.875µs" mgasps=0.000   number=2757 hash=76c7e1..625e31 dirty=6.13KiB
INFO [02-08|16:16:48.511] QBFT: handle final committed             address=0xDF8b560be949C229C821731554C33EAD5E3888A4 current.round=0 current.sequence=2757 state="Accept request"
INFO [02-08|16:16:53.011] Imported new chain segment               blocks=1 txs=0 mgas=0.000 elapsed="948.042µs" mgasps=0.000   number=2758 hash=438775..c41ef3 dirty=6.13KiB
INFO [02-08|16:16:53.011] Commit new mining work                   number=2759 sealhash=bdcb85..563456 uncles=0 txs=0 gas=0     fees=0 elapsed="214.292µs"
INFO [02-08|16:16:58.010] Commit new mining work                   number=2760 sealhash=523629..bb5bb8 uncles=0 txs=0 gas=0     fees=0 elapsed="218.292µs"
INFO [02-08|16:17:03.011] Imported new chain segment               blocks=1 txs=0 mgas=0.000 elapsed="812.166µs" mgasps=0.000   number=2760 hash=79023d..fc214b dirty=6.13KiB
INFO [02-08|16:17:08.512] Imported new chain segment               blocks=1 txs=0 mgas=0.000 elapsed=2.908ms     mgasps=0.000   number=2761 hash=84d26f..8e8b67 dirty=6.13KiB
INFO [02-08|16:17:08.513] QBFT: handle final committed             address=0xDF8b560be949C229C821731554C33EAD5E3888A4 current.round=0 current.sequence=2761 state="Accept request"
INFO [02-08|16:17:08.513] QBFT: start new round                    address=0xDF8b560be949C229C821731554C33EAD5E3888A4 old.round=0  old.sequence=2761 old.state="Accept request" old.proposer=0x93917cADBace5dFCE132B991732c6Cda9bcC5B8a next.round=0 next.seq=2762 next.proposer=0x98C1334496614aED49d2E81526D089f7264fED9C next.valSet="[0x27A97C9AaF04f18f3014c32e036dD0Ac76Da5f18 0x93917cADBace5dFCE132B991732c6Cda9bcC5B8a 0x98C1334496614aED49d2E81526D089f7264fED9C 0xcE412f988377e31F4d0fF12d74df73B51C42d0cA]" next.size=4 next.IsProposer=false
WARN [02-08|16:17:13.005] Block sealing failed                     err=unauthorized
INFO [02-08|16:17:18.008] Imported new chain segment               blocks=1 txs=0 mgas=0.000 elapsed="578.083µs" mgasps=0.000   number=2763 hash=0e60b1..a8a38d dirty=6.13KiB
INFO [02-08|16:17:18.008] QBFT: initialize new round               address=0xDF8b560be949C229C821731554C33EAD5E3888A4 current.round=0 current.sequence=2763 target.round=0 lastProposal.number=2763 lastProposal.hash=0e60b1..a8a38d
INFO [02-08|16:17:18.008] QBFT: start new round                    address=0xDF8b560be949C229C821731554C33EAD5E3888A4 old.round=0  old.sequence=2763 old.state="Accept request" old.proposer=0xcE412f988377e31F4d0fF12d74df73B51C42d0cA next.round=0 next.seq=2764 next.proposer=0x27A97C9AaF04f18f3014c32e036dD0Ac76Da5f18 next.valSet="[0x27A97C9AaF04f18f3014c32e036dD0Ac76Da5f18 0x93917cADBace5dFCE132B991732c6Cda9bcC5B8a 0x98C1334496614aED49d2E81526D089f7264fED9C 0xcE412f988377e31F4d0fF12d74df73B51C42d0cA]" next.size=4 next.IsProposer=false
INFO [02-08|16:17:28.510] Imported new chain segment               blocks=1 txs=0 mgas=0.000 elapsed=1.047ms     mgasps=0.000   number=2765 hash=b40bce..0965ad dirty=6.13KiB
INFO [02-08|16:17:28.511] QBFT: start new round                    address=0xDF8b560be949C229C821731554C33EAD5E3888A4 old.round=0  old.sequence=2765 old.state="Accept request" old.proposer=0x93917cADBace5dFCE132B991732c6Cda9bcC5B8a next.round=0 next.seq=2766 next.proposer=0x98C1334496614aED49d2E81526D089f7264fED9C next.valSet="[0x27A97C9AaF04f18f3014c32e036dD0Ac76Da5f18 0x93917cADBace5dFCE132B991732c6Cda9bcC5B8a 0x98C1334496614aED49d2E81526D089f7264fED9C 0xcE412f988377e31F4d0fF12d74df73B51C42d0cA]" next.size=4 next.IsProposer=false
INFO [02-08|16:17:33.009] Commit new mining work                   number=2767 sealhash=c5bb8c..687038 uncles=0 txs=0 gas=0     fees=0 elapsed="173.708µs"
INFO [02-08|16:17:38.513] Imported new chain segment               blocks=1 txs=0 mgas=0.000 elapsed="888.75µs"  mgasps=0.000   number=2767 hash=d0fbb9..726aed dirty=6.13KiB
INFO [02-08|16:17:43.011] Imported new chain segment               blocks=1 txs=0 mgas=0.000 elapsed=1.038ms     mgasps=0.000   number=2768 hash=04d6bf..35c86b dirty=6.13KiB
INFO [02-08|16:17:48.011] Imported new chain segment               blocks=1 txs=0 mgas=0.000 elapsed=1.094ms     mgasps=0.000   number=2769 hash=7f78f0..1e2d66 dirty=6.13KiB
INFO [02-08|16:17:53.011] Imported new chain segment               blocks=1 txs=0 mgas=0.000 elapsed="799µs"     mgasps=0.000   number=2770 hash=300ee3..f274d2 dirty=6.13KiB
INFO [02-08|16:17:53.011] QBFT: handle final committed             address=0xDF8b560be949C229C821731554C33EAD5E3888A4 current.round=0 current.sequence=2770 state="Accept request"
INFO [02-08|16:17:58.010] Imported new chain segment               blocks=1 txs=0 mgas=0.000 elapsed="861µs"     mgasps=0.000   number=2771 hash=db1fba..1aa9e3 dirty=6.13KiB
INFO [02-08|16:18:03.011] Imported new chain segment               blocks=1 txs=0 mgas=0.000 elapsed="838.25µs"  mgasps=0.000   number=2772 hash=76dfc7..dac8f0 dirty=6.13KiB
INFO [02-08|16:18:03.011] QBFT: handle final committed             address=0xDF8b560be949C229C821731554C33EAD5E3888A4 current.round=0 current.sequence=2772 state="Accept request"
INFO [02-08|16:18:03.011] QBFT: initialize new round               address=0xDF8b560be949C229C821731554C33EAD5E3888A4 current.round=0 current.sequence=2772 target.round=0 lastProposal.number=2772 lastProposal.hash=76dfc7..dac8f0
INFO [02-08|16:18:08.003] QBFT: handle final committed             address=0xDF8b560be949C229C821731554C33EAD5E3888A4 current.round=0 current.sequence=2773 state="Accept request"
INFO [02-08|16:18:08.003] QBFT: initialize new round               address=0xDF8b560be949C229C821731554C33EAD5E3888A4 current.round=0 current.sequence=2773 target.round=0 lastProposal.number=2773 lastProposal.hash=9cb173..3593f2
INFO [02-08|16:18:08.003] QBFT: start new round                    address=0xDF8b560be949C229C821731554C33EAD5E3888A4 old.round=0  old.sequence=2773 old.state="Accept request" old.proposer=0x93917cADBace5dFCE132B991732c6Cda9bcC5B8a next.round=0 next.seq=2774 next.proposer=0x98C1334496614aED49d2E81526D089f7264fED9C next.valSet="[0x27A97C9AaF04f18f3014c32e036dD0Ac76Da5f18 0x93917cADBace5dFCE132B991732c6Cda9bcC5B8a 0x98C1334496614aED49d2E81526D089f7264fED9C 0xcE412f988377e31F4d0fF12d74df73B51C42d0cA]" next.size=4 next.IsProposer=false
INFO [02-08|16:18:13.009] Imported new chain segment               blocks=1 txs=0 mgas=0.000 elapsed="843.167µs" mgasps=0.000   number=2774 hash=3af2b8..61859c dirty=6.13KiB
INFO [02-08|16:18:18.004] Imported new chain segment               blocks=1 txs=0 mgas=0.000 elapsed="378.125µs" mgasps=0.000   number=2775 hash=432c53..102f78 dirty=6.13KiB
INFO [02-08|16:18:18.004] QBFT: initialize new round               address=0xDF8b560be949C229C821731554C33EAD5E3888A4 current.round=0 current.sequence=2775 target.round=0 lastProposal.number=2775 lastProposal.hash=432c53..102f78
INFO [02-08|16:18:23.010] Imported new chain segment               blocks=1 txs=0 mgas=0.000 elapsed=1.022ms     mgasps=0.000   number=2776 hash=9e109a..cb8efe dirty=6.13KiB
INFO [02-08|16:18:23.011] QBFT: initialize new round               address=0xDF8b560be949C229C821731554C33EAD5E3888A4 current.round=0 current.sequence=2776 target.round=0 lastProposal.number=2776 lastProposal.hash=9e109a..cb8efe
INFO [02-08|16:18:28.514] Imported new chain segment               blocks=1 txs=0 mgas=0.000 elapsed=1.011ms     mgasps=0.000   number=2777 hash=9f8db6..2dfea2 dirty=6.13KiB
INFO [02-08|16:18:28.515] QBFT: handle final committed             address=0xDF8b560be949C229C821731554C33EAD5E3888A4 current.round=0 current.sequence=2777 state="Accept request"
INFO [02-08|16:18:33.003] Imported new chain segment               blocks=1 txs=0 mgas=0.000 elapsed="225.708µs" mgasps=0.000   number=2778 hash=4b3d1e..d370f9 dirty=6.13KiB
INFO [02-08|16:18:33.004] Commit new mining work                   number=2779 sealhash=7ae04c..343b3a uncles=0 txs=0 gas=0     fees=0 elapsed="64.958µs"
WARN [02-08|16:18:33.004] Block sealing failed                     err=unauthorized
INFO [02-08|16:18:33.004] QBFT: handle final committed             address=0xDF8b560be949C229C821731554C33EAD5E3888A4 current.round=0 current.sequence=2778 state="Accept request"
INFO [02-08|16:18:33.004] QBFT: initialize new round               address=0xDF8b560be949C229C821731554C33EAD5E3888A4 current.round=0 current.sequence=2778 target.round=0 lastProposal.number=2778 lastProposal.hash=4b3d1e..d370f9
INFO [02-08|16:18:38.012] Imported new chain segment               blocks=1 txs=0 mgas=0.000 elapsed=1.019ms     mgasps=0.000   number=2779 hash=ed8f24..f17f50 dirty=6.13KiB
INFO [02-08|16:18:38.012] QBFT: handle final committed             address=0xDF8b560be949C229C821731554C33EAD5E3888A4 current.round=0 current.sequence=2779 state="Accept request"
INFO [02-08|16:18:43.010] Imported new chain segment               blocks=1 txs=0 mgas=0.000 elapsed="831.208µs" mgasps=0.000   number=2780 hash=683e65..4c199f dirty=6.13KiB
INFO [02-08|16:18:43.011] QBFT: start new round                    address=0xDF8b560be949C229C821731554C33EAD5E3888A4 old.round=0  old.sequence=2780 old.state="Accept request" old.proposer=0x27A97C9AaF04f18f3014c32e036dD0Ac76Da5f18 next.round=0 next.seq=2781 next.proposer=0x93917cADBace5dFCE132B991732c6Cda9bcC5B8a next.valSet="[0x27A97C9AaF04f18f3014c32e036dD0Ac76Da5f18 0x93917cADBace5dFCE132B991732c6Cda9bcC5B8a 0x98C1334496614aED49d2E81526D089f7264fED9C 0xcE412f988377e31F4d0fF12d74df73B51C42d0cA]" next.size=4 next.IsProposer=false
INFO [02-08|16:18:48.011] Imported new chain segment               blocks=1 txs=0 mgas=0.000 elapsed="917.5µs"   mgasps=0.000   number=2781 hash=aaff60..2069b3 dirty=6.13KiB
WARN [02-08|16:18:48.011] Block sealing failed                     err=unauthorized
INFO [02-08|16:18:53.012] Imported new chain segment               blocks=1 txs=0 mgas=0.000 elapsed=1.057ms     mgasps=0.000   number=2782 hash=6d5ecc..fb78e6 dirty=6.13KiB
INFO [02-08|16:18:53.013] QBFT: start new round                    address=0xDF8b560be949C229C821731554C33EAD5E3888A4 old.round=0  old.sequence=2782 old.state="Accept request" old.proposer=0x98C1334496614aED49d2E81526D089f7264fED9C next.round=0 next.seq=2783 next.proposer=0xcE412f988377e31F4d0fF12d74df73B51C42d0cA next.valSet="[0x27A97C9AaF04f18f3014c32e036dD0Ac76Da5f18 0x93917cADBace5dFCE132B991732c6Cda9bcC5B8a 0x98C1334496614aED49d2E81526D089f7264fED9C 0xcE412f988377e31F4d0fF12d74df73B51C42d0cA]" next.size=4 next.IsProposer=false
INFO [02-08|16:18:58.009] Imported new chain segment               blocks=1 txs=0 mgas=0.000 elapsed="937.666µs" mgasps=0.000   number=2783 hash=1fab22..a98649 dirty=6.13KiB
INFO [02-08|16:19:03.010] Imported new chain segment               blocks=1 txs=0 mgas=0.000 elapsed="858.292µs" mgasps=0.000   number=2784 hash=3c35b8..4998a5 dirty=6.13KiB
INFO [02-08|16:19:03.011] Commit new mining work                   number=2785 sealhash=32a6cd..4c7340 uncles=0 txs=0 gas=0     fees=0 elapsed="290.25µs"
WARN [02-08|16:19:03.011] Block sealing failed                     err=unauthorized
INFO [02-08|16:19:03.011] QBFT: handle final committed             address=0xDF8b560be949C229C821731554C33EAD5E3888A4 current.round=0 current.sequence=2784 state="Accept request"
INFO [02-08|16:19:08.002] Imported new chain segment               blocks=1 txs=0 mgas=0.000 elapsed="236.75µs"  mgasps=0.000   number=2785 hash=043616..7bf3c5 dirty=6.13KiB
INFO [02-08|16:19:08.002] Commit new mining work                   number=2786 sealhash=0ea403..ee3a0e uncles=0 txs=0 gas=0     fees=0 elapsed="72.709µs"
INFO [02-08|16:19:13.515] Imported new chain segment               blocks=1 txs=0 mgas=0.000 elapsed="944.25µs"  mgasps=0.000   number=2786 hash=a23ff1..5cf090 dirty=6.13KiB
INFO [02-08|16:19:13.516] QBFT: start new round                    address=0xDF8b560be949C229C821731554C33EAD5E3888A4 old.round=0  old.sequence=2786 old.state="Accept request" old.proposer=0x98C1334496614aED49d2E81526D089f7264fED9C next.round=0 next.seq=2787 next.proposer=0xcE412f988377e31F4d0fF12d74df73B51C42d0cA next.valSet="[0x27A97C9AaF04f18f3014c32e036dD0Ac76Da5f18 0x93917cADBace5dFCE132B991732c6Cda9bcC5B8a 0x98C1334496614aED49d2E81526D089f7264fED9C 0xcE412f988377e31F4d0fF12d74df73B51C42d0cA]" next.size=4 next.IsProposer=false
INFO [02-08|16:19:18.013] Imported new chain segment               blocks=1 txs=0 mgas=0.000 elapsed="813.333µs" mgasps=0.000   number=2787 hash=371e35..5b40a4 dirty=6.13KiB
INFO [02-08|16:19:18.013] QBFT: handle final committed             address=0xDF8b560be949C229C821731554C33EAD5E3888A4 current.round=0 current.sequence=2787 state="Accept request"
INFO [02-08|16:19:18.013] QBFT: initialize new round               address=0xDF8b560be949C229C821731554C33EAD5E3888A4 current.round=0 current.sequence=2787 target.round=0 lastProposal.number=2787 lastProposal.hash=371e35..5b40a4
INFO [02-08|16:19:18.013] Commit new mining work                   number=2788 sealhash=ed3c98..b9906e uncles=0 txs=0 gas=0     fees=0 elapsed="211.917µs"
INFO [02-08|16:19:23.011] QBFT: initialize new round               address=0xDF8b560be949C229C821731554C33EAD5E3888A4 current.round=0 current.sequence=2788 target.round=0 lastProposal.number=2788 lastProposal.hash=989535..ab8d1d
INFO [02-08|16:19:28.005] Commit new mining work                   number=2790 sealhash=a53a2f..dd8b40 uncles=0 txs=0 gas=0     fees=0 elapsed="164.458µs"
INFO [02-08|16:19:28.005] QBFT: handle final committed             address=0xDF8b560be949C229C821731554C33EAD5E3888A4 current.round=0 current.sequence=2789 state="Accept request"
INFO [02-08|16:19:28.006] QBFT: initialize new round               address=0xDF8b560be949C229C821731554C33EAD5E3888A4 current.round=0 current.sequence=2789 target.round=0 lastProposal.number=2789 lastProposal.hash=60ec96..27774c
INFO [02-08|16:19:33.013] Imported new chain segment               blocks=1 txs=0 mgas=0.000 elapsed="899.417µs" mgasps=0.000   number=2790 hash=e4e30a..c61034 dirty=6.13KiB
INFO [02-08|16:19:38.009] Imported new chain segment               blocks=1 txs=0 mgas=0.000 elapsed="925.625µs" mgasps=0.000   number=2791 hash=9f33f1..879d3e dirty=6.13KiB
INFO [02-08|16:19:43.016] Imported new chain segment               blocks=1 txs=0 mgas=0.000 elapsed="642.583µs" mgasps=0.000   number=2792 hash=eeafe6..27b3ba dirty=6.13KiB
INFO [02-08|16:19:48.012] Imported new chain segment               blocks=1 txs=0 mgas=0.000 elapsed="762.291µs" mgasps=0.000   number=2793 hash=6e16fa..fc83e0 dirty=6.13KiB
INFO [02-08|16:19:48.012] QBFT: handle final committed             address=0xDF8b560be949C229C821731554C33EAD5E3888A4 current.round=0 current.sequence=2793 state="Accept request"
INFO [02-08|16:19:48.012] QBFT: initialize new round               address=0xDF8b560be949C229C821731554C33EAD5E3888A4 current.round=0 current.sequence=2793 target.round=0 lastProposal.number=2793 lastProposal.hash=6e16fa..fc83e0
INFO [02-08|16:19:53.517] Imported new chain segment               blocks=1 txs=0 mgas=0.000 elapsed="974.958µs" mgasps=0.000   number=2794 hash=fc8520..029ce7 dirty=6.13KiB
INFO [02-08|16:19:53.517] Commit new mining work                   number=2795 sealhash=e9aaae..9ab881 uncles=0 txs=0 gas=0     fees=0 elapsed="256.792µs"
INFO [02-08|16:19:58.012] QBFT: initialize new round               address=0xDF8b560be949C229C821731554C33EAD5E3888A4 current.round=0 current.sequence=2795 target.round=0 lastProposal.number=2795 lastProposal.hash=bec5c2..0e102d
INFO [02-08|16:20:03.010] Imported new chain segment               blocks=1 txs=0 mgas=0.000 elapsed="847.667µs" mgasps=0.000   number=2796 hash=e6c0c8..36494f dirty=6.13KiB
INFO [02-08|16:20:03.010] QBFT: handle final committed             address=0xDF8b560be949C229C821731554C33EAD5E3888A4 current.round=0 current.sequence=2796 state="Accept request"
INFO [02-08|16:20:03.010] QBFT: start new round                    address=0xDF8b560be949C229C821731554C33EAD5E3888A4 old.round=0  old.sequence=2796 old.state="Accept request" old.proposer=0x27A97C9AaF04f18f3014c32e036dD0Ac76Da5f18 next.round=0 next.seq=2797 next.proposer=0x93917cADBace5dFCE132B991732c6Cda9bcC5B8a next.valSet="[0x27A97C9AaF04f18f3014c32e036dD0Ac76Da5f18 0x93917cADBace5dFCE132B991732c6Cda9bcC5B8a 0x98C1334496614aED49d2E81526D089f7264fED9C 0xcE412f988377e31F4d0fF12d74df73B51C42d0cA]" next.size=4 next.IsProposer=false
INFO [02-08|16:20:08.004] Imported new chain segment               blocks=1 txs=0 mgas=0.000 elapsed="247.583µs" mgasps=0.000   number=2797 hash=fc10f9..b636ea dirty=6.13KiB
INFO [02-08|16:20:13.010] Imported new chain segment               blocks=1 txs=0 mgas=0.000 elapsed="748.917µs" mgasps=0.000   number=2798 hash=fecf98..709f5f dirty=6.13KiB
INFO [02-08|16:20:13.010] Commit new mining work                   number=2799 sealhash=0ad554..c1f902 uncles=0 txs=0 gas=0     fees=0 elapsed="209.833µs"
INFO [02-08|16:20:13.010] QBFT: start new round                    address=0xDF8b560be949C229C821731554C33EAD5E3888A4 old.round=0  old.sequence=2798 old.state="Accept request" old.proposer=0x98C1334496614aED49d2E81526D089f7264fED9C next.round=0 next.seq=2799 next.proposer=0xcE412f988377e31F4d0fF12d74df73B51C42d0cA next.valSet="[0x27A97C9AaF04f18f3014c32e036dD0Ac76Da5f18 0x93917cADBace5dFCE132B991732c6Cda9bcC5B8a 0x98C1334496614aED49d2E81526D089f7264fED9C 0xcE412f988377e31F4d0fF12d74df73B51C42d0cA]" next.size=4 next.IsProposer=false
INFO [02-08|16:20:18.512] Imported new chain segment               blocks=1 txs=0 mgas=0.000 elapsed=1.009ms     mgasps=0.000   number=2799 hash=bfd541..ed99be dirty=6.13KiB
INFO [02-08|16:20:18.513] QBFT: start new round                    address=0xDF8b560be949C229C821731554C33EAD5E3888A4 old.round=0  old.sequence=2799 old.state="Accept request" old.proposer=0xcE412f988377e31F4d0fF12d74df73B51C42d0cA next.round=0 next.seq=2800 next.proposer=0x27A97C9AaF04f18f3014c32e036dD0Ac76Da5f18 next.valSet="[0x27A97C9AaF04f18f3014c32e036dD0Ac76Da5f18 0x93917cADBace5dFCE132B991732c6Cda9bcC5B8a 0x98C1334496614aED49d2E81526D089f7264fED9C 0xcE412f988377e31F4d0fF12d74df73B51C42d0cA]" next.size=4 next.IsProposer=false
INFO [02-08|16:20:23.016] Commit new mining work                   number=2801 sealhash=669f9a..315d19 uncles=0 txs=0 gas=0     fees=0 elapsed="262.959µs"
INFO [02-08|16:20:23.016] QBFT: handle final committed             address=0xDF8b560be949C229C821731554C33EAD5E3888A4 current.round=0 current.sequence=2800 state="Accept request"
INFO [02-08|16:20:23.016] QBFT: initialize new round               address=0xDF8b560be949C229C821731554C33EAD5E3888A4 current.round=0 current.sequence=2800 target.round=0 lastProposal.number=2800 lastProposal.hash=3a32fd..3fe722
INFO [02-08|16:20:28.009] Imported new chain segment               blocks=1 txs=0 mgas=0.000 elapsed=1.759ms     mgasps=0.000   number=2801 hash=bbd6de..40e50d dirty=6.13KiB
WARN [02-08|16:20:33.012] Block sealing failed                     err=unauthorized
INFO [02-08|16:20:38.005] Imported new chain segment               blocks=1 txs=0 mgas=0.000 elapsed="381.208µs" mgasps=0.000   number=2803 hash=44d90c..b5d265 dirty=6.13KiB
INFO [02-08|16:20:38.006] QBFT: start new round                    address=0xDF8b560be949C229C821731554C33EAD5E3888A4 old.round=0  old.sequence=2803 old.state="Accept request" old.proposer=0xcE412f988377e31F4d0fF12d74df73B51C42d0cA next.round=0 next.seq=2804 next.proposer=0x27A97C9AaF04f18f3014c32e036dD0Ac76Da5f18 next.valSet="[0x27A97C9AaF04f18f3014c32e036dD0Ac76Da5f18 0x93917cADBace5dFCE132B991732c6Cda9bcC5B8a 0x98C1334496614aED49d2E81526D089f7264fED9C 0xcE412f988377e31F4d0fF12d74df73B51C42d0cA]" next.size=4 next.IsProposer=false
INFO [02-08|16:20:43.010] Imported new chain segment               blocks=1 txs=0 mgas=0.000 elapsed="886.333µs" mgasps=0.000   number=2804 hash=ac2d3d..c52c5d dirty=6.13KiB
INFO [02-08|16:20:43.010] QBFT: handle final committed             address=0xDF8b560be949C229C821731554C33EAD5E3888A4 current.round=0 current.sequence=2804 state="Accept request"
INFO [02-08|16:20:43.010] QBFT: initialize new round               address=0xDF8b560be949C229C821731554C33EAD5E3888A4 current.round=0 current.sequence=2804 target.round=0 lastProposal.number=2804 lastProposal.hash=ac2d3d..c52c5d
INFO [02-08|16:20:48.010] Imported new chain segment               blocks=1 txs=0 mgas=0.000 elapsed="794.625µs" mgasps=0.000   number=2805 hash=3b84b4..fb87a2 dirty=6.13KiB
INFO [02-08|16:20:48.010] QBFT: handle final committed             address=0xDF8b560be949C229C821731554C33EAD5E3888A4 current.round=0 current.sequence=2805 state="Accept request"
WARN [02-08|16:20:48.011] Block sealing failed                     err=unauthorized
INFO [02-08|16:20:53.013] Imported new chain segment               blocks=1 txs=0 mgas=0.000 elapsed="906.542µs" mgasps=0.000   number=2806 hash=8156cc..26e959 dirty=6.13KiB
INFO [02-08|16:20:53.014] Commit new mining work                   number=2807 sealhash=1091df..de565f uncles=0 txs=0 gas=0     fees=0 elapsed="357.208µs"
INFO [02-08|16:20:58.005] Imported new chain segment               blocks=1 txs=0 mgas=0.000 elapsed="223.666µs" mgasps=0.000   number=2807 hash=60caa9..e03af3 dirty=6.13KiB
INFO [02-08|16:20:58.005] Commit new mining work                   number=2808 sealhash=62d3bf..10b8f3 uncles=0 txs=0 gas=0     fees=0 elapsed="56.542µs"
WARN [02-08|16:20:58.005] Block sealing failed                     err=unauthorized
INFO [02-08|16:20:58.005] QBFT: handle final committed             address=0xDF8b560be949C229C821731554C33EAD5E3888A4 current.round=0 current.sequence=2807 state="Accept request"
INFO [02-08|16:20:58.005] QBFT: initialize new round               address=0xDF8b560be949C229C821731554C33EAD5E3888A4 current.round=0 current.sequence=2807 target.round=0 lastProposal.number=2807 lastProposal.hash=60caa9..e03af3
INFO [02-08|16:21:03.515] Imported new chain segment               blocks=1 txs=0 mgas=0.000 elapsed=1.044ms     mgasps=0.000   number=2808 hash=cfae01..eec371 dirty=6.13KiB
INFO [02-08|16:21:08.003] Imported new chain segment               blocks=1 txs=0 mgas=0.000 elapsed="264.875µs" mgasps=0.000   number=2809 hash=8e50a1..5fea5f dirty=6.13KiB
INFO [02-08|16:21:13.011] Imported new chain segment               blocks=1 txs=0 mgas=0.000 elapsed="886.208µs" mgasps=0.000   number=2810 hash=87fe98..01c6a7 dirty=6.13KiB
INFO [02-08|16:21:13.012] QBFT: initialize new round               address=0xDF8b560be949C229C821731554C33EAD5E3888A4 current.round=0 current.sequence=2810 target.round=0 lastProposal.number=2810 lastProposal.hash=87fe98..01c6a7
INFO [02-08|16:21:18.014] Imported new chain segment               blocks=1 txs=0 mgas=0.000 elapsed="868.958µs" mgasps=0.000   number=2811 hash=f9bfd5..511723 dirty=3.82KiB
INFO [02-08|16:21:18.014] QBFT: handle final committed             address=0xDF8b560be949C229C821731554C33EAD5E3888A4 current.round=0 current.sequence=2811 state="Accept request"
INFO [02-08|16:21:18.014] Commit new mining work                   number=2812 sealhash=eaa03d..224c6e uncles=0 txs=0 gas=0     fees=0 elapsed="270.416µs"
INFO [02-08|16:21:18.014] QBFT: initialize new round               address=0xDF8b560be949C229C821731554C33EAD5E3888A4 current.round=0 current.sequence=2811 target.round=0 lastProposal.number=2811 lastProposal.hash=f9bfd5..511723
WARN [02-08|16:21:18.014] Block sealing failed                     err=unauthorized
INFO [02-08|16:21:23.009] Imported new chain segment               blocks=1 txs=0 mgas=0.000 elapsed="829.709µs" mgasps=0.000   number=2812 hash=b15625..2cb351 dirty=3.82KiB
INFO [02-08|16:21:23.010] QBFT: start new round                    address=0xDF8b560be949C229C821731554C33EAD5E3888A4 old.round=0  old.sequence=2812 old.state="Accept request" old.proposer=0x27A97C9AaF04f18f3014c32e036dD0Ac76Da5f18 next.round=0 next.seq=2813 next.proposer=0x93917cADBace5dFCE132B991732c6Cda9bcC5B8a next.valSet="[0x27A97C9AaF04f18f3014c32e036dD0Ac76Da5f18 0x93917cADBace5dFCE132B991732c6Cda9bcC5B8a 0x98C1334496614aED49d2E81526D089f7264fED9C 0xcE412f988377e31F4d0fF12d74df73B51C42d0cA]" next.size=4 next.IsProposer=false
INFO [02-08|16:21:28.516] Imported new chain segment               blocks=1 txs=0 mgas=0.000 elapsed="953.792µs" mgasps=0.000   number=2813 hash=f3c6fb..c070b5 dirty=3.82KiB
INFO [02-08|16:21:33.009] Imported new chain segment               blocks=1 txs=0 mgas=0.000 elapsed="658.625µs" mgasps=0.000   number=2814 hash=be1677..90add0 dirty=3.82KiB
INFO [02-08|16:21:33.010] QBFT: start new round                    address=0xDF8b560be949C229C821731554C33EAD5E3888A4 old.round=0  old.sequence=2814 old.state="Accept request" old.proposer=0x98C1334496614aED49d2E81526D089f7264fED9C next.round=0 next.seq=2815 next.proposer=0xcE412f988377e31F4d0fF12d74df73B51C42d0cA next.valSet="[0x27A97C9AaF04f18f3014c32e036dD0Ac76Da5f18 0x93917cADBace5dFCE132B991732c6Cda9bcC5B8a 0x98C1334496614aED49d2E81526D089f7264fED9C 0xcE412f988377e31F4d0fF12d74df73B51C42d0cA]" next.size=4 next.IsProposer=false
INFO [02-08|16:21:38.005] Imported new chain segment               blocks=1 txs=0 mgas=0.000 elapsed="518.916µs" mgasps=0.000   number=2815 hash=ada87f..46f0df dirty=3.82KiB
INFO [02-08|16:21:38.005] QBFT: handle final committed             address=0xDF8b560be949C229C821731554C33EAD5E3888A4 current.round=0 current.sequence=2815 state="Accept request"
INFO [02-08|16:21:43.012] Imported new chain segment               blocks=1 txs=0 mgas=0.000 elapsed="844.125µs" mgasps=0.000   number=2816 hash=78cf1b..1c739a dirty=3.82KiB
INFO [02-08|16:21:43.012] QBFT: start new round                    address=0xDF8b560be949C229C821731554C33EAD5E3888A4 old.round=0  old.sequence=2816 old.state="Accept request" old.proposer=0x27A97C9AaF04f18f3014c32e036dD0Ac76Da5f18 next.round=0 next.seq=2817 next.proposer=0x93917cADBace5dFCE132B991732c6Cda9bcC5B8a next.valSet="[0x27A97C9AaF04f18f3014c32e036dD0Ac76Da5f18 0x93917cADBace5dFCE132B991732c6Cda9bcC5B8a 0x98C1334496614aED49d2E81526D089f7264fED9C 0xcE412f988377e31F4d0fF12d74df73B51C42d0cA]" next.size=4 next.IsProposer=false
INFO [02-08|16:21:43.012] Commit new mining work                   number=2817 sealhash=631548..ddd7b1 uncles=0 txs=0 gas=0     fees=0 elapsed="267.041µs"
INFO [02-08|16:21:48.012] Imported new chain segment               blocks=1 txs=0 mgas=0.000 elapsed=1.070ms     mgasps=0.000   number=2817 hash=e971f4..7d9a94 dirty=3.82KiB
INFO [02-08|16:21:53.011] Imported new chain segment               blocks=1 txs=0 mgas=0.000 elapsed="947.458µs" mgasps=0.000   number=2818 hash=07147f..266bdc dirty=3.82KiB
INFO [02-08|16:21:53.012] Commit new mining work                   number=2819 sealhash=20cbcd..065dbd uncles=0 txs=0 gas=0     fees=0 elapsed="236.333µs"
WARN [02-08|16:21:53.012] Block sealing failed                     err=unauthorized
INFO [02-08|16:21:58.010] Imported new chain segment               blocks=1 txs=0 mgas=0.000 elapsed="811.833µs" mgasps=0.000   number=2819 hash=da6349..a69899 dirty=3.82KiB
INFO [02-08|16:21:58.010] Commit new mining work                   number=2820 sealhash=1a5555..e08234 uncles=0 txs=0 gas=0     fees=0 elapsed="194.625µs"
WARN [02-08|16:21:58.010] Block sealing failed                     err=unauthorized
INFO [02-08|16:21:58.010] QBFT: handle final committed             address=0xDF8b560be949C229C821731554C33EAD5E3888A4 current.round=0 current.sequence=2819 state="Accept request"
INFO [02-08|16:21:58.010] QBFT: initialize new round               address=0xDF8b560be949C229C821731554C33EAD5E3888A4 current.round=0 current.sequence=2819 target.round=0 lastProposal.number=2819 lastProposal.hash=da6349..a69899
INFO [02-08|16:21:58.011] QBFT: start new round                    address=0xDF8b560be949C229C821731554C33EAD5E3888A4 old.round=0  old.sequence=2819 old.state="Accept request" old.proposer=0xcE412f988377e31F4d0fF12d74df73B51C42d0cA next.round=0 next.seq=2820 next.proposer=0x27A97C9AaF04f18f3014c32e036dD0Ac76Da5f18 next.valSet="[0x27A97C9AaF04f18f3014c32e036dD0Ac76Da5f18 0x93917cADBace5dFCE132B991732c6Cda9bcC5B8a 0x98C1334496614aED49d2E81526D089f7264fED9C 0xcE412f988377e31F4d0fF12d74df73B51C42d0cA]" next.size=4 next.IsProposer=false
INFO [02-08|16:22:03.013] Imported new chain segment               blocks=1 txs=0 mgas=0.000 elapsed="820.375µs" mgasps=0.000   number=2820 hash=5a1a60..b32ae6 dirty=3.82KiB
INFO [02-08|16:22:03.013] QBFT: initialize new round               address=0xDF8b560be949C229C821731554C33EAD5E3888A4 current.round=0 current.sequence=2820 target.round=0 lastProposal.number=2820 lastProposal.hash=5a1a60..b32ae6
INFO [02-08|16:22:13.010] Imported new chain segment               blocks=1 txs=0 mgas=0.000 elapsed=1.527ms     mgasps=0.000   number=2822 hash=ffe6d7..66bd4e dirty=3.82KiB
INFO [02-08|16:22:13.011] QBFT: start new round                    address=0xDF8b560be949C229C821731554C33EAD5E3888A4 old.round=0  old.sequence=2822 old.state="Accept request" old.proposer=0x98C1334496614aED49d2E81526D089f7264fED9C next.round=0 next.seq=2823 next.proposer=0xcE412f988377e31F4d0fF12d74df73B51C42d0cA next.valSet="[0x27A97C9AaF04f18f3014c32e036dD0Ac76Da5f18 0x93917cADBace5dFCE132B991732c6Cda9bcC5B8a 0x98C1334496614aED49d2E81526D089f7264fED9C 0xcE412f988377e31F4d0fF12d74df73B51C42d0cA]" next.size=4 next.IsProposer=false
INFO [02-08|16:22:18.512] Imported new chain segment               blocks=1 txs=0 mgas=0.000 elapsed=1.073ms     mgasps=0.000   number=2823 hash=febf46..69f04e dirty=3.82KiB
INFO [02-08|16:22:18.512] Commit new mining work                   number=2824 sealhash=f49d7a..51d9a8 uncles=0 txs=0 gas=0     fees=0 elapsed="227.625µs"
INFO [02-08|16:22:23.514] Imported new chain segment               blocks=1 txs=0 mgas=0.000 elapsed=1.003ms     mgasps=0.000   number=2824 hash=065620..907355 dirty=3.82KiB
INFO [02-08|16:22:23.514] QBFT: handle final committed             address=0xDF8b560be949C229C821731554C33EAD5E3888A4 current.round=0 current.sequence=2824 state="Accept request"
INFO [02-08|16:22:28.018] Imported new chain segment               blocks=1 txs=0 mgas=0.000 elapsed=2.230ms     mgasps=0.000   number=2825 hash=471be7..a3ec7e dirty=3.82KiB
INFO [02-08|16:22:28.019] QBFT: handle final committed             address=0xDF8b560be949C229C821731554C33EAD5E3888A4 current.round=0 current.sequence=2825 state="Accept request"
WARN [02-08|16:22:28.019] Block sealing failed                     err=unauthorized
INFO [02-08|16:22:33.011] Imported new chain segment               blocks=1 txs=0 mgas=0.000 elapsed=1.028ms     mgasps=0.000   number=2826 hash=967202..3c30b3 dirty=3.82KiB
INFO [02-08|16:22:33.012] Commit new mining work                   number=2827 sealhash=26a115..4504f8 uncles=0 txs=0 gas=0     fees=0 elapsed="171.333µs"
INFO [02-08|16:22:38.006] Imported new chain segment               blocks=1 txs=0 mgas=0.000 elapsed="572.416µs" mgasps=0.000   number=2827 hash=4ca1b6..ec9955 dirty=3.82KiB
INFO [02-08|16:22:43.010] Imported new chain segment               blocks=1 txs=0 mgas=0.000 elapsed="532.042µs" mgasps=0.000   number=2828 hash=957fd2..439e41 dirty=3.82KiB
INFO [02-08|16:22:43.010] QBFT: handle final committed             address=0xDF8b560be949C229C821731554C33EAD5E3888A4 current.round=0 current.sequence=2828 state="Accept request"
INFO [02-08|16:22:43.010] QBFT: initialize new round               address=0xDF8b560be949C229C821731554C33EAD5E3888A4 current.round=0 current.sequence=2828 target.round=0 lastProposal.number=2828 lastProposal.hash=957fd2..439e41
INFO [02-08|16:22:43.010] QBFT: start new round                    address=0xDF8b560be949C229C821731554C33EAD5E3888A4 old.round=0  old.sequence=2828 old.state="Accept request" old.proposer=0x27A97C9AaF04f18f3014c32e036dD0Ac76Da5f18 next.round=0 next.seq=2829 next.proposer=0x93917cADBace5dFCE132B991732c6Cda9bcC5B8a next.valSet="[0x27A97C9AaF04f18f3014c32e036dD0Ac76Da5f18 0x93917cADBace5dFCE132B991732c6Cda9bcC5B8a 0x98C1334496614aED49d2E81526D089f7264fED9C 0xcE412f988377e31F4d0fF12d74df73B51C42d0cA]" next.size=4 next.IsProposer=false
INFO [02-08|16:22:48.010] Imported new chain segment               blocks=1 txs=0 mgas=0.000 elapsed="802.667µs" mgasps=0.000   number=2829 hash=6cb586..1e3258 dirty=3.82KiB
WARN [02-08|16:22:48.010] Block sealing failed                     err=unauthorized
INFO [02-08|16:22:48.010] QBFT: handle final committed             address=0xDF8b560be949C229C821731554C33EAD5E3888A4 current.round=0 current.sequence=2829 state="Accept request"
INFO [02-08|16:22:48.010] QBFT: start new round                    address=0xDF8b560be949C229C821731554C33EAD5E3888A4 old.round=0  old.sequence=2829 old.state="Accept request" old.proposer=0x93917cADBace5dFCE132B991732c6Cda9bcC5B8a next.round=0 next.seq=2830 next.proposer=0x98C1334496614aED49d2E81526D089f7264fED9C next.valSet="[0x27A97C9AaF04f18f3014c32e036dD0Ac76Da5f18 0x93917cADBace5dFCE132B991732c6Cda9bcC5B8a 0x98C1334496614aED49d2E81526D089f7264fED9C 0xcE412f988377e31F4d0fF12d74df73B51C42d0cA]" next.size=4 next.IsProposer=false
INFO [02-08|16:22:53.015] Imported new chain segment               blocks=1 txs=0 mgas=0.000 elapsed="797.833µs" mgasps=0.000   number=2830 hash=892b05..7913f4 dirty=3.82KiB
INFO [02-08|16:22:53.016] QBFT: handle final committed             address=0xDF8b560be949C229C821731554C33EAD5E3888A4 current.round=0 current.sequence=2830 state="Accept request"
INFO [02-08|16:22:58.009] Imported new chain segment               blocks=1 txs=0 mgas=0.000 elapsed="810.542µs" mgasps=0.000   number=2831 hash=ad632c..bf37db dirty=3.82KiB
INFO [02-08|16:23:03.013] Imported new chain segment               blocks=1 txs=0 mgas=0.000 elapsed="863.916µs" mgasps=0.000   number=2832 hash=133756..e795a8 dirty=3.82KiB
INFO [02-08|16:23:03.014] QBFT: handle final committed             address=0xDF8b560be949C229C821731554C33EAD5E3888A4 current.round=0 current.sequence=2832 state="Accept request"
INFO [02-08|16:23:08.005] QBFT: start new round                    address=0xDF8b560be949C229C821731554C33EAD5E3888A4 old.round=0  old.sequence=2833 old.state="Accept request" old.proposer=0x93917cADBace5dFCE132B991732c6Cda9bcC5B8a next.round=0 next.seq=2834 next.proposer=0x98C1334496614aED49d2E81526D089f7264fED9C next.valSet="[0x27A97C9AaF04f18f3014c32e036dD0Ac76Da5f18 0x93917cADBace5dFCE132B991732c6Cda9bcC5B8a 0x98C1334496614aED49d2E81526D089f7264fED9C 0xcE412f988377e31F4d0fF12d74df73B51C42d0cA]" next.size=4 next.IsProposer=false
INFO [02-08|16:23:13.010] Imported new chain segment               blocks=1 txs=0 mgas=0.000 elapsed="762.167µs" mgasps=0.000   number=2834 hash=f5e1b4..28cf32 dirty=3.82KiB
INFO [02-08|16:23:13.011] QBFT: handle final committed             address=0xDF8b560be949C229C821731554C33EAD5E3888A4 current.round=0 current.sequence=2834 state="Accept request"
INFO [02-08|16:23:18.012] Imported new chain segment               blocks=1 txs=0 mgas=0.000 elapsed=1.399ms     mgasps=0.000   number=2835 hash=3f2753..1cd28b dirty=3.82KiB
INFO [02-08|16:23:18.013] QBFT: handle final committed             address=0xDF8b560be949C229C821731554C33EAD5E3888A4 current.round=0 current.sequence=2835 state="Accept request"
INFO [02-08|16:23:23.012] Imported new chain segment               blocks=1 txs=0 mgas=0.000 elapsed="912.75µs"  mgasps=0.000   number=2836 hash=06b6dc..af8821 dirty=3.82KiB
INFO [02-08|16:23:23.013] QBFT: handle final committed             address=0xDF8b560be949C229C821731554C33EAD5E3888A4 current.round=0 current.sequence=2836 state="Accept request"
INFO [02-08|16:23:28.516] Imported new chain segment               blocks=1 txs=0 mgas=0.000 elapsed=1.219ms     mgasps=0.000   number=2837 hash=a145dc..29b4e8 dirty=3.82KiB
INFO [02-08|16:23:28.517] QBFT: handle final committed             address=0xDF8b560be949C229C821731554C33EAD5E3888A4 current.round=0 current.sequence=2837 state="Accept request"
INFO [02-08|16:23:33.512] Imported new chain segment               blocks=1 txs=0 mgas=0.000 elapsed="989.541µs" mgasps=0.000   number=2838 hash=4e97b5..4d584f dirty=3.82KiB
INFO [02-08|16:23:33.513] QBFT: handle final committed             address=0xDF8b560be949C229C821731554C33EAD5E3888A4 current.round=0 current.sequence=2838 state="Accept request"
INFO [02-08|16:23:38.005] Imported new chain segment               blocks=1 txs=0 mgas=0.000 elapsed="499.084µs" mgasps=0.000   number=2839 hash=88a718..de43e4 dirty=3.82KiB
INFO [02-08|16:23:38.005] QBFT: handle final committed             address=0xDF8b560be949C229C821731554C33EAD5E3888A4 current.round=0 current.sequence=2839 state="Accept request"
INFO [02-08|16:23:38.005] QBFT: initialize new round               address=0xDF8b560be949C229C821731554C33EAD5E3888A4 current.round=0 current.sequence=2839 target.round=0 lastProposal.number=2839 lastProposal.hash=88a718..de43e4
INFO [02-08|16:23:43.011] Imported new chain segment               blocks=1 txs=0 mgas=0.000 elapsed="806.5µs"   mgasps=0.000   number=2840 hash=a9efd4..3e0383 dirty=3.82KiB
INFO [02-08|16:23:43.011] Commit new mining work                   number=2841 sealhash=b7d12a..e65ce1 uncles=0 txs=0 gas=0     fees=0 elapsed="256.958µs"
INFO [02-08|16:23:43.011] QBFT: start new round                    address=0xDF8b560be949C229C821731554C33EAD5E3888A4 old.round=0  old.sequence=2840 old.state="Accept request" old.proposer=0x27A97C9AaF04f18f3014c32e036dD0Ac76Da5f18 next.round=0 next.seq=2841 next.proposer=0x93917cADBace5dFCE132B991732c6Cda9bcC5B8a next.valSet="[0x27A97C9AaF04f18f3014c32e036dD0Ac76Da5f18 0x93917cADBace5dFCE132B991732c6Cda9bcC5B8a 0x98C1334496614aED49d2E81526D089f7264fED9C 0xcE412f988377e31F4d0fF12d74df73B51C42d0cA]" next.size=4 next.IsProposer=false
INFO [02-08|16:23:48.011] Imported new chain segment               blocks=1 txs=0 mgas=0.000 elapsed="805.125µs" mgasps=0.000   number=2841 hash=d83dd5..bde015 dirty=3.82KiB
INFO [02-08|16:23:48.012] QBFT: handle final committed             address=0xDF8b560be949C229C821731554C33EAD5E3888A4 current.round=0 current.sequence=2841 state="Accept request"
INFO [02-08|16:23:48.012] QBFT: initialize new round               address=0xDF8b560be949C229C821731554C33EAD5E3888A4 current.round=0 current.sequence=2841 target.round=0 lastProposal.number=2841 lastProposal.hash=d83dd5..bde015
INFO [02-08|16:23:58.015] Imported new chain segment               blocks=1 txs=0 mgas=0.000 elapsed="757.042µs" mgasps=0.000   number=2843 hash=f7e3f2..aace29 dirty=3.82KiB
INFO [02-08|16:23:58.016] QBFT: handle final committed             address=0xDF8b560be949C229C821731554C33EAD5E3888A4 current.round=0 current.sequence=2843 state="Accept request"
INFO [02-08|16:23:58.016] QBFT: start new round                    address=0xDF8b560be949C229C821731554C33EAD5E3888A4 old.round=0  old.sequence=2843 old.state="Accept request" old.proposer=0xcE412f988377e31F4d0fF12d74df73B51C42d0cA next.round=0 next.seq=2844 next.proposer=0x27A97C9AaF04f18f3014c32e036dD0Ac76Da5f18 next.valSet="[0x27A97C9AaF04f18f3014c32e036dD0Ac76Da5f18 0x93917cADBace5dFCE132B991732c6Cda9bcC5B8a 0x98C1334496614aED49d2E81526D089f7264fED9C 0xcE412f988377e31F4d0fF12d74df73B51C42d0cA]" next.size=4 next.IsProposer=false
WARN [02-08|16:24:03.012] Block sealing failed                     err=unauthorized
INFO [02-08|16:24:08.005] Imported new chain segment               blocks=1 txs=0 mgas=0.000 elapsed="276.792µs" mgasps=0.000   number=2845 hash=932d40..c72ad5 dirty=3.82KiB
INFO [02-08|16:24:08.005] QBFT: handle final committed             address=0xDF8b560be949C229C821731554C33EAD5E3888A4 current.round=0 current.sequence=2845 state="Accept request"
INFO [02-08|16:24:13.010] Imported new chain segment               blocks=1 txs=0 mgas=0.000 elapsed="930.375µs" mgasps=0.000   number=2846 hash=231753..fe634b dirty=3.82KiB
WARN [02-08|16:24:13.011] Block sealing failed                     err=unauthorized
INFO [02-08|16:24:13.011] QBFT: handle final committed             address=0xDF8b560be949C229C821731554C33EAD5E3888A4 current.round=0 current.sequence=2846 state="Accept request"
INFO [02-08|16:24:13.011] QBFT: initialize new round               address=0xDF8b560be949C229C821731554C33EAD5E3888A4 current.round=0 current.sequence=2846 target.round=0 lastProposal.number=2846 lastProposal.hash=231753..fe634b
INFO [02-08|16:24:18.014] QBFT: handle final committed             address=0xDF8b560be949C229C821731554C33EAD5E3888A4 current.round=0 current.sequence=2847 state="Accept request"
INFO [02-08|16:24:23.007] Imported new chain segment               blocks=1 txs=0 mgas=0.000 elapsed="500.542µs" mgasps=0.000   number=2848 hash=698cf5..078d92 dirty=3.82KiB
INFO [02-08|16:24:23.008] Commit new mining work                   number=2849 sealhash=707bef..c98bae uncles=0 txs=0 gas=0     fees=0 elapsed="161.916µs"
INFO [02-08|16:24:28.009] Imported new chain segment               blocks=1 txs=0 mgas=0.000 elapsed="863.167µs" mgasps=0.000   number=2849 hash=b15180..de0e75 dirty=3.82KiB
INFO [02-08|16:24:28.010] QBFT: handle final committed             address=0xDF8b560be949C229C821731554C33EAD5E3888A4 current.round=0 current.sequence=2849 state="Accept request"
INFO [02-08|16:24:33.006] Imported new chain segment               blocks=1 txs=0 mgas=0.000 elapsed="719.541µs" mgasps=0.000   number=2850 hash=c057ba..f7d54f dirty=3.82KiB
INFO [02-08|16:24:33.007] QBFT: initialize new round               address=0xDF8b560be949C229C821731554C33EAD5E3888A4 current.round=0 current.sequence=2850 target.round=0 lastProposal.number=2850 lastProposal.hash=c057ba..f7d54f
INFO [02-08|16:24:38.011] Imported new chain segment               blocks=1 txs=0 mgas=0.000 elapsed="560.416µs" mgasps=0.000   number=2851 hash=ddece3..f20cef dirty=3.82KiB
INFO [02-08|16:24:38.011] Commit new mining work                   number=2852 sealhash=4b1b05..4e5bb2 uncles=0 txs=0 gas=0     fees=0 elapsed="212.875µs"
INFO [02-08|16:24:43.007] Imported new chain segment               blocks=1 txs=0 mgas=0.000 elapsed="379.125µs" mgasps=0.000   number=2852 hash=5f8052..43be0f dirty=3.82KiB
INFO [02-08|16:24:48.009] Imported new chain segment               blocks=1 txs=0 mgas=0.000 elapsed="997.167µs" mgasps=0.000   number=2853 hash=fd23a1..499986 dirty=3.82KiB
INFO [02-08|16:24:53.516] Imported new chain segment               blocks=1 txs=0 mgas=0.000 elapsed="987.875µs" mgasps=0.000   number=2854 hash=685d09..52df95 dirty=3.82KiB
INFO [02-08|16:24:58.009] Imported new chain segment               blocks=1 txs=0 mgas=0.000 elapsed="882.25µs"  mgasps=0.000   number=2855 hash=01fe78..b988f3 dirty=3.82KiB
INFO [02-08|16:25:03.008] Imported new chain segment               blocks=1 txs=0 mgas=0.000 elapsed="321.5µs"   mgasps=0.000   number=2856 hash=ee3304..fe1ad1 dirty=3.82KiB
INFO [02-08|16:25:03.008] QBFT: initialize new round               address=0xDF8b560be949C229C821731554C33EAD5E3888A4 current.round=0 current.sequence=2856 target.round=0 lastProposal.number=2856 lastProposal.hash=ee3304..fe1ad1
INFO [02-08|16:25:18.012] Imported new chain segment               blocks=1 txs=0 mgas=0.000 elapsed="881.166µs" mgasps=0.000   number=2859 hash=9f4038..c13cbb dirty=3.82KiB
WARN [02-08|16:25:18.012] Block sealing failed                     err=unauthorized
INFO [02-08|16:25:18.013] QBFT: handle final committed             address=0xDF8b560be949C229C821731554C33EAD5E3888A4 current.round=0 current.sequence=2859 state="Accept request"
INFO [02-08|16:25:18.013] QBFT: start new round                    address=0xDF8b560be949C229C821731554C33EAD5E3888A4 old.round=0  old.sequence=2859 old.state="Accept request" old.proposer=0xcE412f988377e31F4d0fF12d74df73B51C42d0cA next.round=0 next.seq=2860 next.proposer=0x27A97C9AaF04f18f3014c32e036dD0Ac76Da5f18 next.valSet="[0x27A97C9AaF04f18f3014c32e036dD0Ac76Da5f18 0x93917cADBace5dFCE132B991732c6Cda9bcC5B8a 0x98C1334496614aED49d2E81526D089f7264fED9C 0xcE412f988377e31F4d0fF12d74df73B51C42d0cA]" next.size=4 next.IsProposer=false
INFO [02-08|16:25:23.014] Imported new chain segment               blocks=1 txs=0 mgas=0.000 elapsed="994.625µs" mgasps=0.000   number=2860 hash=c19963..2434dd dirty=3.82KiB
INFO [02-08|16:25:23.014] QBFT: handle final committed             address=0xDF8b560be949C229C821731554C33EAD5E3888A4 current.round=0 current.sequence=2860 state="Accept request"
INFO [02-08|16:25:23.015] QBFT: start new round                    address=0xDF8b560be949C229C821731554C33EAD5E3888A4 old.round=0  old.sequence=2860 old.state="Accept request" old.proposer=0x27A97C9AaF04f18f3014c32e036dD0Ac76Da5f18 next.round=0 next.seq=2861 next.proposer=0x93917cADBace5dFCE132B991732c6Cda9bcC5B8a next.valSet="[0x27A97C9AaF04f18f3014c32e036dD0Ac76Da5f18 0x93917cADBace5dFCE132B991732c6Cda9bcC5B8a 0x98C1334496614aED49d2E81526D089f7264fED9C 0xcE412f988377e31F4d0fF12d74df73B51C42d0cA]" next.size=4 next.IsProposer=false
INFO [02-08|16:25:28.004] Imported new chain segment               blocks=1 txs=0 mgas=0.000 elapsed="323.125µs" mgasps=0.000   number=2861 hash=a24c57..d65195 dirty=3.82KiB
INFO [02-08|16:25:33.513] Imported new chain segment               blocks=1 txs=0 mgas=0.000 elapsed=1.075ms     mgasps=0.000   number=2862 hash=a6f6fb..ef7e9d dirty=3.82KiB
INFO [02-08|16:25:33.514] Commit new mining work                   number=2863 sealhash=bd1943..8c60ae uncles=0 txs=0 gas=0     fees=0 elapsed="345.625µs"
INFO [02-08|16:25:38.008] Imported new chain segment               blocks=1 txs=0 mgas=0.000 elapsed="748.209µs" mgasps=0.000   number=2863 hash=eb54c3..d81e17 dirty=3.82KiB
INFO [02-08|16:25:38.008] Commit new mining work                   number=2864 sealhash=344b9b..9e3ff3 uncles=0 txs=0 gas=0     fees=0 elapsed="168.417µs"
INFO [02-08|16:25:38.008] QBFT: start new round                    address=0xDF8b560be949C229C821731554C33EAD5E3888A4 old.round=0  old.sequence=2863 old.state="Accept request" old.proposer=0xcE412f988377e31F4d0fF12d74df73B51C42d0cA next.round=0 next.seq=2864 next.proposer=0x27A97C9AaF04f18f3014c32e036dD0Ac76Da5f18 next.valSet="[0x27A97C9AaF04f18f3014c32e036dD0Ac76Da5f18 0x93917cADBace5dFCE132B991732c6Cda9bcC5B8a 0x98C1334496614aED49d2E81526D089f7264fED9C 0xcE412f988377e31F4d0fF12d74df73B51C42d0cA]" next.size=4 next.IsProposer=false
INFO [02-08|16:25:43.005] Imported new chain segment               blocks=1 txs=0 mgas=0.000 elapsed="575.792µs" mgasps=0.000   number=2864 hash=3983d1..a3de7e dirty=3.82KiB
INFO [02-08|16:25:43.006] QBFT: start new round                    address=0xDF8b560be949C229C821731554C33EAD5E3888A4 old.round=0  old.sequence=2864 old.state="Accept request" old.proposer=0x27A97C9AaF04f18f3014c32e036dD0Ac76Da5f18 next.round=0 next.seq=2865 next.proposer=0x93917cADBace5dFCE132B991732c6Cda9bcC5B8a next.valSet="[0x27A97C9AaF04f18f3014c32e036dD0Ac76Da5f18 0x93917cADBace5dFCE132B991732c6Cda9bcC5B8a 0x98C1334496614aED49d2E81526D089f7264fED9C 0xcE412f988377e31F4d0fF12d74df73B51C42d0cA]" next.size=4 next.IsProposer=false
INFO [02-08|16:25:48.014] Imported new chain segment               blocks=1 txs=0 mgas=0.000 elapsed=2.088ms     mgasps=0.000   number=2865 hash=56f954..5286b9 dirty=3.82KiB
INFO [02-08|16:25:53.017] Imported new chain segment               blocks=1 txs=0 mgas=0.000 elapsed="742.75µs"  mgasps=0.000   number=2866 hash=0be61b..42ef67 dirty=3.82KiB
INFO [02-08|16:25:53.017] QBFT: handle final committed             address=0xDF8b560be949C229C821731554C33EAD5E3888A4 current.round=0 current.sequence=2866 state="Accept request"
INFO [02-08|16:25:58.011] Imported new chain segment               blocks=1 txs=0 mgas=0.000 elapsed="867.959µs" mgasps=0.000   number=2867 hash=1d94cd..8f454e dirty=3.82KiB
INFO [02-08|16:25:58.012] QBFT: start new round                    address=0xDF8b560be949C229C821731554C33EAD5E3888A4 old.round=0  old.sequence=2867 old.state="Accept request" old.proposer=0xcE412f988377e31F4d0fF12d74df73B51C42d0cA next.round=0 next.seq=2868 next.proposer=0x27A97C9AaF04f18f3014c32e036dD0Ac76Da5f18 next.valSet="[0x27A97C9AaF04f18f3014c32e036dD0Ac76Da5f18 0x93917cADBace5dFCE132B991732c6Cda9bcC5B8a 0x98C1334496614aED49d2E81526D089f7264fED9C 0xcE412f988377e31F4d0fF12d74df73B51C42d0cA]" next.size=4 next.IsProposer=false
INFO [02-08|16:26:03.004] QBFT: handle final committed             address=0xDF8b560be949C229C821731554C33EAD5E3888A4 current.round=0 current.sequence=2868 state="Accept request"
WARN [02-08|16:26:08.006] Block sealing failed                     err=unauthorized
INFO [02-08|16:26:13.010] QBFT: handle final committed             address=0xDF8b560be949C229C821731554C33EAD5E3888A4 current.round=0 current.sequence=2870 state="Accept request"
INFO [02-08|16:26:13.010] QBFT: initialize new round               address=0xDF8b560be949C229C821731554C33EAD5E3888A4 current.round=0 current.sequence=2870 target.round=0 lastProposal.number=2870 lastProposal.hash=c214aa..0742b8
INFO [02-08|16:26:18.513] Imported new chain segment               blocks=1 txs=0 mgas=0.000 elapsed=1.041ms     mgasps=0.000   number=2871 hash=03b50a..a86345 dirty=3.82KiB
INFO [02-08|16:26:18.513] Commit new mining work                   number=2872 sealhash=cef73d..9ad084 uncles=0 txs=0 gas=0     fees=0 elapsed="408.875µs"
INFO [02-08|16:26:18.513] QBFT: initialize new round               address=0xDF8b560be949C229C821731554C33EAD5E3888A4 current.round=0 current.sequence=2871 target.round=0 lastProposal.number=2871 lastProposal.hash=03b50a..a86345
INFO [02-08|16:26:23.514] Imported new chain segment               blocks=1 txs=0 mgas=0.000 elapsed=1.025ms     mgasps=0.000   number=2872 hash=e965c0..831721 dirty=3.82KiB
INFO [02-08|16:26:28.011] Imported new chain segment               blocks=1 txs=0 mgas=0.000 elapsed="703.083µs" mgasps=0.000   number=2873 hash=c36ebb..ee19fc dirty=3.82KiB
INFO [02-08|16:26:28.011] QBFT: start new round                    address=0xDF8b560be949C229C821731554C33EAD5E3888A4 old.round=0  old.sequence=2873 old.state="Accept request" old.proposer=0x93917cADBace5dFCE132B991732c6Cda9bcC5B8a next.round=0 next.seq=2874 next.proposer=0x98C1334496614aED49d2E81526D089f7264fED9C next.valSet="[0x27A97C9AaF04f18f3014c32e036dD0Ac76Da5f18 0x93917cADBace5dFCE132B991732c6Cda9bcC5B8a 0x98C1334496614aED49d2E81526D089f7264fED9C 0xcE412f988377e31F4d0fF12d74df73B51C42d0cA]" next.size=4 next.IsProposer=false
INFO [02-08|16:26:38.009] Imported new chain segment               blocks=1 txs=0 mgas=0.000 elapsed=1.791ms     mgasps=0.000   number=2875 hash=885a47..2909e7 dirty=3.82KiB
INFO [02-08|16:26:38.010] QBFT: initialize new round               address=0xDF8b560be949C229C821731554C33EAD5E3888A4 current.round=0 current.sequence=2875 target.round=0 lastProposal.number=2875 lastProposal.hash=885a47..2909e7
INFO [02-08|16:26:43.011] Imported new chain segment               blocks=1 txs=0 mgas=0.000 elapsed=1.197ms     mgasps=0.000   number=2876 hash=806cb6..6bee8b dirty=3.82KiB
INFO [02-08|16:26:43.012] QBFT: start new round                    address=0xDF8b560be949C229C821731554C33EAD5E3888A4 old.round=0  old.sequence=2876 old.state="Accept request" old.proposer=0x27A97C9AaF04f18f3014c32e036dD0Ac76Da5f18 next.round=0 next.seq=2877 next.proposer=0x93917cADBace5dFCE132B991732c6Cda9bcC5B8a next.valSet="[0x27A97C9AaF04f18f3014c32e036dD0Ac76Da5f18 0x93917cADBace5dFCE132B991732c6Cda9bcC5B8a 0x98C1334496614aED49d2E81526D089f7264fED9C 0xcE412f988377e31F4d0fF12d74df73B51C42d0cA]" next.size=4 next.IsProposer=false
INFO [02-08|16:26:48.009] Imported new chain segment               blocks=1 txs=0 mgas=0.000 elapsed="844.375µs" mgasps=0.000   number=2877 hash=80215a..6efb81 dirty=3.82KiB
INFO [02-08|16:26:48.010] QBFT: handle final committed             address=0xDF8b560be949C229C821731554C33EAD5E3888A4 current.round=0 current.sequence=2877 state="Accept request"
INFO [02-08|16:26:48.010] QBFT: initialize new round               address=0xDF8b560be949C229C821731554C33EAD5E3888A4 current.round=0 current.sequence=2877 target.round=0 lastProposal.number=2877 lastProposal.hash=80215a..6efb81
INFO [02-08|16:26:48.010] QBFT: start new round                    address=0xDF8b560be949C229C821731554C33EAD5E3888A4 old.round=0  old.sequence=2877 old.state="Accept request" old.proposer=0x93917cADBace5dFCE132B991732c6Cda9bcC5B8a next.round=0 next.seq=2878 next.proposer=0x98C1334496614aED49d2E81526D089f7264fED9C next.valSet="[0x27A97C9AaF04f18f3014c32e036dD0Ac76Da5f18 0x93917cADBace5dFCE132B991732c6Cda9bcC5B8a 0x98C1334496614aED49d2E81526D089f7264fED9C 0xcE412f988377e31F4d0fF12d74df73B51C42d0cA]" next.size=4 next.IsProposer=false
INFO [02-08|16:26:48.010] Commit new mining work                   number=2878 sealhash=016adf..489abd uncles=0 txs=0 gas=0     fees=0 elapsed="205.708µs"
WARN [02-08|16:26:48.010] Block sealing failed                     err=unauthorized
INFO [02-08|16:26:53.011] Imported new chain segment               blocks=1 txs=0 mgas=0.000 elapsed="340.583µs" mgasps=0.000   number=2878 hash=4ef528..5f67dc dirty=3.82KiB
INFO [02-08|16:26:53.012] QBFT: handle final committed             address=0xDF8b560be949C229C821731554C33EAD5E3888A4 current.round=0 current.sequence=2878 state="Accept request"
INFO [02-08|16:26:53.012] QBFT: initialize new round               address=0xDF8b560be949C229C821731554C33EAD5E3888A4 current.round=0 current.sequence=2878 target.round=0 lastProposal.number=2878 lastProposal.hash=4ef528..5f67dc
INFO [02-08|16:26:58.006] Imported new chain segment               blocks=1 txs=0 mgas=0.000 elapsed="504.708µs" mgasps=0.000   number=2879 hash=484903..5d7fd9 dirty=3.82KiB
INFO [02-08|16:26:58.007] Commit new mining work                   number=2880 sealhash=e4020d..3c8a25 uncles=0 txs=0 gas=0     fees=0 elapsed="152.958µs"
WARN [02-08|16:26:58.007] Block sealing failed                     err=unauthorized
INFO [02-08|16:27:03.010] Imported new chain segment               blocks=1 txs=0 mgas=0.000 elapsed=1.172ms     mgasps=0.000   number=2880 hash=19f1a5..e7fde4 dirty=3.82KiB
INFO [02-08|16:27:08.510] Imported new chain segment               blocks=1 txs=0 mgas=0.000 elapsed=1.027ms     mgasps=0.000   number=2881 hash=466754..61dd2d dirty=3.82KiB
WARN [02-08|16:27:08.510] Block sealing failed                     err=unauthorized
INFO [02-08|16:27:13.010] Imported new chain segment               blocks=1 txs=0 mgas=0.000 elapsed="858.167µs" mgasps=0.000   number=2882 hash=b9b369..45093b dirty=3.82KiB
INFO [02-08|16:27:13.011] QBFT: handle final committed             address=0xDF8b560be949C229C821731554C33EAD5E3888A4 current.round=0 current.sequence=2882 state="Accept request"
INFO [02-08|16:27:13.011] Commit new mining work                   number=2883 sealhash=d3d10e..f55ed2 uncles=0 txs=0 gas=0     fees=0 elapsed="218.583µs"
INFO [02-08|16:27:18.012] QBFT: start new round                    address=0xDF8b560be949C229C821731554C33EAD5E3888A4 old.round=0  old.sequence=2883 old.state="Accept request" old.proposer=0xcE412f988377e31F4d0fF12d74df73B51C42d0cA next.round=0 next.seq=2884 next.proposer=0x27A97C9AaF04f18f3014c32e036dD0Ac76Da5f18 next.valSet="[0x27A97C9AaF04f18f3014c32e036dD0Ac76Da5f18 0x93917cADBace5dFCE132B991732c6Cda9bcC5B8a 0x98C1334496614aED49d2E81526D089f7264fED9C 0xcE412f988377e31F4d0fF12d74df73B51C42d0cA]" next.size=4 next.IsProposer=false
INFO [02-08|16:27:23.011] Imported new chain segment               blocks=1 txs=0 mgas=0.000 elapsed="802.708µs" mgasps=0.000   number=2884 hash=9128e0..bbaef6 dirty=3.82KiB
INFO [02-08|16:27:23.011] QBFT: initialize new round               address=0xDF8b560be949C229C821731554C33EAD5E3888A4 current.round=0 current.sequence=2884 target.round=0 lastProposal.number=2884 lastProposal.hash=9128e0..bbaef6
INFO [02-08|16:27:28.010] Imported new chain segment               blocks=1 txs=0 mgas=0.000 elapsed=1.616ms     mgasps=0.000   number=2885 hash=8c6033..b9dd4a dirty=3.82KiB
INFO [02-08|16:27:28.010] Commit new mining work                   number=2886 sealhash=03e6fb..f90c1a uncles=0 txs=0 gas=0     fees=0 elapsed="277.333µs"
INFO [02-08|16:27:28.011] QBFT: handle final committed             address=0xDF8b560be949C229C821731554C33EAD5E3888A4 current.round=0 current.sequence=2885 state="Accept request"
INFO [02-08|16:27:28.011] QBFT: initialize new round               address=0xDF8b560be949C229C821731554C33EAD5E3888A4 current.round=0 current.sequence=2885 target.round=0 lastProposal.number=2885 lastProposal.hash=8c6033..b9dd4a
INFO [02-08|16:27:33.011] Imported new chain segment               blocks=1 txs=0 mgas=0.000 elapsed="838.459µs" mgasps=0.000   number=2886 hash=9da986..fc0c16 dirty=3.82KiB
INFO [02-08|16:27:33.011] QBFT: initialize new round               address=0xDF8b560be949C229C821731554C33EAD5E3888A4 current.round=0 current.sequence=2886 target.round=0 lastProposal.number=2886 lastProposal.hash=9da986..fc0c16
INFO [02-08|16:27:38.006] Imported new chain segment               blocks=1 txs=0 mgas=0.000 elapsed="466.291µs" mgasps=0.000   number=2887 hash=f5860a..fadc29 dirty=3.82KiB
INFO [02-08|16:27:38.006] QBFT: handle final committed             address=0xDF8b560be949C229C821731554C33EAD5E3888A4 current.round=0 current.sequence=2887 state="Accept request"
INFO [02-08|16:27:43.010] Imported new chain segment               blocks=1 txs=0 mgas=0.000 elapsed="875.791µs" mgasps=0.000   number=2888 hash=630dd9..428bbc dirty=3.82KiB
INFO [02-08|16:27:48.006] Imported new chain segment               blocks=1 txs=0 mgas=0.000 elapsed="699.583µs" mgasps=0.000   number=2889 hash=efa3ca..2d8c98 dirty=3.82KiB
INFO [02-08|16:27:48.006] QBFT: handle final committed             address=0xDF8b560be949C229C821731554C33EAD5E3888A4 current.round=0 current.sequence=2889 state="Accept request"
INFO [02-08|16:27:53.010] Commit new mining work                   number=2891 sealhash=511c28..e8ac88 uncles=0 txs=0 gas=0     fees=0 elapsed="247.167µs"
WARN [02-08|16:27:53.010] Block sealing failed                     err=unauthorized
INFO [02-08|16:27:53.010] QBFT: handle final committed             address=0xDF8b560be949C229C821731554C33EAD5E3888A4 current.round=0 current.sequence=2890 state="Accept request"
INFO [02-08|16:27:53.010] QBFT: initialize new round               address=0xDF8b560be949C229C821731554C33EAD5E3888A4 current.round=0 current.sequence=2890 target.round=0 lastProposal.number=2890 lastProposal.hash=c8adde..55ea31
INFO [02-08|16:28:03.011] Imported new chain segment               blocks=1 txs=0 mgas=0.000 elapsed="750.583µs" mgasps=0.000   number=2892 hash=b2ff6a..f40aed dirty=3.82KiB
INFO [02-08|16:28:08.006] Imported new chain segment               blocks=1 txs=0 mgas=0.000 elapsed="332.709µs" mgasps=0.000   number=2893 hash=013d7e..8b57f1 dirty=3.82KiB
INFO [02-08|16:28:08.006] Commit new mining work                   number=2894 sealhash=178c52..e4e27f uncles=0 txs=0 gas=0     fees=0 elapsed="75.875µs"
INFO [02-08|16:28:08.006] QBFT: initialize new round               address=0xDF8b560be949C229C821731554C33EAD5E3888A4 current.round=0 current.sequence=2893 target.round=0 lastProposal.number=2893 lastProposal.hash=013d7e..8b57f1
INFO [02-08|16:28:08.006] QBFT: start new round                    address=0xDF8b560be949C229C821731554C33EAD5E3888A4 old.round=0  old.sequence=2893 old.state="Accept request" old.proposer=0x93917cADBace5dFCE132B991732c6Cda9bcC5B8a next.round=0 next.seq=2894 next.proposer=0x98C1334496614aED49d2E81526D089f7264fED9C next.valSet="[0x27A97C9AaF04f18f3014c32e036dD0Ac76Da5f18 0x93917cADBace5dFCE132B991732c6Cda9bcC5B8a 0x98C1334496614aED49d2E81526D089f7264fED9C 0xcE412f988377e31F4d0fF12d74df73B51C42d0cA]" next.size=4 next.IsProposer=false
INFO [02-08|16:28:13.010] Imported new chain segment               blocks=1 txs=0 mgas=0.000 elapsed="931.292µs" mgasps=0.000   number=2894 hash=dc293d..216c20 dirty=3.82KiB
INFO [02-08|16:28:13.011] QBFT: handle final committed             address=0xDF8b560be949C229C821731554C33EAD5E3888A4 current.round=0 current.sequence=2894 state="Accept request"
INFO [02-08|16:28:18.513] Imported new chain segment               blocks=1 txs=0 mgas=0.000 elapsed="922.834µs" mgasps=0.000   number=2895 hash=8ad540..fa73af dirty=3.82KiB
INFO [02-08|16:28:23.011] Imported new chain segment               blocks=1 txs=0 mgas=0.000 elapsed="843.375µs" mgasps=0.000   number=2896 hash=fd5def..f55f39 dirty=3.82KiB
INFO [02-08|16:28:23.012] QBFT: handle final committed             address=0xDF8b560be949C229C821731554C33EAD5E3888A4 current.round=0 current.sequence=2896 state="Accept request"
INFO [02-08|16:28:23.012] QBFT: initialize new round               address=0xDF8b560be949C229C821731554C33EAD5E3888A4 current.round=0 current.sequence=2896 target.round=0 lastProposal.number=2896 lastProposal.hash=fd5def..f55f39
INFO [02-08|16:28:28.010] Imported new chain segment               blocks=1 txs=0 mgas=0.000 elapsed="960.292µs" mgasps=0.000   number=2897 hash=1dc1ae..7baf94 dirty=3.82KiB
INFO [02-08|16:28:28.011] QBFT: start new round                    address=0xDF8b560be949C229C821731554C33EAD5E3888A4 old.round=0  old.sequence=2897 old.state="Accept request" old.proposer=0x93917cADBace5dFCE132B991732c6Cda9bcC5B8a next.round=0 next.seq=2898 next.proposer=0x98C1334496614aED49d2E81526D089f7264fED9C next.valSet="[0x27A97C9AaF04f18f3014c32e036dD0Ac76Da5f18 0x93917cADBace5dFCE132B991732c6Cda9bcC5B8a 0x98C1334496614aED49d2E81526D089f7264fED9C 0xcE412f988377e31F4d0fF12d74df73B51C42d0cA]" next.size=4 next.IsProposer=false
INFO [02-08|16:28:33.006] QBFT: handle final committed             address=0xDF8b560be949C229C821731554C33EAD5E3888A4 current.round=0 current.sequence=2898 state="Accept request"
INFO [02-08|16:28:33.006] QBFT: start new round                    address=0xDF8b560be949C229C821731554C33EAD5E3888A4 old.round=0  old.sequence=2898 old.state="Accept request" old.proposer=0x98C1334496614aED49d2E81526D089f7264fED9C next.round=0 next.seq=2899 next.proposer=0xcE412f988377e31F4d0fF12d74df73B51C42d0cA next.valSet="[0x27A97C9AaF04f18f3014c32e036dD0Ac76Da5f18 0x93917cADBace5dFCE132B991732c6Cda9bcC5B8a 0x98C1334496614aED49d2E81526D089f7264fED9C 0xcE412f988377e31F4d0fF12d74df73B51C42d0cA]" next.size=4 next.IsProposer=false
INFO [02-08|16:28:38.513] Imported new chain segment               blocks=1 txs=0 mgas=0.000 elapsed=1.052ms     mgasps=0.000   number=2899 hash=fb1981..65b0e4 dirty=3.82KiB
INFO [02-08|16:28:38.513] QBFT: handle final committed             address=0xDF8b560be949C229C821731554C33EAD5E3888A4 current.round=0 current.sequence=2899 state="Accept request"
INFO [02-08|16:28:38.514] QBFT: start new round                    address=0xDF8b560be949C229C821731554C33EAD5E3888A4 old.round=0  old.sequence=2899 old.state="Accept request" old.proposer=0xcE412f988377e31F4d0fF12d74df73B51C42d0cA next.round=0 next.seq=2900 next.proposer=0x27A97C9AaF04f18f3014c32e036dD0Ac76Da5f18 next.valSet="[0x27A97C9AaF04f18f3014c32e036dD0Ac76Da5f18 0x93917cADBace5dFCE132B991732c6Cda9bcC5B8a 0x98C1334496614aED49d2E81526D089f7264fED9C 0xcE412f988377e31F4d0fF12d74df73B51C42d0cA]" next.size=4 next.IsProposer=false
INFO [02-08|16:28:43.511] Imported new chain segment               blocks=1 txs=0 mgas=0.000 elapsed="923.625µs" mgasps=0.000   number=2900 hash=6e8f01..1d70ae dirty=3.82KiB
INFO [02-08|16:28:48.512] Imported new chain segment               blocks=1 txs=0 mgas=0.000 elapsed="966.333µs" mgasps=0.000   number=2901 hash=d00f36..76211d dirty=3.82KiB
WARN [02-08|16:28:53.006] Block sealing failed                     err=unauthorized
INFO [02-08|16:28:58.510] Imported new chain segment               blocks=1 txs=0 mgas=0.000 elapsed=1.420ms     mgasps=0.000   number=2903 hash=2b4208..b74775 dirty=3.82KiB
INFO [02-08|16:28:58.510] Commit new mining work                   number=2904 sealhash=7e05b0..d6f300 uncles=0 txs=0 gas=0     fees=0 elapsed="285.292µs"
INFO [02-08|16:29:03.010] Imported new chain segment               blocks=1 txs=0 mgas=0.000 elapsed="827.333µs" mgasps=0.000   number=2904 hash=c3d85b..308d51 dirty=3.82KiB
INFO [02-08|16:29:03.011] QBFT: handle final committed             address=0xDF8b560be949C229C821731554C33EAD5E3888A4 current.round=0 current.sequence=2904 state="Accept request"
INFO [02-08|16:29:03.011] QBFT: initialize new round               address=0xDF8b560be949C229C821731554C33EAD5E3888A4 current.round=0 current.sequence=2904 target.round=0 lastProposal.number=2904 lastProposal.hash=c3d85b..308d51
INFO [02-08|16:29:03.011] Commit new mining work                   number=2905 sealhash=65336c..876343 uncles=0 txs=0 gas=0     fees=0 elapsed="234.958µs"
INFO [02-08|16:29:13.009] Imported new chain segment               blocks=1 txs=0 mgas=0.000 elapsed="964.75µs"  mgasps=0.000   number=2906 hash=616bbd..f6a3d9 dirty=3.82KiB
INFO [02-08|16:29:13.010] QBFT: handle final committed             address=0xDF8b560be949C229C821731554C33EAD5E3888A4 current.round=0 current.sequence=2906 state="Accept request"
INFO [02-08|16:29:13.010] QBFT: start new round                    address=0xDF8b560be949C229C821731554C33EAD5E3888A4 old.round=0  old.sequence=2906 old.state="Accept request" old.proposer=0x98C1334496614aED49d2E81526D089f7264fED9C next.round=0 next.seq=2907 next.proposer=0xcE412f988377e31F4d0fF12d74df73B51C42d0cA next.valSet="[0x27A97C9AaF04f18f3014c32e036dD0Ac76Da5f18 0x93917cADBace5dFCE132B991732c6Cda9bcC5B8a 0x98C1334496614aED49d2E81526D089f7264fED9C 0xcE412f988377e31F4d0fF12d74df73B51C42d0cA]" next.size=4 next.IsProposer=false
INFO [02-08|16:29:18.522] Imported new chain segment               blocks=1 txs=0 mgas=0.000 elapsed="983.5µs"   mgasps=0.000   number=2907 hash=a0ed29..0f23e0 dirty=3.82KiB
INFO [02-08|16:29:18.523] QBFT: initialize new round               address=0xDF8b560be949C229C821731554C33EAD5E3888A4 current.round=0 current.sequence=2907 target.round=0 lastProposal.number=2907 lastProposal.hash=a0ed29..0f23e0
INFO [02-08|16:29:23.012] Commit new mining work                   number=2909 sealhash=7721eb..c0a124 uncles=0 txs=0 gas=0     fees=0 elapsed="287.625µs"
WARN [02-08|16:29:23.012] Block sealing failed                     err=unauthorized
INFO [02-08|16:29:28.009] Imported new chain segment               blocks=1 txs=0 mgas=0.000 elapsed="803µs"     mgasps=0.000   number=2909 hash=bf970e..cb3915 dirty=3.82KiB
INFO [02-08|16:29:38.008] Imported new chain segment               blocks=1 txs=0 mgas=0.000 elapsed="768.25µs"  mgasps=0.000   number=2911 hash=52445f..248695 dirty=3.82KiB
INFO [02-08|16:29:43.008] QBFT: start new round                    address=0xDF8b560be949C229C821731554C33EAD5E3888A4 old.round=0  old.sequence=2912 old.state="Accept request" old.proposer=0x27A97C9AaF04f18f3014c32e036dD0Ac76Da5f18 next.round=0 next.seq=2913 next.proposer=0x93917cADBace5dFCE132B991732c6Cda9bcC5B8a next.valSet="[0x27A97C9AaF04f18f3014c32e036dD0Ac76Da5f18 0x93917cADBace5dFCE132B991732c6Cda9bcC5B8a 0x98C1334496614aED49d2E81526D089f7264fED9C 0xcE412f988377e31F4d0fF12d74df73B51C42d0cA]" next.size=4 next.IsProposer=false
INFO [02-08|16:29:48.012] Imported new chain segment               blocks=1 txs=0 mgas=0.000 elapsed="905.708µs" mgasps=0.000   number=2913 hash=c1dcd2..d7e370 dirty=3.82KiB
INFO [02-08|16:29:48.013] QBFT: start new round                    address=0xDF8b560be949C229C821731554C33EAD5E3888A4 old.round=0  old.sequence=2913 old.state="Accept request" old.proposer=0x93917cADBace5dFCE132B991732c6Cda9bcC5B8a next.round=0 next.seq=2914 next.proposer=0x98C1334496614aED49d2E81526D089f7264fED9C next.valSet="[0x27A97C9AaF04f18f3014c32e036dD0Ac76Da5f18 0x93917cADBace5dFCE132B991732c6Cda9bcC5B8a 0x98C1334496614aED49d2E81526D089f7264fED9C 0xcE412f988377e31F4d0fF12d74df73B51C42d0cA]" next.size=4 next.IsProposer=false
INFO [02-08|16:29:53.006] Imported new chain segment               blocks=1 txs=0 mgas=0.000 elapsed="394.542µs" mgasps=0.000   number=2914 hash=f13b28..669178 dirty=3.82KiB
INFO [02-08|16:29:53.006] Commit new mining work                   number=2915 sealhash=2a888e..41313d uncles=0 txs=0 gas=0     fees=0 elapsed="118µs"
INFO [02-08|16:29:53.006] QBFT: handle final committed             address=0xDF8b560be949C229C821731554C33EAD5E3888A4 current.round=0 current.sequence=2914 state="Accept request"
INFO [02-08|16:29:58.012] Imported new chain segment               blocks=1 txs=0 mgas=0.000 elapsed="904.875µs" mgasps=0.000   number=2915 hash=1b9a1a..013ca7 dirty=3.82KiB
INFO [02-08|16:29:58.013] QBFT: initialize new round               address=0xDF8b560be949C229C821731554C33EAD5E3888A4 current.round=0 current.sequence=2915 target.round=0 lastProposal.number=2915 lastProposal.hash=1b9a1a..013ca7
INFO [02-08|16:30:03.513] Imported new chain segment               blocks=1 txs=0 mgas=0.000 elapsed="926.208µs" mgasps=0.000   number=2916 hash=bed72b..83e6e1 dirty=3.82KiB
INFO [02-08|16:30:03.514] QBFT: handle final committed             address=0xDF8b560be949C229C821731554C33EAD5E3888A4 current.round=0 current.sequence=2916 state="Accept request"
INFO [02-08|16:30:13.006] Imported new chain segment               blocks=1 txs=0 mgas=0.000 elapsed="508.958µs" mgasps=0.000   number=2918 hash=870001..6c9675 dirty=3.82KiB
INFO [02-08|16:30:18.011] Imported new chain segment               blocks=1 txs=0 mgas=0.000 elapsed=1.237ms     mgasps=0.000   number=2919 hash=91be25..247159 dirty=3.82KiB
INFO [02-08|16:30:23.012] Imported new chain segment               blocks=1 txs=0 mgas=0.000 elapsed="908.75µs"  mgasps=0.000   number=2920 hash=b88d74..62fd8c dirty=3.82KiB
INFO [02-08|16:30:28.011] Commit new mining work                   number=2922 sealhash=b2ce19..85938c uncles=0 txs=0 gas=0     fees=0 elapsed="336.209µs"
INFO [02-08|16:30:33.005] Imported new chain segment               blocks=1 txs=0 mgas=0.000 elapsed="452.958µs" mgasps=0.000   number=2922 hash=a8a264..6ffee4 dirty=3.82KiB
INFO [02-08|16:30:38.010] Imported new chain segment               blocks=1 txs=0 mgas=0.000 elapsed="853.167µs" mgasps=0.000   number=2923 hash=e68bee..c1b833 dirty=3.82KiB
INFO [02-08|16:30:38.010] QBFT: handle final committed             address=0xDF8b560be949C229C821731554C33EAD5E3888A4 current.round=0 current.sequence=2923 state="Accept request"
INFO [02-08|16:30:38.010] QBFT: initialize new round               address=0xDF8b560be949C229C821731554C33EAD5E3888A4 current.round=0 current.sequence=2923 target.round=0 lastProposal.number=2923 lastProposal.hash=e68bee..c1b833
INFO [02-08|16:30:43.007] Imported new chain segment               blocks=1 txs=0 mgas=0.000 elapsed="417.333µs" mgasps=0.000   number=2924 hash=491468..391481 dirty=3.82KiB
INFO [02-08|16:30:43.007] Commit new mining work                   number=2925 sealhash=6b1ee3..396dca uncles=0 txs=0 gas=0     fees=0 elapsed="119.625µs"
INFO [02-08|16:30:43.007] QBFT: start new round                    address=0xDF8b560be949C229C821731554C33EAD5E3888A4 old.round=0  old.sequence=2924 old.state="Accept request" old.proposer=0x27A97C9AaF04f18f3014c32e036dD0Ac76Da5f18 next.round=0 next.seq=2925 next.proposer=0x93917cADBace5dFCE132B991732c6Cda9bcC5B8a next.valSet="[0x27A97C9AaF04f18f3014c32e036dD0Ac76Da5f18 0x93917cADBace5dFCE132B991732c6Cda9bcC5B8a 0x98C1334496614aED49d2E81526D089f7264fED9C 0xcE412f988377e31F4d0fF12d74df73B51C42d0cA]" next.size=4 next.IsProposer=false
INFO [02-08|16:30:48.011] Imported new chain segment               blocks=1 txs=0 mgas=0.000 elapsed="892.167µs" mgasps=0.000   number=2925 hash=13a730..9949ce dirty=3.82KiB
INFO [02-08|16:30:48.012] QBFT: handle final committed             address=0xDF8b560be949C229C821731554C33EAD5E3888A4 current.round=0 current.sequence=2925 state="Accept request"
INFO [02-08|16:30:53.011] Imported new chain segment               blocks=1 txs=0 mgas=0.000 elapsed="804.041µs" mgasps=0.000   number=2926 hash=6a9bf7..04bcdd dirty=3.82KiB
WARN [02-08|16:30:53.011] Block sealing failed                     err=unauthorized
INFO [02-08|16:30:58.511] Imported new chain segment               blocks=1 txs=0 mgas=0.000 elapsed="728.542µs" mgasps=0.000   number=2927 hash=121330..70aa57 dirty=3.82KiB
INFO [02-08|16:30:58.511] QBFT: handle final committed             address=0xDF8b560be949C229C821731554C33EAD5E3888A4 current.round=0 current.sequence=2927 state="Accept request"
INFO [02-08|16:31:03.006] Imported new chain segment               blocks=1 txs=0 mgas=0.000 elapsed="291.208µs" mgasps=0.000   number=2928 hash=6ab2ed..2e1865 dirty=3.82KiB
INFO [02-08|16:31:08.006] Imported new chain segment               blocks=1 txs=0 mgas=0.000 elapsed="384.375µs" mgasps=0.000   number=2929 hash=476448..4fbebe dirty=3.82KiB
INFO [02-08|16:31:08.006] Commit new mining work                   number=2930 sealhash=4524e3..dd5a54 uncles=0 txs=0 gas=0     fees=0 elapsed="101.458µs"
WARN [02-08|16:31:08.007] Block sealing failed                     err=unauthorized
INFO [02-08|16:31:08.007] QBFT: handle final committed             address=0xDF8b560be949C229C821731554C33EAD5E3888A4 current.round=0 current.sequence=2929 state="Accept request"
INFO [02-08|16:31:08.007] QBFT: initialize new round               address=0xDF8b560be949C229C821731554C33EAD5E3888A4 current.round=0 current.sequence=2929 target.round=0 lastProposal.number=2929 lastProposal.hash=476448..4fbebe
INFO [02-08|16:31:13.510] Imported new chain segment               blocks=1 txs=0 mgas=0.000 elapsed="991.459µs" mgasps=0.000   number=2930 hash=4a8b04..11a38c dirty=3.82KiB
INFO [02-08|16:31:13.511] QBFT: handle final committed             address=0xDF8b560be949C229C821731554C33EAD5E3888A4 current.round=0 current.sequence=2930 state="Accept request"
INFO [02-08|16:31:18.009] Imported new chain segment               blocks=1 txs=0 mgas=0.000 elapsed="993.834µs" mgasps=0.000   number=2931 hash=3fa186..403e14 dirty=3.82KiB
WARN [02-08|16:31:18.010] Block sealing failed                     err=unauthorized
INFO [02-08|16:31:23.011] Imported new chain segment               blocks=1 txs=0 mgas=0.000 elapsed="870.583µs" mgasps=0.000   number=2932 hash=8af7f0..16d420 dirty=3.82KiB
INFO [02-08|16:31:28.010] Imported new chain segment               blocks=1 txs=0 mgas=0.000 elapsed="836.75µs"  mgasps=0.000   number=2933 hash=23220e..c814fe dirty=3.82KiB
INFO [02-08|16:31:33.008] Imported new chain segment               blocks=1 txs=0 mgas=0.000 elapsed="714.167µs" mgasps=0.000   number=2934 hash=81c13c..e3be1a dirty=3.82KiB
INFO [02-08|16:31:33.009] Commit new mining work                   number=2935 sealhash=0dd56e..9ea8d6 uncles=0 txs=0 gas=0     fees=0 elapsed="334.375µs"
INFO [02-08|16:31:33.009] QBFT: handle final committed             address=0xDF8b560be949C229C821731554C33EAD5E3888A4 current.round=0 current.sequence=2934 state="Accept request"
INFO [02-08|16:31:38.010] Imported new chain segment               blocks=1 txs=0 mgas=0.000 elapsed="805µs"     mgasps=0.000   number=2935 hash=fa71b2..439267 dirty=3.82KiB
INFO [02-08|16:31:38.011] QBFT: handle final committed             address=0xDF8b560be949C229C821731554C33EAD5E3888A4 current.round=0 current.sequence=2935 state="Accept request"
INFO [02-08|16:31:43.008] Imported new chain segment               blocks=1 txs=0 mgas=0.000 elapsed="835.459µs" mgasps=0.000   number=2936 hash=15b4b5..36d2ce dirty=3.82KiB
INFO [02-08|16:31:43.008] Commit new mining work                   number=2937 sealhash=7133cc..975167 uncles=0 txs=0 gas=0     fees=0 elapsed="257.292µs"
INFO [02-08|16:31:43.009] QBFT: handle final committed             address=0xDF8b560be949C229C821731554C33EAD5E3888A4 current.round=0 current.sequence=2936 state="Accept request"
INFO [02-08|16:31:43.009] QBFT: start new round                    address=0xDF8b560be949C229C821731554C33EAD5E3888A4 old.round=0  old.sequence=2936 old.state="Accept request" old.proposer=0x27A97C9AaF04f18f3014c32e036dD0Ac76Da5f18 next.round=0 next.seq=2937 next.proposer=0x93917cADBace5dFCE132B991732c6Cda9bcC5B8a next.valSet="[0x27A97C9AaF04f18f3014c32e036dD0Ac76Da5f18 0x93917cADBace5dFCE132B991732c6Cda9bcC5B8a 0x98C1334496614aED49d2E81526D089f7264fED9C 0xcE412f988377e31F4d0fF12d74df73B51C42d0cA]" next.size=4 next.IsProposer=false
INFO [02-08|16:31:48.009] Imported new chain segment               blocks=1 txs=0 mgas=0.000 elapsed="873.791µs" mgasps=0.000   number=2937 hash=3ac2e5..b2bc0f dirty=3.82KiB
INFO [02-08|16:31:48.010] QBFT: handle final committed             address=0xDF8b560be949C229C821731554C33EAD5E3888A4 current.round=0 current.sequence=2937 state="Accept request"
INFO [02-08|16:31:53.008] Imported new chain segment               blocks=1 txs=0 mgas=0.000 elapsed="880.708µs" mgasps=0.000   number=2938 hash=dc6e5d..51f835 dirty=3.82KiB
INFO [02-08|16:31:58.513] Imported new chain segment               blocks=1 txs=0 mgas=0.000 elapsed=1.079ms     mgasps=0.000   number=2939 hash=21e2db..731fd9 dirty=3.82KiB
WARN [02-08|16:31:58.514] Block sealing failed                     err=unauthorized
INFO [02-08|16:32:03.005] Imported new chain segment               blocks=1 txs=0 mgas=0.000 elapsed="409.75µs"  mgasps=0.000   number=2940 hash=36d451..0ee343 dirty=3.82KiB
INFO [02-08|16:32:03.006] Commit new mining work                   number=2941 sealhash=4e7472..cb844f uncles=0 txs=0 gas=0     fees=0 elapsed="93.209µs"
INFO [02-08|16:32:08.007] Imported new chain segment               blocks=1 txs=0 mgas=0.000 elapsed="532.041µs" mgasps=0.000   number=2941 hash=c1ec72..0415f1 dirty=3.82KiB
INFO [02-08|16:32:13.055] Imported new chain segment               blocks=1 txs=0 mgas=0.000 elapsed="373µs"     mgasps=0.000   number=2942 hash=4b01d5..23f464 dirty=3.82KiB
INFO [02-08|16:32:13.055] QBFT: handle final committed             address=0xDF8b560be949C229C821731554C33EAD5E3888A4 current.round=0 current.sequence=2942 state="Accept request"
INFO [02-08|16:32:18.012] QBFT: handle final committed             address=0xDF8b560be949C229C821731554C33EAD5E3888A4 current.round=0 current.sequence=2943 state="Accept request"
INFO [02-08|16:32:18.013] Commit new mining work                   number=2944 sealhash=ad6366..cf48d6 uncles=0 txs=0 gas=0     fees=0 elapsed="942.292µs"
INFO [02-08|16:32:23.014] Imported new chain segment               blocks=1 txs=0 mgas=0.000 elapsed=1.224ms     mgasps=0.000   number=2944 hash=f3aaaa..b6e35b dirty=3.82KiB
INFO [02-08|16:32:23.014] QBFT: start new round                    address=0xDF8b560be949C229C821731554C33EAD5E3888A4 old.round=0  old.sequence=2944 old.state="Accept request" old.proposer=0x27A97C9AaF04f18f3014c32e036dD0Ac76Da5f18 next.round=0 next.seq=2945 next.proposer=0x93917cADBace5dFCE132B991732c6Cda9bcC5B8a next.valSet="[0x27A97C9AaF04f18f3014c32e036dD0Ac76Da5f18 0x93917cADBace5dFCE132B991732c6Cda9bcC5B8a 0x98C1334496614aED49d2E81526D089f7264fED9C 0xcE412f988377e31F4d0fF12d74df73B51C42d0cA]" next.size=4 next.IsProposer=false
INFO [02-08|16:32:23.014] Commit new mining work                   number=2945 sealhash=2c6845..9e07af uncles=0 txs=0 gas=0     fees=0 elapsed="341.583µs"
WARN [02-08|16:32:23.014] Block sealing failed                     err=unauthorized
INFO [02-08|16:32:28.007] Imported new chain segment               blocks=1 txs=0 mgas=0.000 elapsed="273.625µs" mgasps=0.000   number=2945 hash=0849eb..ab2ac2 dirty=3.82KiB
INFO [02-08|17:04:09.216] Block synchronisation started 
INFO [02-08|17:04:09.221] Imported new chain segment               blocks=2 txs=0 mgas=0.000 elapsed=1.717ms     mgasps=0.000   number=2948 hash=9f55fe..d7744e dirty=3.82KiB
INFO [02-08|17:04:09.222] QBFT: initialize new round               address=0xDF8b560be949C229C821731554C33EAD5E3888A4 old.round=-1 old.seq=0 target.round=0 lastProposal.number=2948 lastProposal.hash=9f55fe..d7744e
INFO [02-08|17:04:09.222] QBFT: start new round                    address=0xDF8b560be949C229C821731554C33EAD5E3888A4 old.round=-1 old.seq=0 next.round=0 next.seq=2949 next.proposer=0x93917cADBace5dFCE132B991732c6Cda9bcC5B8a next.valSet="[0x27A97C9AaF04f18f3014c32e036dD0Ac76Da5f18 0x93917cADBace5dFCE132B991732c6Cda9bcC5B8a 0x98C1334496614aED49d2E81526D089f7264fED9C 0xcE412f988377e31F4d0fF12d74df73B51C42d0cA]" next.size=4 next.IsProposer=false
INFO [02-08|17:04:14.011] Imported new chain segment               blocks=1 txs=0 mgas=0.000 elapsed="987.708µs" mgasps=0.000   number=2949 hash=b434db..bc3de8 dirty=3.82KiB
INFO [02-08|17:04:14.012] QBFT: handle final committed             address=0xDF8b560be949C229C821731554C33EAD5E3888A4 current.round=0 current.sequence=2949 state="Accept request"
INFO [02-08|17:04:14.012] QBFT: initialize new round               address=0xDF8b560be949C229C821731554C33EAD5E3888A4 current.round=0 current.sequence=2949 target.round=0 lastProposal.number=2949 lastProposal.hash=b434db..bc3de8
INFO [02-08|17:04:19.010] Imported new chain segment               blocks=1 txs=0 mgas=0.000 elapsed="904.417µs" mgasps=0.000   number=2950 hash=4632be..29d697 dirty=3.82KiB
INFO [02-08|17:04:19.010] Commit new mining work                   number=2951 sealhash=cd3e9c..fd6023 uncles=0 txs=0 gas=0     fees=0 elapsed="230.75µs"
INFO [02-08|17:04:19.011] QBFT: handle final committed             address=0xDF8b560be949C229C821731554C33EAD5E3888A4 current.round=0 current.sequence=2950 state="Accept request"
INFO [02-08|17:04:19.011] QBFT: initialize new round               address=0xDF8b560be949C229C821731554C33EAD5E3888A4 current.round=0 current.sequence=2950 target.round=0 lastProposal.number=2950 lastProposal.hash=4632be..29d697
INFO [02-08|17:04:24.004] Imported new chain segment               blocks=1 txs=0 mgas=0.000 elapsed="357.833µs" mgasps=0.000   number=2951 hash=57cfc4..9e8b66 dirty=3.82KiB
INFO [02-08|17:04:24.005] Commit new mining work                   number=2952 sealhash=ac0f6d..e3bb8a uncles=0 txs=0 gas=0     fees=0 elapsed="130.667µs"
WARN [02-08|17:04:24.005] Block sealing failed                     err=unauthorized
INFO [02-08|17:04:29.011] Imported new chain segment               blocks=1 txs=0 mgas=0.000 elapsed=1.024ms     mgasps=0.000   number=2952 hash=037805..9d91c5 dirty=3.82KiB
INFO [02-08|17:04:29.011] QBFT: handle final committed             address=0xDF8b560be949C229C821731554C33EAD5E3888A4 current.round=0 current.sequence=2952 state="Accept request"
INFO [02-08|17:04:34.519] Imported new chain segment               blocks=1 txs=0 mgas=0.000 elapsed=1.045ms     mgasps=0.000   number=2953 hash=0e2ec3..15c7b0 dirty=3.82KiB
INFO [02-08|18:24:33.791] Imported new chain segment               blocks=1 txs=0 mgas=0.000 elapsed="555.916µs" mgasps=0.000   number=2954 hash=f68e3f..7e994d age=1h19m54s dirty=3.82KiB
INFO [02-08|18:24:33.791] Commit new mining work                   number=2955 sealhash=20dae5..ad9948 uncles=0 txs=0 gas=0     fees=0 elapsed="176.625µs"
WARN [02-08|18:24:33.791] Block sealing failed                     err=unauthorized
INFO [02-08|18:24:33.792] QBFT: handle final committed             address=0xDF8b560be949C229C821731554C33EAD5E3888A4 current.round=0 current.sequence=2954 state="Accept request"
INFO [02-08|18:24:33.792] QBFT: initialize new round               address=0xDF8b560be949C229C821731554C33EAD5E3888A4 current.round=0 current.sequence=2954 target.round=0 lastProposal.number=2954 lastProposal.hash=f68e3f..7e994d
INFO [02-08|18:24:33.798] Commit new mining work                   number=2956 sealhash=e34a21..64d970 uncles=0 txs=0 gas=0     fees=0 elapsed="152µs"
INFO [02-08|18:24:38.010] Imported new chain segment               blocks=1 txs=0 mgas=0.000 elapsed="823µs"     mgasps=0.000   number=2956 hash=df0086..5dc72a dirty=3.82KiB
WARN [02-08|18:24:38.011] Block sealing failed                     err=unauthorized
INFO [02-08|18:24:43.516] Imported new chain segment               blocks=1 txs=0 mgas=0.000 elapsed=1.332ms     mgasps=0.000   number=2957 hash=9e0730..1efa11 dirty=3.82KiB
INFO [02-08|18:24:43.517] Commit new mining work                   number=2958 sealhash=0dbe85..e4d57d uncles=0 txs=0 gas=0     fees=0 elapsed="300.041µs"
INFO [02-08|18:24:43.517] QBFT: start new round                    address=0xDF8b560be949C229C821731554C33EAD5E3888A4 old.round=0  old.sequence=2957 old.state="Accept request" old.proposer=0x93917cADBace5dFCE132B991732c6Cda9bcC5B8a next.round=0 next.seq=2958 next.proposer=0x98C1334496614aED49d2E81526D089f7264fED9C next.valSet="[0x27A97C9AaF04f18f3014c32e036dD0Ac76Da5f18 0x93917cADBace5dFCE132B991732c6Cda9bcC5B8a 0x98C1334496614aED49d2E81526D089f7264fED9C 0xcE412f988377e31F4d0fF12d74df73B51C42d0cA]" next.size=4 next.IsProposer=false
INFO [02-08|18:24:48.004] Imported new chain segment               blocks=1 txs=0 mgas=0.000 elapsed="273.25µs"  mgasps=0.000   number=2958 hash=227c65..c33932 dirty=3.82KiB
INFO [02-08|18:24:53.510] Imported new chain segment               blocks=1 txs=0 mgas=0.000 elapsed="882µs"     mgasps=0.000   number=2959 hash=83f8c0..763e70 dirty=3.82KiB
INFO [02-08|18:24:58.016] Imported new chain segment               blocks=1 txs=0 mgas=0.000 elapsed="974.25µs"  mgasps=0.000   number=2960 hash=7c3ab0..74203a dirty=3.82KiB
INFO [02-08|18:24:58.017] QBFT: handle final committed             address=0xDF8b560be949C229C821731554C33EAD5E3888A4 current.round=0 current.sequence=2960 state="Accept request"
INFO [02-08|18:25:03.013] Imported new chain segment               blocks=1 txs=0 mgas=0.000 elapsed="963.5µs"   mgasps=0.000   number=2961 hash=e5a7df..a8c0d9 dirty=3.82KiB
INFO [02-08|18:25:03.014] QBFT: initialize new round               address=0xDF8b560be949C229C821731554C33EAD5E3888A4 current.round=0 current.sequence=2961 target.round=0 lastProposal.number=2961 lastProposal.hash=e5a7df..a8c0d9
INFO [02-08|19:41:21.254] Commit new mining work                   number=2963 sealhash=96f583..ab4768 uncles=0 txs=0 gas=0     fees=0 elapsed="209.5µs"
WARN [02-08|19:41:21.254] Block sealing failed                     err=unauthorized
INFO [02-08|19:41:21.765] Imported new chain segment               blocks=1 txs=0 mgas=0.000 elapsed="815.958µs" mgasps=0.000   number=2963 hash=f279a4..edd87e dirty=3.82KiB
INFO [02-08|19:41:21.765] QBFT: handle final committed             address=0xDF8b560be949C229C821731554C33EAD5E3888A4 current.round=0 current.sequence=2963 state="Accept request"
INFO [02-08|19:41:21.765] QBFT: start new round                    address=0xDF8b560be949C229C821731554C33EAD5E3888A4 old.round=0  old.sequence=2963 old.state="Accept request" old.proposer=0xcE412f988377e31F4d0fF12d74df73B51C42d0cA next.round=0 next.seq=2964 next.proposer=0x27A97C9AaF04f18f3014c32e036dD0Ac76Da5f18 next.valSet="[0x27A97C9AaF04f18f3014c32e036dD0Ac76Da5f18 0x93917cADBace5dFCE132B991732c6Cda9bcC5B8a 0x98C1334496614aED49d2E81526D089f7264fED9C 0xcE412f988377e31F4d0fF12d74df73B51C42d0cA]" next.size=4 next.IsProposer=false
INFO [02-08|19:41:26.512] Imported new chain segment               blocks=1 txs=0 mgas=0.000 elapsed="784.833µs" mgasps=0.000   number=2964 hash=0e3836..c3fba8 dirty=3.82KiB
WARN [02-08|19:41:26.512] Block sealing failed                     err=unauthorized
INFO [02-08|19:41:31.017] Imported new chain segment               blocks=1 txs=0 mgas=0.000 elapsed="323µs"     mgasps=0.000   number=2965 hash=b5a21b..c78431 dirty=3.82KiB
INFO [02-08|19:41:31.017] QBFT: start new round                    address=0xDF8b560be949C229C821731554C33EAD5E3888A4 old.round=0  old.sequence=2965 old.state="Accept request" old.proposer=0x93917cADBace5dFCE132B991732c6Cda9bcC5B8a next.round=0 next.seq=2966 next.proposer=0x98C1334496614aED49d2E81526D089f7264fED9C next.valSet="[0x27A97C9AaF04f18f3014c32e036dD0Ac76Da5f18 0x93917cADBace5dFCE132B991732c6Cda9bcC5B8a 0x98C1334496614aED49d2E81526D089f7264fED9C 0xcE412f988377e31F4d0fF12d74df73B51C42d0cA]" next.size=4 next.IsProposer=false
INFO [02-08|19:41:36.007] QBFT: handle final committed             address=0xDF8b560be949C229C821731554C33EAD5E3888A4 current.round=0 current.sequence=2966 state="Accept request"
INFO [02-08|19:41:36.007] QBFT: initialize new round               address=0xDF8b560be949C229C821731554C33EAD5E3888A4 current.round=0 current.sequence=2966 target.round=0 lastProposal.number=2966 lastProposal.hash=c47e99..ae2c1d
INFO [02-08|19:41:46.011] Imported new chain segment               blocks=1 txs=0 mgas=0.000 elapsed="751.5µs"   mgasps=0.000   number=2968 hash=d7a45d..324922 dirty=3.82KiB
INFO [02-08|19:41:46.012] Commit new mining work                   number=2969 sealhash=ca1884..d91d5c uncles=0 txs=0 gas=0     fees=0 elapsed="205.583µs"
INFO [02-08|20:47:27.191] Imported new chain segment               blocks=1 txs=0 mgas=0.000 elapsed="357.417µs" mgasps=0.000   number=2970 hash=926017..9d9a69 dirty=3.82KiB
INFO [02-08|20:47:27.191] Commit new mining work                   number=2971 sealhash=0d4a6d..72f298 uncles=0 txs=0 gas=0     fees=0 elapsed="90.125µs"
INFO [02-08|20:47:32.508] Imported new chain segment               blocks=1 txs=0 mgas=0.000 elapsed="417.083µs" mgasps=0.000   number=2971 hash=a245e1..997375 dirty=3.82KiB
INFO [02-08|20:47:37.514] Imported new chain segment               blocks=1 txs=0 mgas=0.000 elapsed="908.666µs" mgasps=0.000   number=2972 hash=94a6bd..9ec52b dirty=3.82KiB
INFO [02-08|20:47:37.515] Commit new mining work                   number=2973 sealhash=729cdd..8b5487 uncles=0 txs=0 gas=0     fees=0 elapsed="231.5µs"
INFO [02-08|20:47:42.010] Imported new chain segment               blocks=1 txs=0 mgas=0.000 elapsed="401.208µs" mgasps=0.000   number=2973 hash=b92e19..24a379 dirty=3.82KiB
INFO [02-08|20:47:42.010] QBFT: handle final committed             address=0xDF8b560be949C229C821731554C33EAD5E3888A4 current.round=0 current.sequence=2973 state="Accept request"
INFO [02-08|20:47:42.010] QBFT: initialize new round               address=0xDF8b560be949C229C821731554C33EAD5E3888A4 current.round=0 current.sequence=2973 target.round=0 lastProposal.number=2973 lastProposal.hash=b92e19..24a379
INFO [02-08|20:47:42.010] Commit new mining work                   number=2974 sealhash=f8cca3..2c4dd6 uncles=0 txs=0 gas=0     fees=0 elapsed="164.375µs"
INFO [02-08|21:50:41.514] Imported new chain segment               blocks=1 txs=0 mgas=0.000 elapsed=1.283ms     mgasps=0.000   number=2978 hash=a0ce2b..3e9e68 dirty=3.82KiB
INFO [02-08|21:50:41.515] Commit new mining work                   number=2979 sealhash=f3a557..e0057f uncles=0 txs=0 gas=0     fees=0 elapsed="283.875µs"
INFO [02-08|21:50:41.515] QBFT: start new round                    address=0xDF8b560be949C229C821731554C33EAD5E3888A4 old.round=0  old.sequence=2978 old.state="Accept request" old.proposer=0x98C1334496614aED49d2E81526D089f7264fED9C next.round=0 next.seq=2979 next.proposer=0xcE412f988377e31F4d0fF12d74df73B51C42d0cA next.valSet="[0x27A97C9AaF04f18f3014c32e036dD0Ac76Da5f18 0x93917cADBace5dFCE132B991732c6Cda9bcC5B8a 0x98C1334496614aED49d2E81526D089f7264fED9C 0xcE412f988377e31F4d0fF12d74df73B51C42d0cA]" next.size=4 next.IsProposer=false
WARN [02-08|21:50:46.036] Block sealing failed                     err=unauthorized
INFO [02-08|21:50:51.508] Imported new chain segment               blocks=1 txs=0 mgas=0.000 elapsed="437.959µs" mgasps=0.000   number=2980 hash=6e4cfd..e65d20 dirty=3.82KiB
WARN [02-08|21:50:51.508] Block sealing failed                     err=unauthorized
INFO [02-08|21:50:56.014] Imported new chain segment               blocks=1 txs=0 mgas=0.000 elapsed="928.125µs" mgasps=0.000   number=2981 hash=3a7d4a..8569b4 dirty=3.82KiB
INFO [02-08|21:50:56.015] Commit new mining work                   number=2982 sealhash=920dc1..822376 uncles=0 txs=0 gas=0     fees=0 elapsed="508.375µs"
INFO [02-08|21:51:01.518] QBFT: handle final committed             address=0xDF8b560be949C229C821731554C33EAD5E3888A4 current.round=0 current.sequence=2982 state="Accept request"
INFO [02-08|23:06:46.311] Imported new chain segment               blocks=1 txs=0 mgas=0.000 elapsed="967.167µs" mgasps=0.000   number=2984 hash=62ce52..eae532 dirty=3.82KiB
INFO [02-08|23:06:51.014] Commit new mining work                   number=2986 sealhash=589d18..3cd362 uncles=0 txs=0 gas=0     fees=0 elapsed="146.834µs"
WARN [02-08|23:06:51.014] Block sealing failed                     err=unauthorized
INFO [02-08|23:06:51.014] QBFT: handle final committed             address=0xDF8b560be949C229C821731554C33EAD5E3888A4 current.round=0 current.sequence=2985 state="Accept request"
INFO [02-08|23:06:51.014] QBFT: initialize new round               address=0xDF8b560be949C229C821731554C33EAD5E3888A4 current.round=0 current.sequence=2985 target.round=0 lastProposal.number=2985 lastProposal.hash=2673c3..1765e1
INFO [02-08|23:06:51.014] QBFT: start new round                    address=0xDF8b560be949C229C821731554C33EAD5E3888A4 old.round=0  old.sequence=2985 old.state="Accept request" old.proposer=0x93917cADBace5dFCE132B991732c6Cda9bcC5B8a next.round=0 next.seq=2986 next.proposer=0x98C1334496614aED49d2E81526D089f7264fED9C next.valSet="[0x27A97C9AaF04f18f3014c32e036dD0Ac76Da5f18 0x93917cADBace5dFCE132B991732c6Cda9bcC5B8a 0x98C1334496614aED49d2E81526D089f7264fED9C 0xcE412f988377e31F4d0fF12d74df73B51C42d0cA]" next.size=4 next.IsProposer=false
INFO [02-08|23:06:56.009] Imported new chain segment               blocks=1 txs=0 mgas=0.000 elapsed="977.917µs" mgasps=0.000   number=2986 hash=e69a7e..96ab09 dirty=3.82KiB
INFO [02-08|23:06:56.010] QBFT: handle final committed             address=0xDF8b560be949C229C821731554C33EAD5E3888A4 current.round=0 current.sequence=2986 state="Accept request"
INFO [02-08|23:07:01.007] Imported new chain segment               blocks=1 txs=0 mgas=0.000 elapsed="337.25µs"  mgasps=0.000   number=2987 hash=493275..740f25 dirty=3.82KiB
INFO [02-08|23:07:01.007] Commit new mining work                   number=2988 sealhash=7cef16..ab3001 uncles=0 txs=0 gas=0     fees=0 elapsed="125.125µs"
INFO [02-08|23:07:01.007] QBFT: initialize new round               address=0xDF8b560be949C229C821731554C33EAD5E3888A4 current.round=0 current.sequence=2987 target.round=0 lastProposal.number=2987 lastProposal.hash=493275..740f25
INFO [02-08|23:07:01.007] QBFT: start new round                    address=0xDF8b560be949C229C821731554C33EAD5E3888A4 old.round=0  old.sequence=2987 old.state="Accept request" old.proposer=0xcE412f988377e31F4d0fF12d74df73B51C42d0cA next.round=0 next.seq=2988 next.proposer=0x27A97C9AaF04f18f3014c32e036dD0Ac76Da5f18 next.valSet="[0x27A97C9AaF04f18f3014c32e036dD0Ac76Da5f18 0x93917cADBace5dFCE132B991732c6Cda9bcC5B8a 0x98C1334496614aED49d2E81526D089f7264fED9C 0xcE412f988377e31F4d0fF12d74df73B51C42d0cA]" next.size=4 next.IsProposer=false
INFO [02-08|23:07:06.010] Imported new chain segment               blocks=1 txs=0 mgas=0.000 elapsed="919.958µs" mgasps=0.000   number=2988 hash=9f9de5..476f7f dirty=3.82KiB
INFO [02-08|23:07:06.010] QBFT: handle final committed             address=0xDF8b560be949C229C821731554C33EAD5E3888A4 current.round=0 current.sequence=2988 state="Accept request"
INFO [02-08|23:07:06.011] Commit new mining work                   number=2989 sealhash=684de1..470f41 uncles=0 txs=0 gas=0     fees=0 elapsed="312.917µs"
INFO [02-08|23:07:11.010] Imported new chain segment               blocks=1 txs=0 mgas=0.000 elapsed="736µs"     mgasps=0.000   number=2989 hash=f92b90..5cebd9 dirty=3.82KiB
INFO [02-08|23:07:11.011] QBFT: start new round                    address=0xDF8b560be949C229C821731554C33EAD5E3888A4 old.round=0  old.sequence=2989 old.state="Accept request" old.proposer=0x93917cADBace5dFCE132B991732c6Cda9bcC5B8a next.round=0 next.seq=2990 next.proposer=0x98C1334496614aED49d2E81526D089f7264fED9C next.valSet="[0x27A97C9AaF04f18f3014c32e036dD0Ac76Da5f18 0x93917cADBace5dFCE132B991732c6Cda9bcC5B8a 0x98C1334496614aED49d2E81526D089f7264fED9C 0xcE412f988377e31F4d0fF12d74df73B51C42d0cA]" next.size=4 next.IsProposer=false
INFO [02-09|00:09:06.145] Commit new mining work                   number=2991 sealhash=d090b6..d69f00 uncles=0 txs=0 gas=0     fees=0 elapsed="330.042µs"
INFO [02-09|00:09:06.145] QBFT: start new round                    address=0xDF8b560be949C229C821731554C33EAD5E3888A4 old.round=0  old.sequence=2990 old.state="Accept request" old.proposer=0x98C1334496614aED49d2E81526D089f7264fED9C next.round=0 next.seq=2991 next.proposer=0xcE412f988377e31F4d0fF12d74df73B51C42d0cA next.valSet="[0x27A97C9AaF04f18f3014c32e036dD0Ac76Da5f18 0x93917cADBace5dFCE132B991732c6Cda9bcC5B8a 0x98C1334496614aED49d2E81526D089f7264fED9C 0xcE412f988377e31F4d0fF12d74df73B51C42d0cA]" next.size=4 next.IsProposer=false
INFO [02-09|00:09:06.148] Imported new chain segment               blocks=1 txs=0 mgas=0.000 elapsed="241.625µs" mgasps=0.000   number=2991 hash=f54f89..ee9014 dirty=3.82KiB
WARN [02-09|00:09:06.149] Block sealing failed                     err=unauthorized
INFO [02-09|00:09:06.149] QBFT: handle final committed             address=0xDF8b560be949C229C821731554C33EAD5E3888A4 current.round=0 current.sequence=2991 state="Accept request"
INFO [02-09|00:09:11.018] Imported new chain segment               blocks=1 txs=0 mgas=0.000 elapsed=1.345ms     mgasps=0.000   number=2992 hash=5802d7..8441ed dirty=3.82KiB
WARN [02-09|00:09:11.019] Block sealing failed                     err=unauthorized
INFO [02-09|00:09:16.014] Imported new chain segment               blocks=1 txs=0 mgas=0.000 elapsed="831.625µs" mgasps=0.000   number=2993 hash=cf1688..154e7f dirty=3.82KiB
INFO [02-09|00:09:16.015] QBFT: initialize new round               address=0xDF8b560be949C229C821731554C33EAD5E3888A4 current.round=0 current.sequence=2993 target.round=0 lastProposal.number=2993 lastProposal.hash=cf1688..154e7f
INFO [02-09|00:09:21.011] Imported new chain segment               blocks=1 txs=0 mgas=0.000 elapsed="943.667µs" mgasps=0.000   number=2994 hash=a80df3..8ed1ce dirty=3.82KiB
INFO [02-09|00:09:31.517] Imported new chain segment               blocks=1 txs=0 mgas=0.000 elapsed=1.147ms     mgasps=0.000   number=2996 hash=3e9a5d..d21d9b dirty=3.82KiB
INFO [02-09|00:09:31.517] QBFT: initialize new round               address=0xDF8b560be949C229C821731554C33EAD5E3888A4 current.round=0 current.sequence=2996 target.round=0 lastProposal.number=2996 lastProposal.hash=3e9a5d..d21d9b
INFO [02-09|00:09:31.518] Commit new mining work                   number=2997 sealhash=1e0d37..515554 uncles=0 txs=0 gas=0     fees=0 elapsed="369.083µs"
INFO [02-09|01:19:10.095] Imported new chain segment               blocks=1 txs=0 mgas=0.000 elapsed="327.083µs" mgasps=0.000   number=2997 hash=dc5c57..477516 age=1h9m34s  dirty=3.82KiB
INFO [02-09|01:19:10.095] Commit new mining work                   number=2998 sealhash=9861af..a8fb64 uncles=0 txs=0 gas=0     fees=0 elapsed="91.5µs"
WARN [02-09|01:19:10.096] Block sealing failed                     err=unauthorized
INFO [02-09|01:19:10.096] QBFT: handle final committed             address=0xDF8b560be949C229C821731554C33EAD5E3888A4 current.round=0 current.sequence=2997 state="Accept request"
INFO [02-09|01:19:10.096] QBFT: initialize new round               address=0xDF8b560be949C229C821731554C33EAD5E3888A4 current.round=0 current.sequence=2997 target.round=0 lastProposal.number=2997 lastProposal.hash=dc5c57..477516
INFO [02-09|01:19:10.100] QBFT: handle final committed             address=0xDF8b560be949C229C821731554C33EAD5E3888A4 current.round=0 current.sequence=2998 state="Accept request"
INFO [02-09|01:19:10.100] QBFT: initialize new round               address=0xDF8b560be949C229C821731554C33EAD5E3888A4 current.round=0 current.sequence=2998 target.round=0 lastProposal.number=2998 lastProposal.hash=3eb966..e1de76
INFO [02-09|01:19:20.008] Imported new chain segment               blocks=1 txs=0 mgas=0.000 elapsed="456.041µs" mgasps=0.000   number=3000 hash=2ba72e..1ce106 dirty=3.82KiB
INFO [02-09|01:19:25.013] Imported new chain segment               blocks=1 txs=0 mgas=0.000 elapsed="943.625µs" mgasps=0.000   number=3001 hash=84c7fa..fad93c dirty=3.82KiB
INFO [02-09|01:19:30.014] Imported new chain segment               blocks=1 txs=0 mgas=0.000 elapsed="474.25µs"  mgasps=0.000   number=3002 hash=af2f79..0bbe85 dirty=3.82KiB
INFO [02-09|01:19:30.014] QBFT: start new round                    address=0xDF8b560be949C229C821731554C33EAD5E3888A4 old.round=0  old.sequence=3002 old.state="Accept request" old.proposer=0x98C1334496614aED49d2E81526D089f7264fED9C next.round=0 next.seq=3003 next.proposer=0xcE412f988377e31F4d0fF12d74df73B51C42d0cA next.valSet="[0x27A97C9AaF04f18f3014c32e036dD0Ac76Da5f18 0x93917cADBace5dFCE132B991732c6Cda9bcC5B8a 0x98C1334496614aED49d2E81526D089f7264fED9C 0xcE412f988377e31F4d0fF12d74df73B51C42d0cA]" next.size=4 next.IsProposer=false
INFO [02-09|01:19:35.012] Imported new chain segment               blocks=1 txs=0 mgas=0.000 elapsed="812.417µs" mgasps=0.000   number=3003 hash=825e19..a84425 dirty=3.82KiB
INFO [02-09|01:19:35.012] Commit new mining work                   number=3004 sealhash=62c2c2..5b25e8 uncles=0 txs=0 gas=0     fees=0 elapsed="248.5µs"
INFO [02-09|01:19:35.012] QBFT: handle final committed             address=0xDF8b560be949C229C821731554C33EAD5E3888A4 current.round=0 current.sequence=3003 state="Accept request"
INFO [02-09|02:05:38.809] Imported new chain segment               blocks=1 txs=0 mgas=0.000 elapsed="309.917µs" mgasps=0.000   number=3005 hash=68d3a0..038073 dirty=3.82KiB
INFO [02-09|02:05:38.809] Commit new mining work                   number=3006 sealhash=53d3df..3a9dc6 uncles=0 txs=0 gas=0     fees=0 elapsed="99.916µs"
INFO [02-09|02:05:38.809] QBFT: start new round                    address=0xDF8b560be949C229C821731554C33EAD5E3888A4 old.round=0  old.sequence=3005 old.state="Accept request" old.proposer=0x93917cADBace5dFCE132B991732c6Cda9bcC5B8a next.round=0 next.seq=3006 next.proposer=0x98C1334496614aED49d2E81526D089f7264fED9C next.valSet="[0x27A97C9AaF04f18f3014c32e036dD0Ac76Da5f18 0x93917cADBace5dFCE132B991732c6Cda9bcC5B8a 0x98C1334496614aED49d2E81526D089f7264fED9C 0xcE412f988377e31F4d0fF12d74df73B51C42d0cA]" next.size=4 next.IsProposer=false
INFO [02-09|02:05:43.012] Imported new chain segment               blocks=1 txs=0 mgas=0.000 elapsed="926.417µs" mgasps=0.000   number=3006 hash=ad67b9..6d0276 dirty=3.82KiB
WARN [02-09|02:05:43.012] Block sealing failed                     err=unauthorized
INFO [02-09|02:05:48.011] Imported new chain segment               blocks=1 txs=0 mgas=0.000 elapsed="878.208µs" mgasps=0.000   number=3007 hash=0d0f43..f860f3 dirty=3.82KiB
INFO [02-09|02:05:48.011] Commit new mining work                   number=3008 sealhash=d2ccc2..68325e uncles=0 txs=0 gas=0     fees=0 elapsed="239.458µs"
INFO [02-09|02:05:53.511] Imported new chain segment               blocks=1 txs=0 mgas=0.000 elapsed="660µs"     mgasps=0.000   number=3008 hash=488630..4779ca dirty=3.82KiB
INFO [02-09|02:05:58.012] Imported new chain segment               blocks=1 txs=0 mgas=0.000 elapsed="863.833µs" mgasps=0.000   number=3009 hash=b6e585..38efdf dirty=3.82KiB
INFO [02-09|02:06:03.516] Imported new chain segment               blocks=1 txs=0 mgas=0.000 elapsed=1.457ms     mgasps=0.000   number=3010 hash=750514..4798e1 dirty=3.82KiB
INFO [02-09|02:06:03.517] QBFT: initialize new round               address=0xDF8b560be949C229C821731554C33EAD5E3888A4 current.round=0 current.sequence=3010 target.round=0 lastProposal.number=3010 lastProposal.hash=750514..4798e1
INFO [02-09|02:54:49.161] Imported new chain segment               blocks=1 txs=0 mgas=0.000 elapsed="605.083µs" mgasps=0.000   number=3011 hash=eb401d..1a87a4 age=48m41s   dirty=3.82KiB
INFO [02-09|02:54:49.161] Commit new mining work                   number=3012 sealhash=549cbf..9420b0 uncles=0 txs=0 gas=0     fees=0 elapsed="176.375µs"
WARN [02-09|02:54:49.166] Block sealing failed                     err=unauthorized
INFO [02-09|02:54:54.008] Imported new chain segment               blocks=1 txs=0 mgas=0.000 elapsed="351.917µs" mgasps=0.000   number=3013 hash=a6ca2b..68696d dirty=3.82KiB
INFO [02-09|02:54:59.009] Imported new chain segment               blocks=1 txs=0 mgas=0.000 elapsed="902.625µs" mgasps=0.000   number=3014 hash=f6ac28..8c1d1a dirty=3.82KiB
INFO [02-09|02:54:59.009] Commit new mining work                   number=3015 sealhash=0d6c8b..f8015a uncles=0 txs=0 gas=0     fees=0 elapsed="271.042µs"
INFO [02-09|02:55:04.518] Imported new chain segment               blocks=1 txs=0 mgas=0.000 elapsed=1.076ms     mgasps=0.000   number=3015 hash=598a47..85fcf6 dirty=3.82KiB
INFO [02-09|02:55:09.009] Imported new chain segment               blocks=1 txs=0 mgas=0.000 elapsed="708.167µs" mgasps=0.000   number=3016 hash=c51fbb..583ce7 dirty=3.82KiB
INFO [02-09|02:55:09.010] Commit new mining work                   number=3017 sealhash=634e36..25fbee uncles=0 txs=0 gas=0     fees=0 elapsed="186.458µs"
INFO [02-09|02:55:09.010] QBFT: handle final committed             address=0xDF8b560be949C229C821731554C33EAD5E3888A4 current.round=0 current.sequence=3016 state="Accept request"
INFO [02-09|02:55:14.514] Imported new chain segment               blocks=1 txs=0 mgas=0.000 elapsed=1.490ms     mgasps=0.000   number=3017 hash=6e3a1b..1b1c9d dirty=3.82KiB
INFO [02-09|02:55:14.514] QBFT: initialize new round               address=0xDF8b560be949C229C821731554C33EAD5E3888A4 current.round=0 current.sequence=3017 target.round=0 lastProposal.number=3017 lastProposal.hash=6e3a1b..1b1c9d
INFO [02-09|03:37:49.451] Commit new mining work                   number=3019 sealhash=aef14f..65ba5f uncles=0 txs=0 gas=0     fees=0 elapsed="414.125µs"
INFO [02-09|03:37:49.956] Imported new chain segment               blocks=1 txs=0 mgas=0.000 elapsed="486.125µs" mgasps=0.000   number=3019 hash=e70369..88fd41 dirty=3.82KiB
INFO [02-09|03:37:49.957] QBFT: handle final committed             address=0xDF8b560be949C229C821731554C33EAD5E3888A4 current.round=0 current.sequence=3019 state="Accept request"
INFO [02-09|03:37:49.958] QBFT: start new round                    address=0xDF8b560be949C229C821731554C33EAD5E3888A4 old.round=0  old.sequence=3019 old.state="Accept request" old.proposer=0xcE412f988377e31F4d0fF12d74df73B51C42d0cA next.round=0 next.seq=3020 next.proposer=0x27A97C9AaF04f18f3014c32e036dD0Ac76Da5f18 next.valSet="[0x27A97C9AaF04f18f3014c32e036dD0Ac76Da5f18 0x93917cADBace5dFCE132B991732c6Cda9bcC5B8a 0x98C1334496614aED49d2E81526D089f7264fED9C 0xcE412f988377e31F4d0fF12d74df73B51C42d0cA]" next.size=4 next.IsProposer=false
WARN [02-09|03:37:49.958] Block sealing failed                     err=unauthorized
INFO [02-09|03:37:54.012] Imported new chain segment               blocks=1 txs=0 mgas=0.000 elapsed="930.75µs"  mgasps=0.000   number=3020 hash=9c2a18..051943 dirty=3.82KiB
INFO [02-09|03:37:54.013] QBFT: start new round                    address=0xDF8b560be949C229C821731554C33EAD5E3888A4 old.round=0  old.sequence=3020 old.state="Accept request" old.proposer=0x27A97C9AaF04f18f3014c32e036dD0Ac76Da5f18 next.round=0 next.seq=3021 next.proposer=0x93917cADBace5dFCE132B991732c6Cda9bcC5B8a next.valSet="[0x27A97C9AaF04f18f3014c32e036dD0Ac76Da5f18 0x93917cADBace5dFCE132B991732c6Cda9bcC5B8a 0x98C1334496614aED49d2E81526D089f7264fED9C 0xcE412f988377e31F4d0fF12d74df73B51C42d0cA]" next.size=4 next.IsProposer=false
WARN [02-09|03:37:54.013] Block sealing failed                     err=unauthorized
INFO [02-09|03:37:59.014] Commit new mining work                   number=3022 sealhash=8bf23a..f60155 uncles=0 txs=0 gas=0     fees=0 elapsed="317.125µs"
WARN [02-09|03:37:59.014] Block sealing failed                     err=unauthorized
INFO [02-09|03:38:04.117] Imported new chain segment               blocks=1 txs=0 mgas=0.000 elapsed="725.833µs" mgasps=0.000   number=3022 hash=cb0d45..40de5b dirty=3.82KiB
INFO [02-09|03:38:09.016] Imported new chain segment               blocks=1 txs=0 mgas=0.000 elapsed=2.320ms     mgasps=0.000   number=3023 hash=1f6c82..0ff8d0 dirty=3.82KiB
INFO [02-09|03:38:09.017] QBFT: handle final committed             address=0xDF8b560be949C229C821731554C33EAD5E3888A4 current.round=0 current.sequence=3023 state="Accept request"
INFO [02-09|03:38:09.017] QBFT: start new round                    address=0xDF8b560be949C229C821731554C33EAD5E3888A4 old.round=0  old.sequence=3023 old.state="Accept request" old.proposer=0xcE412f988377e31F4d0fF12d74df73B51C42d0cA next.round=0 next.seq=3024 next.proposer=0x27A97C9AaF04f18f3014c32e036dD0Ac76Da5f18 next.valSet="[0x27A97C9AaF04f18f3014c32e036dD0Ac76Da5f18 0x93917cADBace5dFCE132B991732c6Cda9bcC5B8a 0x98C1334496614aED49d2E81526D089f7264fED9C 0xcE412f988377e31F4d0fF12d74df73B51C42d0cA]" next.size=4 next.IsProposer=false
INFO [02-09|03:38:14.512] Imported new chain segment               blocks=1 txs=0 mgas=0.000 elapsed="382.042µs" mgasps=0.000   number=3024 hash=a96a04..9e54d4 dirty=3.82KiB
WARN [02-09|03:38:14.512] Block sealing failed                     err=unauthorized
INFO [02-09|04:21:37.884] Imported new chain segment               blocks=1 txs=0 mgas=0.000 elapsed="945.875µs" mgasps=0.000   number=3025 hash=e90b2a..a0f18c age=43m18s   dirty=3.82KiB
INFO [02-09|04:21:37.884] QBFT: handle final committed             address=0xDF8b560be949C229C821731554C33EAD5E3888A4 current.round=0 current.sequence=3025 state="Accept request"
INFO [02-09|04:21:37.884] QBFT: initialize new round               address=0xDF8b560be949C229C821731554C33EAD5E3888A4 current.round=0 current.sequence=3025 target.round=0 lastProposal.number=3025 lastProposal.hash=e90b2a..a0f18c
INFO [02-09|04:21:37.884] Commit new mining work                   number=3026 sealhash=ff2c8f..50f9bc uncles=0 txs=0 gas=0     fees=0 elapsed="315.458µs"
INFO [02-09|04:21:37.895] QBFT: initialize new round               address=0xDF8b560be949C229C821731554C33EAD5E3888A4 current.round=0 current.sequence=3026 target.round=0 lastProposal.number=3026 lastProposal.hash=041429..8ace72
INFO [02-09|04:21:42.009] Imported new chain segment               blocks=1 txs=0 mgas=0.000 elapsed="844.416µs" mgasps=0.000   number=3027 hash=318ef9..394747 dirty=3.82KiB
INFO [02-09|04:21:42.009] QBFT: handle final committed             address=0xDF8b560be949C229C821731554C33EAD5E3888A4 current.round=0 current.sequence=3027 state="Accept request"
INFO [02-09|04:21:42.009] QBFT: initialize new round               address=0xDF8b560be949C229C821731554C33EAD5E3888A4 current.round=0 current.sequence=3027 target.round=0 lastProposal.number=3027 lastProposal.hash=318ef9..394747
WARN [02-09|04:21:42.010] Block sealing failed                     err=unauthorized
INFO [02-09|04:21:47.011] Imported new chain segment               blocks=1 txs=0 mgas=0.000 elapsed=1.049ms     mgasps=0.000   number=3028 hash=c225e7..9eb9f3 dirty=3.82KiB
INFO [02-09|04:21:47.012] Commit new mining work                   number=3029 sealhash=527054..8d9f53 uncles=0 txs=0 gas=0     fees=0 elapsed="362.5µs"
INFO [02-09|04:21:47.012] QBFT: initialize new round               address=0xDF8b560be949C229C821731554C33EAD5E3888A4 current.round=0 current.sequence=3028 target.round=0 lastProposal.number=3028 lastProposal.hash=c225e7..9eb9f3
INFO [02-09|04:21:52.015] QBFT: start new round                    address=0xDF8b560be949C229C821731554C33EAD5E3888A4 old.round=0  old.sequence=3029 old.state="Accept request" old.proposer=0x93917cADBace5dFCE132B991732c6Cda9bcC5B8a next.round=0 next.seq=3030 next.proposer=0x98C1334496614aED49d2E81526D089f7264fED9C next.valSet="[0x27A97C9AaF04f18f3014c32e036dD0Ac76Da5f18 0x93917cADBace5dFCE132B991732c6Cda9bcC5B8a 0x98C1334496614aED49d2E81526D089f7264fED9C 0xcE412f988377e31F4d0fF12d74df73B51C42d0cA]" next.size=4 next.IsProposer=false
INFO [02-09|04:21:57.013] Imported new chain segment               blocks=1 txs=0 mgas=0.000 elapsed="992.334µs" mgasps=0.000   number=3030 hash=a06480..779a97 dirty=3.82KiB
INFO [02-09|04:21:57.014] QBFT: initialize new round               address=0xDF8b560be949C229C821731554C33EAD5E3888A4 current.round=0 current.sequence=3030 target.round=0 lastProposal.number=3030 lastProposal.hash=a06480..779a97
INFO [02-09|04:22:02.511] Imported new chain segment               blocks=1 txs=0 mgas=0.000 elapsed="791.333µs" mgasps=0.000   number=3031 hash=d0d6d5..715277 dirty=3.82KiB
WARN [02-09|05:07:08.137] Block sealing failed                     err=unauthorized
INFO [02-09|05:07:08.141] Imported new chain segment               blocks=1 txs=0 mgas=0.000 elapsed="358.375µs" mgasps=0.000   number=3033 hash=ba9cf6..bb9783 dirty=3.82KiB
INFO [02-09|05:07:08.142] QBFT: start new round                    address=0xDF8b560be949C229C821731554C33EAD5E3888A4 old.round=0  old.sequence=3033 old.state="Accept request" old.proposer=0x93917cADBace5dFCE132B991732c6Cda9bcC5B8a next.round=0 next.seq=3034 next.proposer=0x98C1334496614aED49d2E81526D089f7264fED9C next.valSet="[0x27A97C9AaF04f18f3014c32e036dD0Ac76Da5f18 0x93917cADBace5dFCE132B991732c6Cda9bcC5B8a 0x98C1334496614aED49d2E81526D089f7264fED9C 0xcE412f988377e31F4d0fF12d74df73B51C42d0cA]" next.size=4 next.IsProposer=false
WARN [02-09|05:07:08.142] Block sealing failed                     err=unauthorized
INFO [02-09|05:07:13.010] Imported new chain segment               blocks=1 txs=0 mgas=0.000 elapsed="966.666µs" mgasps=0.000   number=3034 hash=c8fa98..c38ac7 dirty=3.82KiB
INFO [02-09|05:07:13.011] QBFT: handle final committed             address=0xDF8b560be949C229C821731554C33EAD5E3888A4 current.round=0 current.sequence=3034 state="Accept request"
INFO [02-09|05:07:23.511] Imported new chain segment               blocks=1 txs=0 mgas=0.000 elapsed=1.843ms     mgasps=0.000   number=3036 hash=d3f4f0..99a263 dirty=3.82KiB
INFO [02-09|05:07:23.512] Commit new mining work                   number=3037 sealhash=437009..b90fd3 uncles=0 txs=0 gas=0     fees=0 elapsed="358.458µs"
INFO [02-09|05:07:23.512] QBFT: handle final committed             address=0xDF8b560be949C229C821731554C33EAD5E3888A4 current.round=0 current.sequence=3036 state="Accept request"
INFO [02-09|05:07:23.512] QBFT: start new round                    address=0xDF8b560be949C229C821731554C33EAD5E3888A4 old.round=0  old.sequence=3036 old.state="Accept request" old.proposer=0x27A97C9AaF04f18f3014c32e036dD0Ac76Da5f18 next.round=0 next.seq=3037 next.proposer=0x93917cADBace5dFCE132B991732c6Cda9bcC5B8a next.valSet="[0x27A97C9AaF04f18f3014c32e036dD0Ac76Da5f18 0x93917cADBace5dFCE132B991732c6Cda9bcC5B8a 0x98C1334496614aED49d2E81526D089f7264fED9C 0xcE412f988377e31F4d0fF12d74df73B51C42d0cA]" next.size=4 next.IsProposer=false
INFO [02-09|05:07:28.016] Imported new chain segment               blocks=1 txs=0 mgas=0.000 elapsed="824.792µs" mgasps=0.000   number=3037 hash=d34147..adb14d dirty=3.82KiB
INFO [02-09|05:07:28.016] Commit new mining work                   number=3038 sealhash=d094ce..241928 uncles=0 txs=0 gas=0     fees=0 elapsed="221.5µs"
INFO [02-09|05:07:33.006] Imported new chain segment               blocks=1 txs=0 mgas=0.000 elapsed="306.5µs"   mgasps=0.000   number=3038 hash=aefa54..8305f8 dirty=3.82KiB
INFO [02-09|06:24:20.099] QBFT: handle final committed             address=0xDF8b560be949C229C821731554C33EAD5E3888A4 current.round=0 current.sequence=3039 state="Accept request"
INFO [02-09|06:24:20.106] Imported new chain segment               blocks=1 txs=0 mgas=0.000 elapsed="680.042µs" mgasps=0.000   number=3040 hash=ecaa61..56e762 dirty=3.82KiB
INFO [02-09|06:24:20.106] Commit new mining work                   number=3041 sealhash=7b0a77..acc76d uncles=0 txs=0 gas=0     fees=0 elapsed="339.458µs"
WARN [02-09|06:24:20.106] Block sealing failed                     err=unauthorized
INFO [02-09|06:24:25.010] Imported new chain segment               blocks=1 txs=0 mgas=0.000 elapsed="786.541µs" mgasps=0.000   number=3041 hash=e9a822..eed56e dirty=3.82KiB
INFO [02-09|06:24:25.011] QBFT: initialize new round               address=0xDF8b560be949C229C821731554C33EAD5E3888A4 current.round=0 current.sequence=3041 target.round=0 lastProposal.number=3041 lastProposal.hash=e9a822..eed56e
INFO [02-09|06:24:30.012] Imported new chain segment               blocks=1 txs=0 mgas=0.000 elapsed="827.416µs" mgasps=0.000   number=3042 hash=308070..b36051 dirty=3.82KiB
INFO [02-09|06:24:35.512] Imported new chain segment               blocks=1 txs=0 mgas=0.000 elapsed="809.042µs" mgasps=0.000   number=3043 hash=fd38d8..680c0a dirty=3.82KiB
INFO [02-09|06:24:40.016] QBFT: initialize new round               address=0xDF8b560be949C229C821731554C33EAD5E3888A4 current.round=0 current.sequence=3044 target.round=0 lastProposal.number=3044 lastProposal.hash=c759e5..38ea69
INFO [02-09|06:24:45.514] Commit new mining work                   number=3046 sealhash=1f1374..620c75 uncles=0 txs=0 gas=0     fees=0 elapsed="410µs"
INFO [02-09|06:57:42.472] Imported new chain segment               blocks=1 txs=0 mgas=0.000 elapsed="619.292µs" mgasps=0.000   number=3046 hash=c453c4..a1fa5f age=32m52s   dirty=3.82KiB
INFO [02-09|06:57:42.472] QBFT: handle final committed             address=0xDF8b560be949C229C821731554C33EAD5E3888A4 current.round=0 current.sequence=3046 state="Accept request"
INFO [02-09|06:57:42.472] Commit new mining work                   number=3047 sealhash=c1dc57..aab804 uncles=0 txs=0 gas=0     fees=0 elapsed="154.959µs"
INFO [02-09|06:57:42.476] Imported new chain segment               blocks=1 txs=0 mgas=0.000 elapsed="428.916µs" mgasps=0.000   number=3047 hash=0acfec..c37ab6 dirty=3.82KiB
INFO [02-09|06:57:42.476] QBFT: start new round                    address=0xDF8b560be949C229C821731554C33EAD5E3888A4 old.round=0  old.sequence=3047 old.state="Accept request" old.proposer=0xcE412f988377e31F4d0fF12d74df73B51C42d0cA next.round=0 next.seq=3048 next.proposer=0x27A97C9AaF04f18f3014c32e036dD0Ac76Da5f18 next.valSet="[0x27A97C9AaF04f18f3014c32e036dD0Ac76Da5f18 0x93917cADBace5dFCE132B991732c6Cda9bcC5B8a 0x98C1334496614aED49d2E81526D089f7264fED9C 0xcE412f988377e31F4d0fF12d74df73B51C42d0cA]" next.size=4 next.IsProposer=false
INFO [02-09|06:57:52.004] Imported new chain segment               blocks=1 txs=0 mgas=0.000 elapsed="249.709µs" mgasps=0.000   number=3049 hash=e21daf..1faeee dirty=3.82KiB
INFO [02-09|06:57:52.004] QBFT: handle final committed             address=0xDF8b560be949C229C821731554C33EAD5E3888A4 current.round=0 current.sequence=3049 state="Accept request"
INFO [02-09|06:57:57.011] Imported new chain segment               blocks=1 txs=0 mgas=0.000 elapsed="891.083µs" mgasps=0.000   number=3050 hash=49e817..9de2c1 dirty=3.82KiB
INFO [02-09|06:57:57.011] QBFT: handle final committed             address=0xDF8b560be949C229C821731554C33EAD5E3888A4 current.round=0 current.sequence=3050 state="Accept request"
INFO [02-09|06:58:02.006] Imported new chain segment               blocks=1 txs=0 mgas=0.000 elapsed="548.167µs" mgasps=0.000   number=3051 hash=249a29..838b36 dirty=3.82KiB
INFO [02-09|06:58:02.007] QBFT: start new round                    address=0xDF8b560be949C229C821731554C33EAD5E3888A4 old.round=0  old.sequence=3051 old.state="Accept request" old.proposer=0xcE412f988377e31F4d0fF12d74df73B51C42d0cA next.round=0 next.seq=3052 next.proposer=0x27A97C9AaF04f18f3014c32e036dD0Ac76Da5f18 next.valSet="[0x27A97C9AaF04f18f3014c32e036dD0Ac76Da5f18 0x93917cADBace5dFCE132B991732c6Cda9bcC5B8a 0x98C1334496614aED49d2E81526D089f7264fED9C 0xcE412f988377e31F4d0fF12d74df73B51C42d0cA]" next.size=4 next.IsProposer=false
INFO [02-09|06:58:07.515] Imported new chain segment               blocks=1 txs=0 mgas=0.000 elapsed=1.100ms     mgasps=0.000   number=3052 hash=a3d582..7579e7 dirty=3.82KiB
INFO [02-09|06:58:07.516] QBFT: initialize new round               address=0xDF8b560be949C229C821731554C33EAD5E3888A4 current.round=0 current.sequence=3052 target.round=0 lastProposal.number=3052 lastProposal.hash=a3d582..7579e7
INFO [02-09|08:10:03.929] Imported new chain segment               blocks=1 txs=0 mgas=0.000 elapsed="504.5µs"   mgasps=0.000   number=3053 hash=f8cff3..56b1d1 age=1h11m51s dirty=3.82KiB
INFO [02-09|08:10:03.929] QBFT: initialize new round               address=0xDF8b560be949C229C821731554C33EAD5E3888A4 current.round=0 current.sequence=3053 target.round=0 lastProposal.number=3053 lastProposal.hash=f8cff3..56b1d1
INFO [02-09|08:10:03.929] QBFT: start new round                    address=0xDF8b560be949C229C821731554C33EAD5E3888A4 old.round=0  old.sequence=3053 old.state="Accept request" old.proposer=0x93917cADBace5dFCE132B991732c6Cda9bcC5B8a next.round=0 next.seq=3054 next.proposer=0x98C1334496614aED49d2E81526D089f7264fED9C next.valSet="[0x27A97C9AaF04f18f3014c32e036dD0Ac76Da5f18 0x93917cADBace5dFCE132B991732c6Cda9bcC5B8a 0x98C1334496614aED49d2E81526D089f7264fED9C 0xcE412f988377e31F4d0fF12d74df73B51C42d0cA]" next.size=4 next.IsProposer=false
INFO [02-09|08:10:08.011] Commit new mining work                   number=3056 sealhash=c5df54..a182b9 uncles=0 txs=0 gas=0     fees=0 elapsed="299.917µs"
INFO [02-09|08:10:08.011] QBFT: handle final committed             address=0xDF8b560be949C229C821731554C33EAD5E3888A4 current.round=0 current.sequence=3055 state="Accept request"
INFO [02-09|08:10:08.011] QBFT: start new round                    address=0xDF8b560be949C229C821731554C33EAD5E3888A4 old.round=0  old.sequence=3055 old.state="Accept request" old.proposer=0xcE412f988377e31F4d0fF12d74df73B51C42d0cA next.round=0 next.seq=3056 next.proposer=0x27A97C9AaF04f18f3014c32e036dD0Ac76Da5f18 next.valSet="[0x27A97C9AaF04f18f3014c32e036dD0Ac76Da5f18 0x93917cADBace5dFCE132B991732c6Cda9bcC5B8a 0x98C1334496614aED49d2E81526D089f7264fED9C 0xcE412f988377e31F4d0fF12d74df73B51C42d0cA]" next.size=4 next.IsProposer=false
INFO [02-09|08:10:13.014] Imported new chain segment               blocks=1 txs=0 mgas=0.000 elapsed=1.295ms     mgasps=0.000   number=3056 hash=3996bd..e241fa dirty=3.82KiB
INFO [02-09|08:10:13.015] QBFT: handle final committed             address=0xDF8b560be949C229C821731554C33EAD5E3888A4 current.round=0 current.sequence=3056 state="Accept request"
INFO [02-09|08:10:13.015] QBFT: initialize new round               address=0xDF8b560be949C229C821731554C33EAD5E3888A4 current.round=0 current.sequence=3056 target.round=0 lastProposal.number=3056 lastProposal.hash=3996bd..e241fa
INFO [02-09|08:10:18.011] Imported new chain segment               blocks=1 txs=0 mgas=0.000 elapsed="919.625µs" mgasps=0.000   number=3057 hash=548e88..d6f503 dirty=3.82KiB
WARN [02-09|08:10:18.012] Block sealing failed                     err=unauthorized
INFO [02-09|08:10:18.012] QBFT: initialize new round               address=0xDF8b560be949C229C821731554C33EAD5E3888A4 current.round=0 current.sequence=3057 target.round=0 lastProposal.number=3057 lastProposal.hash=548e88..d6f503
INFO [02-09|08:10:23.009] Imported new chain segment               blocks=1 txs=0 mgas=0.000 elapsed="505.708µs" mgasps=0.000   number=3058 hash=c25cca..bba0ed dirty=3.82KiB
INFO [02-09|08:10:23.010] QBFT: start new round                    address=0xDF8b560be949C229C821731554C33EAD5E3888A4 old.round=0  old.sequence=3058 old.state="Accept request" old.proposer=0x98C1334496614aED49d2E81526D089f7264fED9C next.round=0 next.seq=3059 next.proposer=0xcE412f988377e31F4d0fF12d74df73B51C42d0cA next.valSet="[0x27A97C9AaF04f18f3014c32e036dD0Ac76Da5f18 0x93917cADBace5dFCE132B991732c6Cda9bcC5B8a 0x98C1334496614aED49d2E81526D089f7264fED9C 0xcE412f988377e31F4d0fF12d74df73B51C42d0cA]" next.size=4 next.IsProposer=false
INFO [02-09|08:10:23.010] Commit new mining work                   number=3059 sealhash=d723fc..9b360d uncles=0 txs=0 gas=0     fees=0 elapsed="174.542µs"
INFO [02-09|08:10:28.014] Imported new chain segment               blocks=1 txs=0 mgas=0.000 elapsed=1.048ms     mgasps=0.000   number=3059 hash=7e9427..819209 dirty=3.82KiB
INFO [02-09|08:10:28.014] QBFT: handle final committed             address=0xDF8b560be949C229C821731554C33EAD5E3888A4 current.round=0 current.sequence=3059 state="Accept request"
INFO [02-09|08:10:28.014] QBFT: initialize new round               address=0xDF8b560be949C229C821731554C33EAD5E3888A4 current.round=0 current.sequence=3059 target.round=0 lastProposal.number=3059 lastProposal.hash=7e9427..819209
INFO [02-09|08:10:33.011] Imported new chain segment               blocks=1 txs=0 mgas=0.000 elapsed=1.396ms     mgasps=0.000   number=3060 hash=60214b..fb9137 dirty=3.82KiB
INFO [02-09|08:10:33.011] QBFT: handle final committed             address=0xDF8b560be949C229C821731554C33EAD5E3888A4 current.round=0 current.sequence=3060 state="Accept request"
INFO [02-09|08:39:51.341] Imported new chain segment               blocks=1 txs=0 mgas=0.000 elapsed="927.583µs" mgasps=0.000   number=3062 hash=bfdb0d..a4bc09 dirty=3.82KiB
INFO [02-09|08:39:51.341] Commit new mining work                   number=3063 sealhash=a93fb7..ed883d uncles=0 txs=0 gas=0     fees=0 elapsed="178.167µs"
INFO [02-09|08:39:51.342] QBFT: handle final committed             address=0xDF8b560be949C229C821731554C33EAD5E3888A4 current.round=0 current.sequence=3062 state="Accept request"
INFO [02-09|08:39:51.342] QBFT: initialize new round               address=0xDF8b560be949C229C821731554C33EAD5E3888A4 current.round=0 current.sequence=3062 target.round=0 lastProposal.number=3062 lastProposal.hash=bfdb0d..a4bc09
INFO [02-09|08:39:56.004] Imported new chain segment               blocks=1 txs=0 mgas=0.000 elapsed="337.792µs" mgasps=0.000   number=3063 hash=fac312..de3809 dirty=3.82KiB
INFO [02-09|08:39:56.004] QBFT: handle final committed             address=0xDF8b560be949C229C821731554C33EAD5E3888A4 current.round=0 current.sequence=3063 state="Accept request"
INFO [02-09|08:39:56.004] QBFT: initialize new round               address=0xDF8b560be949C229C821731554C33EAD5E3888A4 current.round=0 current.sequence=3063 target.round=0 lastProposal.number=3063 lastProposal.hash=fac312..de3809
INFO [02-09|08:40:01.005] Imported new chain segment               blocks=1 txs=0 mgas=0.000 elapsed="406.375µs" mgasps=0.000   number=3064 hash=cf7806..2b65c8 dirty=3.82KiB
INFO [02-09|08:40:01.006] Commit new mining work                   number=3065 sealhash=262e20..ccc598 uncles=0 txs=0 gas=0     fees=0 elapsed="75.625µs"
INFO [02-09|08:40:06.017] Imported new chain segment               blocks=1 txs=0 mgas=0.000 elapsed="858.417µs" mgasps=0.000   number=3065 hash=6028b9..9402b0 dirty=3.82KiB
INFO [02-09|08:40:06.017] QBFT: start new round                    address=0xDF8b560be949C229C821731554C33EAD5E3888A4 old.round=0  old.sequence=3065 old.state="Accept request" old.proposer=0x93917cADBace5dFCE132B991732c6Cda9bcC5B8a next.round=0 next.seq=3066 next.proposer=0x98C1334496614aED49d2E81526D089f7264fED9C next.valSet="[0x27A97C9AaF04f18f3014c32e036dD0Ac76Da5f18 0x93917cADBace5dFCE132B991732c6Cda9bcC5B8a 0x98C1334496614aED49d2E81526D089f7264fED9C 0xcE412f988377e31F4d0fF12d74df73B51C42d0cA]" next.size=4 next.IsProposer=false
INFO [02-09|08:40:11.007] Imported new chain segment               blocks=1 txs=0 mgas=0.000 elapsed="366.833µs" mgasps=0.000   number=3066 hash=e2a994..6133f2 dirty=3.82KiB
INFO [02-09|08:40:11.007] Commit new mining work                   number=3067 sealhash=e1a8e8..386341 uncles=0 txs=0 gas=0     fees=0 elapsed="100.5µs"
WARN [02-09|08:40:11.007] Block sealing failed                     err=unauthorized
INFO [02-09|08:40:11.007] QBFT: handle final committed             address=0xDF8b560be949C229C821731554C33EAD5E3888A4 current.round=0 current.sequence=3066 state="Accept request"
INFO [02-09|08:40:11.007] QBFT: initialize new round               address=0xDF8b560be949C229C821731554C33EAD5E3888A4 current.round=0 current.sequence=3066 target.round=0 lastProposal.number=3066 lastProposal.hash=e2a994..6133f2
INFO [02-09|08:40:16.515] Imported new chain segment               blocks=1 txs=0 mgas=0.000 elapsed=1.053ms     mgasps=0.000   number=3067 hash=912957..64b201 dirty=3.82KiB
WARN [02-09|08:40:16.515] Block sealing failed                     err=unauthorized
INFO [02-09|08:40:16.515] QBFT: start new round                    address=0xDF8b560be949C229C821731554C33EAD5E3888A4 old.round=0  old.sequence=3067 old.state="Accept request" old.proposer=0xcE412f988377e31F4d0fF12d74df73B51C42d0cA next.round=0 next.seq=3068 next.proposer=0x27A97C9AaF04f18f3014c32e036dD0Ac76Da5f18 next.valSet="[0x27A97C9AaF04f18f3014c32e036dD0Ac76Da5f18 0x93917cADBace5dFCE132B991732c6Cda9bcC5B8a 0x98C1334496614aED49d2E81526D089f7264fED9C 0xcE412f988377e31F4d0fF12d74df73B51C42d0cA]" next.size=4 next.IsProposer=false
INFO [02-09|09:46:20.229] Downloader queue stats                   receiptTasks=0 blockTasks=0 itemSize=299.88B throttle=8192
INFO [02-09|09:46:20.231] Imported new chain segment               blocks=2 txs=0 mgas=0.000 elapsed=1.405ms     mgasps=0.000   number=3069 hash=e8ddc1..858cb4 dirty=3.82KiB
INFO [02-09|09:46:20.231] QBFT: handle final committed             address=0xDF8b560be949C229C821731554C33EAD5E3888A4 current.round=0 current.sequence=3068 state="Accept request"
INFO [02-09|09:46:25.010] Imported new chain segment               blocks=1 txs=0 mgas=0.000 elapsed="868.042µs" mgasps=0.000   number=3070 hash=3eceda..8b425a dirty=3.82KiB
INFO [02-09|09:46:25.010] Commit new mining work                   number=3071 sealhash=12165a..6bc20a uncles=0 txs=0 gas=0     fees=0 elapsed="247.25µs"
WARN [02-09|09:46:25.010] Block sealing failed                     err=unauthorized
INFO [02-09|09:46:25.010] QBFT: handle final committed             address=0xDF8b560be949C229C821731554C33EAD5E3888A4 current.round=0 current.sequence=3070 state="Accept request"
INFO [02-09|09:46:25.010] QBFT: initialize new round               address=0xDF8b560be949C229C821731554C33EAD5E3888A4 current.round=0 current.sequence=3070 target.round=0 lastProposal.number=3070 lastProposal.hash=3eceda..8b425a
INFO [02-09|09:46:30.015] Commit new mining work                   number=3072 sealhash=633e91..7ef20e uncles=0 txs=0 gas=0     fees=0 elapsed="386.958µs"
INFO [02-09|09:46:35.010] QBFT: handle final committed             address=0xDF8b560be949C229C821731554C33EAD5E3888A4 current.round=0 current.sequence=3072 state="Accept request"
INFO [02-09|09:46:40.008] Imported new chain segment               blocks=1 txs=0 mgas=0.000 elapsed="656.958µs" mgasps=0.000   number=3073 hash=772c49..148f14 dirty=3.82KiB
INFO [02-09|09:46:40.008] QBFT: handle final committed             address=0xDF8b560be949C229C821731554C33EAD5E3888A4 current.round=0 current.sequence=3073 state="Accept request"
INFO [02-09|09:46:40.008] QBFT: initialize new round               address=0xDF8b560be949C229C821731554C33EAD5E3888A4 current.round=0 current.sequence=3073 target.round=0 lastProposal.number=3073 lastProposal.hash=772c49..148f14
INFO [02-09|09:46:40.008] QBFT: start new round                    address=0xDF8b560be949C229C821731554C33EAD5E3888A4 old.round=0  old.sequence=3073 old.state="Accept request" old.proposer=0x93917cADBace5dFCE132B991732c6Cda9bcC5B8a next.round=0 next.seq=3074 next.proposer=0x98C1334496614aED49d2E81526D089f7264fED9C next.valSet="[0x27A97C9AaF04f18f3014c32e036dD0Ac76Da5f18 0x93917cADBace5dFCE132B991732c6Cda9bcC5B8a 0x98C1334496614aED49d2E81526D089f7264fED9C 0xcE412f988377e31F4d0fF12d74df73B51C42d0cA]" next.size=4 next.IsProposer=false
WARN [02-09|09:46:40.008] Block sealing failed                     err=unauthorized
INFO [02-09|09:46:40.008] Commit new mining work                   number=3074 sealhash=997577..d58953 uncles=0 txs=0 gas=0     fees=0 elapsed="174.917µs"
INFO [02-09|09:46:45.012] Imported new chain segment               blocks=1 txs=0 mgas=0.000 elapsed="914.25µs"  mgasps=0.000   number=3074 hash=0a8320..05e0af dirty=3.82KiB
INFO [02-09|09:46:45.013] QBFT: initialize new round               address=0xDF8b560be949C229C821731554C33EAD5E3888A4 current.round=0 current.sequence=3074 target.round=0 lastProposal.number=3074 lastProposal.hash=0a8320..05e0af
INFO [02-09|10:12:21.306] QBFT: start new round                    address=0xDF8b560be949C229C821731554C33EAD5E3888A4 old.round=0  old.sequence=3075 old.state="Accept request" old.proposer=0xcE412f988377e31F4d0fF12d74df73B51C42d0cA next.round=0 next.seq=3076 next.proposer=0x27A97C9AaF04f18f3014c32e036dD0Ac76Da5f18 next.valSet="[0x27A97C9AaF04f18f3014c32e036dD0Ac76Da5f18 0x93917cADBace5dFCE132B991732c6Cda9bcC5B8a 0x98C1334496614aED49d2E81526D089f7264fED9C 0xcE412f988377e31F4d0fF12d74df73B51C42d0cA]" next.size=4 next.IsProposer=false
INFO [02-09|10:12:21.812] Imported new chain segment               blocks=1 txs=0 mgas=0.000 elapsed="298.5µs"   mgasps=0.000   number=3076 hash=b2b200..5cec80 dirty=3.82KiB
INFO [02-09|10:12:21.812] Commit new mining work                   number=3077 sealhash=98104a..743002 uncles=0 txs=0 gas=0     fees=0 elapsed="97.334µs"
INFO [02-09|10:12:21.812] QBFT: initialize new round               address=0xDF8b560be949C229C821731554C33EAD5E3888A4 current.round=0 current.sequence=3076 target.round=0 lastProposal.number=3076 lastProposal.hash=b2b200..5cec80
INFO [02-09|10:12:26.010] Imported new chain segment               blocks=1 txs=0 mgas=0.000 elapsed="774.083µs" mgasps=0.000   number=3077 hash=1d4b26..a6a4b4 dirty=3.82KiB
INFO [02-09|10:12:26.011] QBFT: handle final committed             address=0xDF8b560be949C229C821731554C33EAD5E3888A4 current.round=0 current.sequence=3077 state="Accept request"
INFO [02-09|10:12:31.010] Imported new chain segment               blocks=1 txs=0 mgas=0.000 elapsed="824.416µs" mgasps=0.000   number=3078 hash=f98924..8b7911 dirty=3.82KiB
INFO [02-09|10:12:31.011] Commit new mining work                   number=3079 sealhash=070aa3..406c05 uncles=0 txs=0 gas=0     fees=0 elapsed="252.667µs"
WARN [02-09|10:12:31.011] Block sealing failed                     err=unauthorized
INFO [02-09|10:12:36.511] Imported new chain segment               blocks=1 txs=0 mgas=0.000 elapsed="686.833µs" mgasps=0.000   number=3079 hash=56ae16..dbb9f7 dirty=3.82KiB
INFO [02-09|10:12:41.012] Imported new chain segment               blocks=1 txs=0 mgas=0.000 elapsed="892.959µs" mgasps=0.000   number=3080 hash=a7a2fb..da63d6 dirty=3.82KiB
INFO [02-09|10:12:41.013] Commit new mining work                   number=3081 sealhash=719976..778a65 uncles=0 txs=0 gas=0     fees=0 elapsed="307µs"
INFO [02-09|10:12:46.014] QBFT: start new round                    address=0xDF8b560be949C229C821731554C33EAD5E3888A4 old.round=0  old.sequence=3081 old.state="Accept request" old.proposer=0x93917cADBace5dFCE132B991732c6Cda9bcC5B8a next.round=0 next.seq=3082 next.proposer=0x98C1334496614aED49d2E81526D089f7264fED9C next.valSet="[0x27A97C9AaF04f18f3014c32e036dD0Ac76Da5f18 0x93917cADBace5dFCE132B991732c6Cda9bcC5B8a 0x98C1334496614aED49d2E81526D089f7264fED9C 0xcE412f988377e31F4d0fF12d74df73B51C42d0cA]" next.size=4 next.IsProposer=false
INFO [02-09|11:13:03.032] Commit new mining work                   number=3084 sealhash=03c28b..503990 uncles=0 txs=0 gas=0     fees=0 elapsed="341.708µs"
INFO [02-09|11:13:08.022] Commit new mining work                   number=3085 sealhash=156bd2..a8cd37 uncles=0 txs=0 gas=0     fees=0 elapsed="136.041µs"
INFO [02-09|11:13:13.009] Imported new chain segment               blocks=1 txs=0 mgas=0.000 elapsed="434.291µs" mgasps=0.000   number=3085 hash=472f54..c60ad5 dirty=3.82KiB
WARN [02-09|11:13:13.009] Block sealing failed                     err=unauthorized
INFO [02-09|11:13:18.012] Imported new chain segment               blocks=1 txs=0 mgas=0.000 elapsed="952.291µs" mgasps=0.000   number=3086 hash=ccf75b..88f185 dirty=3.82KiB
INFO [02-09|11:13:18.013] QBFT: initialize new round               address=0xDF8b560be949C229C821731554C33EAD5E3888A4 current.round=0 current.sequence=3086 target.round=0 lastProposal.number=3086 lastProposal.hash=ccf75b..88f185
INFO [02-09|11:13:23.005] Imported new chain segment               blocks=1 txs=0 mgas=0.000 elapsed="423.25µs"  mgasps=0.000   number=3087 hash=b8fefa..9d91e1 dirty=3.82KiB
INFO [02-09|11:13:23.006] Commit new mining work                   number=3088 sealhash=a7b032..373e06 uncles=0 txs=0 gas=0     fees=0 elapsed="121.667µs"
INFO [02-09|11:13:28.022] Imported new chain segment               blocks=1 txs=0 mgas=0.000 elapsed="963.375µs" mgasps=0.000   number=3088 hash=a143fe..74e99a dirty=3.82KiB
INFO [02-09|11:13:28.023] Commit new mining work                   number=3089 sealhash=206672..9e0c50 uncles=0 txs=0 gas=0     fees=0 elapsed="232.833µs"
INFO [02-09|11:59:17.420] Downloader queue stats                   receiptTasks=0 blockTasks=0 itemSize=408.58B throttle=8192
INFO [02-09|11:59:17.422] Imported new chain segment               blocks=2 txs=0 mgas=0.000 elapsed=1.401ms     mgasps=0.000   number=3090 hash=4688ea..00d80b dirty=3.82KiB
INFO [02-09|11:59:17.422] QBFT: handle final committed             address=0xDF8b560be949C229C821731554C33EAD5E3888A4 current.round=0 current.sequence=3089 state="Accept request"
INFO [02-09|11:59:22.006] Imported new chain segment               blocks=1 txs=0 mgas=0.000 elapsed="394.583µs" mgasps=0.000   number=3091 hash=c397eb..01fdaa dirty=3.82KiB
INFO [02-09|11:59:22.006] Commit new mining work                   number=3092 sealhash=0aeed0..0e47d4 uncles=0 txs=0 gas=0     fees=0 elapsed="129.125µs"
INFO [02-09|11:59:27.051] Commit new mining work                   number=3093 sealhash=e76272..a2e821 uncles=0 txs=0 gas=0     fees=0 elapsed="127.5µs"
WARN [02-09|11:59:27.051] Block sealing failed                     err=unauthorized
INFO [02-09|11:59:27.051] QBFT: handle final committed             address=0xDF8b560be949C229C821731554C33EAD5E3888A4 current.round=0 current.sequence=3092 state="Accept request"
INFO [02-09|11:59:27.051] QBFT: initialize new round               address=0xDF8b560be949C229C821731554C33EAD5E3888A4 current.round=0 current.sequence=3092 target.round=0 lastProposal.number=3092 lastProposal.hash=55786e..a8d07b
INFO [02-09|11:59:27.051] QBFT: start new round                    address=0xDF8b560be949C229C821731554C33EAD5E3888A4 old.round=0  old.sequence=3092 old.state="Accept request" old.proposer=0x27A97C9AaF04f18f3014c32e036dD0Ac76Da5f18 next.round=0 next.seq=3093 next.proposer=0x93917cADBace5dFCE132B991732c6Cda9bcC5B8a next.valSet="[0x27A97C9AaF04f18f3014c32e036dD0Ac76Da5f18 0x93917cADBace5dFCE132B991732c6Cda9bcC5B8a 0x98C1334496614aED49d2E81526D089f7264fED9C 0xcE412f988377e31F4d0fF12d74df73B51C42d0cA]" next.size=4 next.IsProposer=false
INFO [02-09|11:59:32.005] Imported new chain segment               blocks=1 txs=0 mgas=0.000 elapsed="267.042µs" mgasps=0.000   number=3093 hash=b47a00..f3a007 dirty=3.82KiB
WARN [02-09|11:59:32.005] Block sealing failed                     err=unauthorized
INFO [02-09|11:59:32.005] QBFT: handle final committed             address=0xDF8b560be949C229C821731554C33EAD5E3888A4 current.round=0 current.sequence=3093 state="Accept request"
INFO [02-09|11:59:32.005] QBFT: initialize new round               address=0xDF8b560be949C229C821731554C33EAD5E3888A4 current.round=0 current.sequence=3093 target.round=0 lastProposal.number=3093 lastProposal.hash=b47a00..f3a007
INFO [02-09|11:59:32.005] QBFT: start new round                    address=0xDF8b560be949C229C821731554C33EAD5E3888A4 old.round=0  old.sequence=3093 old.state="Accept request" old.proposer=0x93917cADBace5dFCE132B991732c6Cda9bcC5B8a next.round=0 next.seq=3094 next.proposer=0x98C1334496614aED49d2E81526D089f7264fED9C next.valSet="[0x27A97C9AaF04f18f3014c32e036dD0Ac76Da5f18 0x93917cADBace5dFCE132B991732c6Cda9bcC5B8a 0x98C1334496614aED49d2E81526D089f7264fED9C 0xcE412f988377e31F4d0fF12d74df73B51C42d0cA]" next.size=4 next.IsProposer=false
INFO [02-09|11:59:37.010] Imported new chain segment               blocks=1 txs=0 mgas=0.000 elapsed="898.916µs" mgasps=0.000   number=3094 hash=1c7d2e..48bedb dirty=3.82KiB
INFO [02-09|11:59:37.011] QBFT: initialize new round               address=0xDF8b560be949C229C821731554C33EAD5E3888A4 current.round=0 current.sequence=3094 target.round=0 lastProposal.number=3094 lastProposal.hash=1c7d2e..48bedb
INFO [02-09|11:59:42.010] Imported new chain segment               blocks=1 txs=0 mgas=0.000 elapsed="886.375µs" mgasps=0.000   number=3095 hash=dc183c..ae2060 dirty=3.82KiB
INFO [02-09|11:59:42.011] QBFT: initialize new round               address=0xDF8b560be949C229C821731554C33EAD5E3888A4 current.round=0 current.sequence=3095 target.round=0 lastProposal.number=3095 lastProposal.hash=dc183c..ae2060
INFO [02-09|12:02:29.430] Imported new chain segment               blocks=1 txs=0 mgas=0.000 elapsed="720.708µs" mgasps=0.000   number=3097 hash=44009a..a3ff89 dirty=3.82KiB
INFO [02-09|12:02:29.430] QBFT: start new round                    address=0xDF8b560be949C229C821731554C33EAD5E3888A4 old.round=0  old.sequence=3097 old.state="Accept request" old.proposer=0x93917cADBace5dFCE132B991732c6Cda9bcC5B8a next.round=0 next.seq=3098 next.proposer=0x98C1334496614aED49d2E81526D089f7264fED9C next.valSet="[0x27A97C9AaF04f18f3014c32e036dD0Ac76Da5f18 0x93917cADBace5dFCE132B991732c6Cda9bcC5B8a 0x98C1334496614aED49d2E81526D089f7264fED9C 0xcE412f988377e31F4d0fF12d74df73B51C42d0cA]" next.size=4 next.IsProposer=false
INFO [02-09|12:02:34.010] Imported new chain segment               blocks=1 txs=0 mgas=0.000 elapsed="865.084µs" mgasps=0.000   number=3098 hash=89c496..303b76 dirty=3.82KiB
INFO [02-09|12:02:34.010] Commit new mining work                   number=3099 sealhash=7d0c44..b64c31 uncles=0 txs=0 gas=0     fees=0 elapsed="297.541µs"
INFO [02-09|12:02:39.012] Imported new chain segment               blocks=1 txs=0 mgas=0.000 elapsed="744.042µs" mgasps=0.000   number=3099 hash=82e272..9158ac dirty=3.82KiB
INFO [02-09|12:02:39.012] QBFT: handle final committed             address=0xDF8b560be949C229C821731554C33EAD5E3888A4 current.round=0 current.sequence=3099 state="Accept request"
INFO [02-09|12:02:44.013] Commit new mining work                   number=3101 sealhash=f368b3..89f63c uncles=0 txs=0 gas=0     fees=0 elapsed="266.417µs"
INFO [02-09|12:02:49.009] Imported new chain segment               blocks=1 txs=0 mgas=0.000 elapsed="667.333µs" mgasps=0.000   number=3101 hash=e81c1c..0e5a56 dirty=3.82KiB
INFO [02-09|12:02:54.014] QBFT: handle final committed             address=0xDF8b560be949C229C821731554C33EAD5E3888A4 current.round=0 current.sequence=3102 state="Accept request"
INFO [02-09|12:47:05.288] QBFT: handle final committed             address=0xDF8b560be949C229C821731554C33EAD5E3888A4 current.round=0 current.sequence=3103 state="Accept request"
INFO [02-09|12:47:05.296] Imported new chain segment               blocks=1 txs=0 mgas=0.000 elapsed="743µs"     mgasps=0.000   number=3104 hash=d757ca..ebf356 dirty=3.82KiB
INFO [02-09|12:47:05.296] QBFT: start new round                    address=0xDF8b560be949C229C821731554C33EAD5E3888A4 old.round=0  old.sequence=3104 old.state="Accept request" old.proposer=0x27A97C9AaF04f18f3014c32e036dD0Ac76Da5f18 next.round=0 next.seq=3105 next.proposer=0x93917cADBace5dFCE132B991732c6Cda9bcC5B8a next.valSet="[0x27A97C9AaF04f18f3014c32e036dD0Ac76Da5f18 0x93917cADBace5dFCE132B991732c6Cda9bcC5B8a 0x98C1334496614aED49d2E81526D089f7264fED9C 0xcE412f988377e31F4d0fF12d74df73B51C42d0cA]" next.size=4 next.IsProposer=false
INFO [02-09|12:47:10.014] Imported new chain segment               blocks=1 txs=0 mgas=0.000 elapsed="849.708µs" mgasps=0.000   number=3105 hash=6a3db1..6434b9 dirty=3.82KiB
INFO [02-09|12:47:10.015] QBFT: handle final committed             address=0xDF8b560be949C229C821731554C33EAD5E3888A4 current.round=0 current.sequence=3105 state="Accept request"
INFO [02-09|12:47:10.015] Commit new mining work                   number=3106 sealhash=4f2c55..ab27c4 uncles=0 txs=0 gas=0     fees=0 elapsed="219.667µs"
INFO [02-09|12:47:15.514] Imported new chain segment               blocks=1 txs=0 mgas=0.000 elapsed="927.708µs" mgasps=0.000   number=3106 hash=0b5102..286d03 dirty=3.82KiB
WARN [02-09|12:47:15.514] Block sealing failed                     err=unauthorized
INFO [02-09|12:47:15.514] QBFT: handle final committed             address=0xDF8b560be949C229C821731554C33EAD5E3888A4 current.round=0 current.sequence=3106 state="Accept request"
INFO [02-09|12:47:15.515] QBFT: start new round                    address=0xDF8b560be949C229C821731554C33EAD5E3888A4 old.round=0  old.sequence=3106 old.state="Accept request" old.proposer=0x98C1334496614aED49d2E81526D089f7264fED9C next.round=0 next.seq=3107 next.proposer=0xcE412f988377e31F4d0fF12d74df73B51C42d0cA next.valSet="[0x27A97C9AaF04f18f3014c32e036dD0Ac76Da5f18 0x93917cADBace5dFCE132B991732c6Cda9bcC5B8a 0x98C1334496614aED49d2E81526D089f7264fED9C 0xcE412f988377e31F4d0fF12d74df73B51C42d0cA]" next.size=4 next.IsProposer=false
INFO [02-09|12:47:20.007] Imported new chain segment               blocks=1 txs=0 mgas=0.000 elapsed="315.584µs" mgasps=0.000   number=3107 hash=96348a..dbc1ce dirty=3.82KiB
INFO [02-09|12:47:25.014] QBFT: initialize new round               address=0xDF8b560be949C229C821731554C33EAD5E3888A4 current.round=0 current.sequence=3108 target.round=0 lastProposal.number=3108 lastProposal.hash=71618c..3c05d5
INFO [02-09|12:47:25.014] QBFT: start new round                    address=0xDF8b560be949C229C821731554C33EAD5E3888A4 old.round=0  old.sequence=3108 old.state="Accept request" old.proposer=0x27A97C9AaF04f18f3014c32e036dD0Ac76Da5f18 next.round=0 next.seq=3109 next.proposer=0x93917cADBace5dFCE132B991732c6Cda9bcC5B8a next.valSet="[0x27A97C9AaF04f18f3014c32e036dD0Ac76Da5f18 0x93917cADBace5dFCE132B991732c6Cda9bcC5B8a 0x98C1334496614aED49d2E81526D089f7264fED9C 0xcE412f988377e31F4d0fF12d74df73B51C42d0cA]" next.size=4 next.IsProposer=false
INFO [02-09|12:47:30.008] Imported new chain segment               blocks=1 txs=0 mgas=0.000 elapsed="603.875µs" mgasps=0.000   number=3109 hash=98678e..518bea dirty=3.82KiB
INFO [02-09|12:47:30.008] QBFT: handle final committed             address=0xDF8b560be949C229C821731554C33EAD5E3888A4 current.round=0 current.sequence=3109 state="Accept request"
INFO [02-09|12:47:30.008] QBFT: initialize new round               address=0xDF8b560be949C229C821731554C33EAD5E3888A4 current.round=0 current.sequence=3109 target.round=0 lastProposal.number=3109 lastProposal.hash=98678e..518bea
INFO [02-09|12:47:30.009] QBFT: start new round                    address=0xDF8b560be949C229C821731554C33EAD5E3888A4 old.round=0  old.sequence=3109 old.state="Accept request" old.proposer=0x93917cADBace5dFCE132B991732c6Cda9bcC5B8a next.round=0 next.seq=3110 next.proposer=0x98C1334496614aED49d2E81526D089f7264fED9C next.valSet="[0x27A97C9AaF04f18f3014c32e036dD0Ac76Da5f18 0x93917cADBace5dFCE132B991732c6Cda9bcC5B8a 0x98C1334496614aED49d2E81526D089f7264fED9C 0xcE412f988377e31F4d0fF12d74df73B51C42d0cA]" next.size=4 next.IsProposer=false
INFO [02-09|14:03:52.846] QBFT: start new round                    address=0xDF8b560be949C229C821731554C33EAD5E3888A4 old.round=0  old.sequence=3110 old.state="Accept request" old.proposer=0x98C1334496614aED49d2E81526D089f7264fED9C next.round=0 next.seq=3111 next.proposer=0xcE412f988377e31F4d0fF12d74df73B51C42d0cA next.valSet="[0x27A97C9AaF04f18f3014c32e036dD0Ac76Da5f18 0x93917cADBace5dFCE132B991732c6Cda9bcC5B8a 0x98C1334496614aED49d2E81526D089f7264fED9C 0xcE412f988377e31F4d0fF12d74df73B51C42d0cA]" next.size=4 next.IsProposer=false
INFO [02-09|14:03:57.005] Imported new chain segment               blocks=1 txs=0 mgas=0.000 elapsed="664.25µs"  mgasps=0.000   number=3112 hash=4c6ee7..a0e7a4 dirty=3.82KiB
INFO [02-09|14:04:07.005] Imported new chain segment               blocks=1 txs=0 mgas=0.000 elapsed="293.417µs" mgasps=0.000   number=3114 hash=91741c..363883 dirty=3.82KiB
WARN [02-09|14:04:07.005] Block sealing failed                     err=unauthorized
INFO [02-09|14:04:12.017] Imported new chain segment               blocks=1 txs=0 mgas=0.000 elapsed="847.667µs" mgasps=0.000   number=3115 hash=6dfa1d..5e8992 dirty=3.82KiB
INFO [02-09|14:04:12.017] QBFT: handle final committed             address=0xDF8b560be949C229C821731554C33EAD5E3888A4 current.round=0 current.sequence=3115 state="Accept request"
INFO [02-09|14:04:17.010] Imported new chain segment               blocks=1 txs=0 mgas=0.000 elapsed="902.542µs" mgasps=0.000   number=3116 hash=96c84a..c9f2f2 dirty=3.82KiB
WARN [02-09|15:01:32.233] Block sealing failed                     err=unauthorized
INFO [02-09|15:01:32.238] Imported new chain segment               blocks=1 txs=0 mgas=0.000 elapsed="274.958µs" mgasps=0.000   number=3118 hash=11f7a2..23178d dirty=3.82KiB
INFO [02-09|15:01:32.238] QBFT: initialize new round               address=0xDF8b560be949C229C821731554C33EAD5E3888A4 current.round=0 current.sequence=3118 target.round=0 lastProposal.number=3118 lastProposal.hash=11f7a2..23178d
INFO [02-09|15:01:32.238] QBFT: start new round                    address=0xDF8b560be949C229C821731554C33EAD5E3888A4 old.round=0  old.sequence=3118 old.state="Accept request" old.proposer=0x98C1334496614aED49d2E81526D089f7264fED9C next.round=0 next.seq=3119 next.proposer=0xcE412f988377e31F4d0fF12d74df73B51C42d0cA next.valSet="[0x27A97C9AaF04f18f3014c32e036dD0Ac76Da5f18 0x93917cADBace5dFCE132B991732c6Cda9bcC5B8a 0x98C1334496614aED49d2E81526D089f7264fED9C 0xcE412f988377e31F4d0fF12d74df73B51C42d0cA]" next.size=4 next.IsProposer=false
INFO [02-09|15:01:37.014] Commit new mining work                   number=3120 sealhash=cd3466..7b31ae uncles=0 txs=0 gas=0     fees=0 elapsed="347.584µs"
WARN [02-09|15:01:37.015] Block sealing failed                     err=unauthorized
INFO [02-09|15:01:37.015] QBFT: handle final committed             address=0xDF8b560be949C229C821731554C33EAD5E3888A4 current.round=0 current.sequence=3119 state="Accept request"
INFO [02-09|15:01:37.015] QBFT: initialize new round               address=0xDF8b560be949C229C821731554C33EAD5E3888A4 current.round=0 current.sequence=3119 target.round=0 lastProposal.number=3119 lastProposal.hash=7ba7b4..426251
INFO [02-09|15:01:42.130] Imported new chain segment               blocks=1 txs=0 mgas=0.000 elapsed="945.709µs" mgasps=0.000   number=3120 hash=37fc96..cebdb0 dirty=3.82KiB
INFO [02-09|15:01:42.130] QBFT: handle final committed             address=0xDF8b560be949C229C821731554C33EAD5E3888A4 current.round=0 current.sequence=3120 state="Accept request"
INFO [02-09|15:01:42.130] QBFT: initialize new round               address=0xDF8b560be949C229C821731554C33EAD5E3888A4 current.round=0 current.sequence=3120 target.round=0 lastProposal.number=3120 lastProposal.hash=37fc96..cebdb0
INFO [02-09|15:01:42.131] QBFT: start new round                    address=0xDF8b560be949C229C821731554C33EAD5E3888A4 old.round=0  old.sequence=3120 old.state="Accept request" old.proposer=0x27A97C9AaF04f18f3014c32e036dD0Ac76Da5f18 next.round=0 next.seq=3121 next.proposer=0x93917cADBace5dFCE132B991732c6Cda9bcC5B8a next.valSet="[0x27A97C9AaF04f18f3014c32e036dD0Ac76Da5f18 0x93917cADBace5dFCE132B991732c6Cda9bcC5B8a 0x98C1334496614aED49d2E81526D089f7264fED9C 0xcE412f988377e31F4d0fF12d74df73B51C42d0cA]" next.size=4 next.IsProposer=false
WARN [02-09|15:01:47.018] Block sealing failed                     err=unauthorized
INFO [02-09|15:01:52.009] Imported new chain segment               blocks=1 txs=0 mgas=0.000 elapsed=1.417ms     mgasps=0.000   number=3122 hash=82d6f5..2b296a dirty=3.82KiB
INFO [02-09|15:01:57.013] Imported new chain segment               blocks=1 txs=0 mgas=0.000 elapsed="854.333µs" mgasps=0.000   number=3123 hash=68ac71..f6d052 dirty=3.82KiB
INFO [02-09|15:01:57.014] Commit new mining work                   number=3124 sealhash=5d4934..fe1992 uncles=0 txs=0 gas=0     fees=0 elapsed="289.583µs"
INFO [02-09|15:02:02.009] Imported new chain segment               blocks=1 txs=0 mgas=0.000 elapsed=1.096ms     mgasps=0.000   number=3124 hash=402df7..af1a1b dirty=3.82KiB
INFO [02-09|15:02:07.011] Imported new chain segment               blocks=1 txs=0 mgas=0.000 elapsed="969.417µs" mgasps=0.000   number=3125 hash=607b3c..4c7e30 dirty=3.82KiB
INFO [02-09|15:02:07.011] Commit new mining work                   number=3126 sealhash=fd5769..779809 uncles=0 txs=0 gas=0     fees=0 elapsed="265.708µs"
INFO [02-09|15:02:07.012] QBFT: start new round                    address=0xDF8b560be949C229C821731554C33EAD5E3888A4 old.round=0  old.sequence=3125 old.state="Accept request" old.proposer=0x93917cADBace5dFCE132B991732c6Cda9bcC5B8a next.round=0 next.seq=3126 next.proposer=0x98C1334496614aED49d2E81526D089f7264fED9C next.valSet="[0x27A97C9AaF04f18f3014c32e036dD0Ac76Da5f18 0x93917cADBace5dFCE132B991732c6Cda9bcC5B8a 0x98C1334496614aED49d2E81526D089f7264fED9C 0xcE412f988377e31F4d0fF12d74df73B51C42d0cA]" next.size=4 next.IsProposer=false
INFO [02-09|15:02:12.011] Commit new mining work                   number=3127 sealhash=64f954..64df47 uncles=0 txs=0 gas=0     fees=0 elapsed="290.958µs"
WARN [02-09|15:02:12.011] Block sealing failed                     err=unauthorized
INFO [02-09|15:02:12.011] QBFT: start new round                    address=0xDF8b560be949C229C821731554C33EAD5E3888A4 old.round=0  old.sequence=3126 old.state="Accept request" old.proposer=0x98C1334496614aED49d2E81526D089f7264fED9C next.round=0 next.seq=3127 next.proposer=0xcE412f988377e31F4d0fF12d74df73B51C42d0cA next.valSet="[0x27A97C9AaF04f18f3014c32e036dD0Ac76Da5f18 0x93917cADBace5dFCE132B991732c6Cda9bcC5B8a 0x98C1334496614aED49d2E81526D089f7264fED9C 0xcE412f988377e31F4d0fF12d74df73B51C42d0cA]" next.size=4 next.IsProposer=false
INFO [02-09|15:02:17.003] Imported new chain segment               blocks=1 txs=0 mgas=0.000 elapsed="329.166µs" mgasps=0.000   number=3127 hash=537d80..ef9a5b dirty=3.82KiB
INFO [02-09|15:02:17.004] QBFT: start new round                    address=0xDF8b560be949C229C821731554C33EAD5E3888A4 old.round=0  old.sequence=3127 old.state="Accept request" old.proposer=0xcE412f988377e31F4d0fF12d74df73B51C42d0cA next.round=0 next.seq=3128 next.proposer=0x27A97C9AaF04f18f3014c32e036dD0Ac76Da5f18 next.valSet="[0x27A97C9AaF04f18f3014c32e036dD0Ac76Da5f18 0x93917cADBace5dFCE132B991732c6Cda9bcC5B8a 0x98C1334496614aED49d2E81526D089f7264fED9C 0xcE412f988377e31F4d0fF12d74df73B51C42d0cA]" next.size=4 next.IsProposer=false
INFO [02-09|15:02:22.008] Imported new chain segment               blocks=1 txs=0 mgas=0.000 elapsed="758.125µs" mgasps=0.000   number=3128 hash=d4b3a5..801855 dirty=3.82KiB
INFO [02-09|15:02:22.008] QBFT: initialize new round               address=0xDF8b560be949C229C821731554C33EAD5E3888A4 current.round=0 current.sequence=3128 target.round=0 lastProposal.number=3128 lastProposal.hash=d4b3a5..801855
INFO [02-09|15:02:27.519] Imported new chain segment               blocks=1 txs=0 mgas=0.000 elapsed=1.257ms     mgasps=0.000   number=3129 hash=005c63..a44185 dirty=3.82KiB
INFO [02-09|15:02:27.520] Commit new mining work                   number=3130 sealhash=bd6b95..446e4f uncles=0 txs=0 gas=0     fees=0 elapsed="434.167µs"
INFO [02-09|15:02:32.005] Imported new chain segment               blocks=1 txs=0 mgas=0.000 elapsed="443.042µs" mgasps=0.000   number=3130 hash=b1adbc..d16085 dirty=3.82KiB
INFO [02-09|15:02:32.005] QBFT: handle final committed             address=0xDF8b560be949C229C821731554C33EAD5E3888A4 current.round=0 current.sequence=3130 state="Accept request"
INFO [02-09|15:02:32.005] QBFT: initialize new round               address=0xDF8b560be949C229C821731554C33EAD5E3888A4 current.round=0 current.sequence=3130 target.round=0 lastProposal.number=3130 lastProposal.hash=b1adbc..d16085
INFO [02-09|15:02:37.012] Imported new chain segment               blocks=1 txs=0 mgas=0.000 elapsed="962.917µs" mgasps=0.000   number=3131 hash=dbfd1a..efbf3a dirty=3.82KiB
INFO [02-09|15:02:37.013] QBFT: start new round                    address=0xDF8b560be949C229C821731554C33EAD5E3888A4 old.round=0  old.sequence=3131 old.state="Accept request" old.proposer=0xcE412f988377e31F4d0fF12d74df73B51C42d0cA next.round=0 next.seq=3132 next.proposer=0x27A97C9AaF04f18f3014c32e036dD0Ac76Da5f18 next.valSet="[0x27A97C9AaF04f18f3014c32e036dD0Ac76Da5f18 0x93917cADBace5dFCE132B991732c6Cda9bcC5B8a 0x98C1334496614aED49d2E81526D089f7264fED9C 0xcE412f988377e31F4d0fF12d74df73B51C42d0cA]" next.size=4 next.IsProposer=false
WARN [02-09|15:02:37.013] Block sealing failed                     err=unauthorized
INFO [02-09|15:02:37.013] Commit new mining work                   number=3132 sealhash=7ebd35..b107cc uncles=0 txs=0 gas=0     fees=0 elapsed="319.333µs"
INFO [02-09|15:02:42.005] QBFT: start new round                    address=0xDF8b560be949C229C821731554C33EAD5E3888A4 old.round=0  old.sequence=3132 old.state="Accept request" old.proposer=0x27A97C9AaF04f18f3014c32e036dD0Ac76Da5f18 next.round=0 next.seq=3133 next.proposer=0x93917cADBace5dFCE132B991732c6Cda9bcC5B8a next.valSet="[0x27A97C9AaF04f18f3014c32e036dD0Ac76Da5f18 0x93917cADBace5dFCE132B991732c6Cda9bcC5B8a 0x98C1334496614aED49d2E81526D089f7264fED9C 0xcE412f988377e31F4d0fF12d74df73B51C42d0cA]" next.size=4 next.IsProposer=false
INFO [02-09|15:02:47.014] Imported new chain segment               blocks=1 txs=0 mgas=0.000 elapsed="684.708µs" mgasps=0.000   number=3133 hash=787972..5c68e1 dirty=3.82KiB
INFO [02-09|15:02:47.015] QBFT: start new round                    address=0xDF8b560be949C229C821731554C33EAD5E3888A4 old.round=0  old.sequence=3133 old.state="Accept request" old.proposer=0x93917cADBace5dFCE132B991732c6Cda9bcC5B8a next.round=0 next.seq=3134 next.proposer=0x98C1334496614aED49d2E81526D089f7264fED9C next.valSet="[0x27A97C9AaF04f18f3014c32e036dD0Ac76Da5f18 0x93917cADBace5dFCE132B991732c6Cda9bcC5B8a 0x98C1334496614aED49d2E81526D089f7264fED9C 0xcE412f988377e31F4d0fF12d74df73B51C42d0cA]" next.size=4 next.IsProposer=false
WARN [02-09|15:02:47.015] Block sealing failed                     err=unauthorized
INFO [02-09|15:02:52.013] QBFT: handle final committed             address=0xDF8b560be949C229C821731554C33EAD5E3888A4 current.round=0 current.sequence=3134 state="Accept request"
WARN [02-09|15:02:57.013] Block sealing failed                     err=unauthorized
INFO [02-09|15:03:02.006] QBFT: start new round                    address=0xDF8b560be949C229C821731554C33EAD5E3888A4 old.round=0  old.sequence=3136 old.state="Accept request" old.proposer=0x27A97C9AaF04f18f3014c32e036dD0Ac76Da5f18 next.round=0 next.seq=3137 next.proposer=0x93917cADBace5dFCE132B991732c6Cda9bcC5B8a next.valSet="[0x27A97C9AaF04f18f3014c32e036dD0Ac76Da5f18 0x93917cADBace5dFCE132B991732c6Cda9bcC5B8a 0x98C1334496614aED49d2E81526D089f7264fED9C 0xcE412f988377e31F4d0fF12d74df73B51C42d0cA]" next.size=4 next.IsProposer=false
INFO [02-09|15:03:07.010] Imported new chain segment               blocks=1 txs=0 mgas=0.000 elapsed="837.25µs"  mgasps=0.000   number=3137 hash=ae6704..a1cfeb dirty=3.82KiB
INFO [02-09|15:03:12.006] Imported new chain segment               blocks=1 txs=0 mgas=0.000 elapsed="579.084µs" mgasps=0.000   number=3138 hash=60b5c7..c1b1b4 dirty=3.82KiB
INFO [02-09|15:03:17.018] Imported new chain segment               blocks=1 txs=0 mgas=0.000 elapsed="509.625µs" mgasps=0.000   number=3139 hash=7476ba..9a2c63 dirty=3.82KiB
WARN [02-09|15:03:17.018] Block sealing failed                     err=unauthorized
INFO [02-09|15:03:22.008] Imported new chain segment               blocks=1 txs=0 mgas=0.000 elapsed="447µs"     mgasps=0.000   number=3140 hash=bc2607..40d8ef dirty=3.82KiB
WARN [02-09|15:03:22.008] Block sealing failed                     err=unauthorized
INFO [02-09|15:03:27.011] Imported new chain segment               blocks=1 txs=0 mgas=0.000 elapsed="787.875µs" mgasps=0.000   number=3141 hash=f7e170..ba933a dirty=3.82KiB
INFO [02-09|15:03:32.506] Imported new chain segment               blocks=1 txs=0 mgas=0.000 elapsed="547.25µs"  mgasps=0.000   number=3142 hash=77d137..fb442d dirty=3.82KiB
INFO [02-09|15:03:32.507] Commit new mining work                   number=3143 sealhash=5b7294..8cb896 uncles=0 txs=0 gas=0     fees=0 elapsed="137.917µs"
INFO [02-09|15:03:32.507] QBFT: handle final committed             address=0xDF8b560be949C229C821731554C33EAD5E3888A4 current.round=0 current.sequence=3142 state="Accept request"
INFO [02-09|15:03:37.004] Imported new chain segment               blocks=1 txs=0 mgas=0.000 elapsed="289.125µs" mgasps=0.000   number=3143 hash=f7c922..de87a5 dirty=3.82KiB
WARN [02-09|15:03:37.004] Block sealing failed                     err=unauthorized
INFO [02-09|15:03:42.006] Imported new chain segment               blocks=1 txs=0 mgas=0.000 elapsed="412µs"     mgasps=0.000   number=3144 hash=fdab88..b4e6a1 dirty=3.82KiB
INFO [02-09|15:03:47.513] Imported new chain segment               blocks=1 txs=0 mgas=0.000 elapsed="300.875µs" mgasps=0.000   number=3145 hash=19e0a0..1ff531 dirty=3.82KiB
INFO [02-09|15:03:52.011] Imported new chain segment               blocks=1 txs=0 mgas=0.000 elapsed="762µs"     mgasps=0.000   number=3146 hash=77a3fe..7eddb0 dirty=3.82KiB
INFO [02-09|15:03:52.011] Commit new mining work                   number=3147 sealhash=74cf80..2a7dbf uncles=0 txs=0 gas=0     fees=0 elapsed="152.709µs"
INFO [02-09|15:03:57.006] Imported new chain segment               blocks=1 txs=0 mgas=0.000 elapsed="703.5µs"   mgasps=0.000   number=3147 hash=3eeedd..23e402 dirty=3.82KiB
INFO [02-09|15:04:02.006] Imported new chain segment               blocks=1 txs=0 mgas=0.000 elapsed="403.417µs" mgasps=0.000   number=3148 hash=db7f68..c6d519 dirty=3.82KiB
INFO [02-09|15:04:02.006] QBFT: start new round                    address=0xDF8b560be949C229C821731554C33EAD5E3888A4 old.round=0  old.sequence=3148 old.state="Accept request" old.proposer=0x27A97C9AaF04f18f3014c32e036dD0Ac76Da5f18 next.round=0 next.seq=3149 next.proposer=0x93917cADBace5dFCE132B991732c6Cda9bcC5B8a next.valSet="[0x27A97C9AaF04f18f3014c32e036dD0Ac76Da5f18 0x93917cADBace5dFCE132B991732c6Cda9bcC5B8a 0x98C1334496614aED49d2E81526D089f7264fED9C 0xcE412f988377e31F4d0fF12d74df73B51C42d0cA]" next.size=4 next.IsProposer=false
INFO [02-09|15:04:07.010] Imported new chain segment               blocks=1 txs=0 mgas=0.000 elapsed="641.583µs" mgasps=0.000   number=3149 hash=a70e85..4fb198 dirty=3.82KiB
INFO [02-09|15:04:12.006] Imported new chain segment               blocks=1 txs=0 mgas=0.000 elapsed="545.333µs" mgasps=0.000   number=3150 hash=819abf..29fb74 dirty=3.82KiB
INFO [02-09|15:04:12.006] QBFT: handle final committed             address=0xDF8b560be949C229C821731554C33EAD5E3888A4 current.round=0 current.sequence=3150 state="Accept request"
INFO [02-09|15:04:12.007] QBFT: start new round                    address=0xDF8b560be949C229C821731554C33EAD5E3888A4 old.round=0  old.sequence=3150 old.state="Accept request" old.proposer=0x98C1334496614aED49d2E81526D089f7264fED9C next.round=0 next.seq=3151 next.proposer=0xcE412f988377e31F4d0fF12d74df73B51C42d0cA next.valSet="[0x27A97C9AaF04f18f3014c32e036dD0Ac76Da5f18 0x93917cADBace5dFCE132B991732c6Cda9bcC5B8a 0x98C1334496614aED49d2E81526D089f7264fED9C 0xcE412f988377e31F4d0fF12d74df73B51C42d0cA]" next.size=4 next.IsProposer=false
INFO [02-09|15:04:12.007] Commit new mining work                   number=3151 sealhash=131cd1..aade18 uncles=0 txs=0 gas=0     fees=0 elapsed="435.125µs"
INFO [02-09|15:04:17.012] Imported new chain segment               blocks=1 txs=0 mgas=0.000 elapsed="680.75µs"  mgasps=0.000   number=3151 hash=01b16b..fab4e2 dirty=3.82KiB
INFO [02-09|15:04:22.007] Imported new chain segment               blocks=1 txs=0 mgas=0.000 elapsed="662.959µs" mgasps=0.000   number=3152 hash=c74f75..c0e6be dirty=3.82KiB
INFO [02-09|15:04:22.008] QBFT: initialize new round               address=0xDF8b560be949C229C821731554C33EAD5E3888A4 current.round=0 current.sequence=3152 target.round=0 lastProposal.number=3152 lastProposal.hash=c74f75..c0e6be
INFO [02-09|15:04:27.015] Imported new chain segment               blocks=1 txs=0 mgas=0.000 elapsed="713.625µs" mgasps=0.000   number=3153 hash=8b8ac1..12ddb7 dirty=3.82KiB
INFO [02-09|15:04:27.016] QBFT: handle final committed             address=0xDF8b560be949C229C821731554C33EAD5E3888A4 current.round=0 current.sequence=3153 state="Accept request"
WARN [02-09|15:04:27.016] Block sealing failed                     err=unauthorized
INFO [02-09|15:04:27.016] QBFT: initialize new round               address=0xDF8b560be949C229C821731554C33EAD5E3888A4 current.round=0 current.sequence=3153 target.round=0 lastProposal.number=3153 lastProposal.hash=8b8ac1..12ddb7
INFO [02-09|15:04:32.005] Imported new chain segment               blocks=1 txs=0 mgas=0.000 elapsed="429.75µs"  mgasps=0.000   number=3154 hash=aa41b8..4441dd dirty=3.82KiB
INFO [02-09|15:04:32.006] QBFT: handle final committed             address=0xDF8b560be949C229C821731554C33EAD5E3888A4 current.round=0 current.sequence=3154 state="Accept request"
INFO [02-09|15:04:32.006] QBFT: initialize new round               address=0xDF8b560be949C229C821731554C33EAD5E3888A4 current.round=0 current.sequence=3154 target.round=0 lastProposal.number=3154 lastProposal.hash=aa41b8..4441dd
INFO [02-09|15:04:32.006] QBFT: start new round                    address=0xDF8b560be949C229C821731554C33EAD5E3888A4 old.round=0  old.sequence=3154 old.state="Accept request" old.proposer=0x98C1334496614aED49d2E81526D089f7264fED9C next.round=0 next.seq=3155 next.proposer=0xcE412f988377e31F4d0fF12d74df73B51C42d0cA next.valSet="[0x27A97C9AaF04f18f3014c32e036dD0Ac76Da5f18 0x93917cADBace5dFCE132B991732c6Cda9bcC5B8a 0x98C1334496614aED49d2E81526D089f7264fED9C 0xcE412f988377e31F4d0fF12d74df73B51C42d0cA]" next.size=4 next.IsProposer=false
INFO [02-09|15:04:37.010] Imported new chain segment               blocks=1 txs=0 mgas=0.000 elapsed="825.542µs" mgasps=0.000   number=3155 hash=27ed82..a9f047 dirty=3.82KiB
INFO [02-09|15:04:37.011] Commit new mining work                   number=3156 sealhash=406807..c5bb30 uncles=0 txs=0 gas=0     fees=0 elapsed="212.708µs"
INFO [02-09|15:04:42.009] QBFT: initialize new round               address=0xDF8b560be949C229C821731554C33EAD5E3888A4 current.round=0 current.sequence=3156 target.round=0 lastProposal.number=3156 lastProposal.hash=ad9977..389c76
INFO [02-09|15:04:42.009] Commit new mining work                   number=3157 sealhash=588ba1..31e065 uncles=0 txs=0 gas=0     fees=0 elapsed="142.792µs"
WARN [02-09|15:04:42.009] Block sealing failed                     err=unauthorized
INFO [02-09|15:04:42.009] QBFT: start new round                    address=0xDF8b560be949C229C821731554C33EAD5E3888A4 old.round=0  old.sequence=3156 old.state="Accept request" old.proposer=0x27A97C9AaF04f18f3014c32e036dD0Ac76Da5f18 next.round=0 next.seq=3157 next.proposer=0x93917cADBace5dFCE132B991732c6Cda9bcC5B8a next.valSet="[0x27A97C9AaF04f18f3014c32e036dD0Ac76Da5f18 0x93917cADBace5dFCE132B991732c6Cda9bcC5B8a 0x98C1334496614aED49d2E81526D089f7264fED9C 0xcE412f988377e31F4d0fF12d74df73B51C42d0cA]" next.size=4 next.IsProposer=false
INFO [02-09|15:04:52.007] Imported new chain segment               blocks=1 txs=0 mgas=0.000 elapsed="457.917µs" mgasps=0.000   number=3158 hash=fb4115..e5b580 dirty=3.82KiB
INFO [02-09|15:04:52.007] QBFT: handle final committed             address=0xDF8b560be949C229C821731554C33EAD5E3888A4 current.round=0 current.sequence=3158 state="Accept request"
INFO [02-09|15:04:52.007] QBFT: initialize new round               address=0xDF8b560be949C229C821731554C33EAD5E3888A4 current.round=0 current.sequence=3158 target.round=0 lastProposal.number=3158 lastProposal.hash=fb4115..e5b580
INFO [02-09|15:04:57.011] Imported new chain segment               blocks=1 txs=0 mgas=0.000 elapsed="822.083µs" mgasps=0.000   number=3159 hash=7e4e21..bb6091 dirty=3.82KiB
INFO [02-09|15:04:57.011] QBFT: initialize new round               address=0xDF8b560be949C229C821731554C33EAD5E3888A4 current.round=0 current.sequence=3159 target.round=0 lastProposal.number=3159 lastProposal.hash=7e4e21..bb6091
INFO [02-09|15:05:07.513] Imported new chain segment               blocks=1 txs=0 mgas=0.000 elapsed=1.027ms     mgasps=0.000   number=3161 hash=d4d334..3b758d dirty=3.82KiB
INFO [02-09|15:05:12.512] Imported new chain segment               blocks=1 txs=0 mgas=0.000 elapsed=1.01ms      mgasps=0.000   number=3162 hash=71aa2c..d94be7 dirty=3.82KiB
INFO [02-09|15:05:17.510] Imported new chain segment               blocks=1 txs=0 mgas=0.000 elapsed="897.792µs" mgasps=0.000   number=3163 hash=52d9de..c29ae9 dirty=3.82KiB
INFO [02-09|15:05:22.005] QBFT: handle final committed             address=0xDF8b560be949C229C821731554C33EAD5E3888A4 current.round=0 current.sequence=3164 state="Accept request"
INFO [02-09|15:05:22.005] QBFT: initialize new round               address=0xDF8b560be949C229C821731554C33EAD5E3888A4 current.round=0 current.sequence=3164 target.round=0 lastProposal.number=3164 lastProposal.hash=8fe5f0..97be64
INFO [02-09|15:05:27.011] Imported new chain segment               blocks=1 txs=0 mgas=0.000 elapsed="801.208µs" mgasps=0.000   number=3165 hash=8a8e77..be9f4b dirty=3.82KiB
INFO [02-09|15:05:27.011] QBFT: handle final committed             address=0xDF8b560be949C229C821731554C33EAD5E3888A4 current.round=0 current.sequence=3165 state="Accept request"
INFO [02-09|15:05:27.011] QBFT: initialize new round               address=0xDF8b560be949C229C821731554C33EAD5E3888A4 current.round=0 current.sequence=3165 target.round=0 lastProposal.number=3165 lastProposal.hash=8a8e77..be9f4b
INFO [02-09|15:05:32.008] Imported new chain segment               blocks=1 txs=0 mgas=0.000 elapsed="669µs"     mgasps=0.000   number=3166 hash=c9beff..a714c3 dirty=3.82KiB
INFO [02-09|15:05:37.512] Imported new chain segment               blocks=1 txs=0 mgas=0.000 elapsed=1.063ms     mgasps=0.000   number=3167 hash=183cb8..d862d8 dirty=3.82KiB
WARN [02-09|15:05:37.513] Block sealing failed                     err=unauthorized
WARN [02-09|15:05:42.005] Block sealing failed                     err=unauthorized
INFO [02-09|15:05:47.011] Imported new chain segment               blocks=1 txs=0 mgas=0.000 elapsed="642.333µs" mgasps=0.000   number=3169 hash=d1460d..62029d dirty=3.82KiB
INFO [02-09|15:05:52.507] Imported new chain segment               blocks=1 txs=0 mgas=0.000 elapsed="516.334µs" mgasps=0.000   number=3170 hash=d2c0c8..14093f dirty=3.82KiB
INFO [02-09|15:05:52.508] Commit new mining work                   number=3171 sealhash=8838e5..fa6cc5 uncles=0 txs=0 gas=0     fees=0 elapsed="166.875µs"
INFO [02-09|15:05:57.012] Imported new chain segment               blocks=1 txs=0 mgas=0.000 elapsed="777.208µs" mgasps=0.000   number=3171 hash=4e1a85..07b965 dirty=3.82KiB
INFO [02-09|15:06:02.004] Imported new chain segment               blocks=1 txs=0 mgas=0.000 elapsed="294.417µs" mgasps=0.000   number=3172 hash=f9e457..19a9d8 dirty=3.82KiB
INFO [02-09|15:06:02.004] QBFT: handle final committed             address=0xDF8b560be949C229C821731554C33EAD5E3888A4 current.round=0 current.sequence=3172 state="Accept request"
INFO [02-09|15:06:02.004] QBFT: initialize new round               address=0xDF8b560be949C229C821731554C33EAD5E3888A4 current.round=0 current.sequence=3172 target.round=0 lastProposal.number=3172 lastProposal.hash=f9e457..19a9d8
INFO [02-09|15:06:02.004] QBFT: start new round                    address=0xDF8b560be949C229C821731554C33EAD5E3888A4 old.round=0  old.sequence=3172 old.state="Accept request" old.proposer=0x27A97C9AaF04f18f3014c32e036dD0Ac76Da5f18 next.round=0 next.seq=3173 next.proposer=0x93917cADBace5dFCE132B991732c6Cda9bcC5B8a next.valSet="[0x27A97C9AaF04f18f3014c32e036dD0Ac76Da5f18 0x93917cADBace5dFCE132B991732c6Cda9bcC5B8a 0x98C1334496614aED49d2E81526D089f7264fED9C 0xcE412f988377e31F4d0fF12d74df73B51C42d0cA]" next.size=4 next.IsProposer=false
INFO [02-09|15:06:07.010] Imported new chain segment               blocks=1 txs=0 mgas=0.000 elapsed="774.667µs" mgasps=0.000   number=3173 hash=ed2149..63b4f1 dirty=3.82KiB
INFO [02-09|15:06:07.010] QBFT: handle final committed             address=0xDF8b560be949C229C821731554C33EAD5E3888A4 current.round=0 current.sequence=3173 state="Accept request"
INFO [02-09|15:06:12.505] Imported new chain segment               blocks=1 txs=0 mgas=0.000 elapsed="412.791µs" mgasps=0.000   number=3174 hash=a23272..90c32d dirty=3.82KiB
INFO [02-09|15:06:12.506] QBFT: handle final committed             address=0xDF8b560be949C229C821731554C33EAD5E3888A4 current.round=0 current.sequence=3174 state="Accept request"
INFO [02-09|15:06:17.519] Imported new chain segment               blocks=1 txs=0 mgas=0.000 elapsed=1.058ms     mgasps=0.000   number=3175 hash=5dc93b..b164c7 dirty=3.82KiB
INFO [02-09|15:06:22.007] QBFT: handle final committed             address=0xDF8b560be949C229C821731554C33EAD5E3888A4 current.round=0 current.sequence=3176 state="Accept request"
WARN [02-09|15:06:22.007] Block sealing failed                     err=unauthorized
INFO [02-09|15:06:27.010] Imported new chain segment               blocks=1 txs=0 mgas=0.000 elapsed="702.791µs" mgasps=0.000   number=3177 hash=83cd82..10a64b dirty=3.82KiB
WARN [02-09|15:06:27.010] Block sealing failed                     err=unauthorized
INFO [02-09|15:06:32.004] Imported new chain segment               blocks=1 txs=0 mgas=0.000 elapsed="371.292µs" mgasps=0.000   number=3178 hash=35d4a4..59cf2b dirty=3.82KiB
INFO [02-09|15:06:32.004] Commit new mining work                   number=3179 sealhash=8c39b1..7f77a4 uncles=0 txs=0 gas=0     fees=0 elapsed="114.042µs"
INFO [02-09|15:06:32.005] QBFT: handle final committed             address=0xDF8b560be949C229C821731554C33EAD5E3888A4 current.round=0 current.sequence=3178 state="Accept request"
INFO [02-09|15:06:32.005] QBFT: initialize new round               address=0xDF8b560be949C229C821731554C33EAD5E3888A4 current.round=0 current.sequence=3178 target.round=0 lastProposal.number=3178 lastProposal.hash=35d4a4..59cf2b
INFO [02-09|15:06:37.017] Imported new chain segment               blocks=1 txs=0 mgas=0.000 elapsed="334.333µs" mgasps=0.000   number=3179 hash=39cb86..67915b dirty=3.82KiB
INFO [02-09|15:06:37.018] QBFT: initialize new round               address=0xDF8b560be949C229C821731554C33EAD5E3888A4 current.round=0 current.sequence=3179 target.round=0 lastProposal.number=3179 lastProposal.hash=39cb86..67915b
INFO [02-09|15:06:42.006] QBFT: handle final committed             address=0xDF8b560be949C229C821731554C33EAD5E3888A4 current.round=0 current.sequence=3180 state="Accept request"
INFO [02-09|15:06:47.005] Imported new chain segment               blocks=1 txs=0 mgas=0.000 elapsed="408.959µs" mgasps=0.000   number=3181 hash=670e1f..90c2ce dirty=3.82KiB
INFO [02-09|15:06:47.005] QBFT: initialize new round               address=0xDF8b560be949C229C821731554C33EAD5E3888A4 current.round=0 current.sequence=3181 target.round=0 lastProposal.number=3181 lastProposal.hash=670e1f..90c2ce
INFO [02-09|15:06:52.005] Imported new chain segment               blocks=1 txs=0 mgas=0.000 elapsed="379µs"     mgasps=0.000   number=3182 hash=51bc83..b9d308 dirty=3.82KiB
INFO [02-09|15:06:57.011] Imported new chain segment               blocks=1 txs=0 mgas=0.000 elapsed="978.917µs" mgasps=0.000   number=3183 hash=2405e4..4d617c dirty=3.82KiB
WARN [02-09|15:06:57.012] Block sealing failed                     err=unauthorized
INFO [02-09|15:06:57.012] QBFT: start new round                    address=0xDF8b560be949C229C821731554C33EAD5E3888A4 old.round=0  old.sequence=3183 old.state="Accept request" old.proposer=0xcE412f988377e31F4d0fF12d74df73B51C42d0cA next.round=0 next.seq=3184 next.proposer=0x27A97C9AaF04f18f3014c32e036dD0Ac76Da5f18 next.valSet="[0x27A97C9AaF04f18f3014c32e036dD0Ac76Da5f18 0x93917cADBace5dFCE132B991732c6Cda9bcC5B8a 0x98C1334496614aED49d2E81526D089f7264fED9C 0xcE412f988377e31F4d0fF12d74df73B51C42d0cA]" next.size=4 next.IsProposer=false
INFO [02-09|15:07:02.004] Imported new chain segment               blocks=1 txs=0 mgas=0.000 elapsed="401.042µs" mgasps=0.000   number=3184 hash=d2f73f..24a7d1 dirty=3.82KiB
INFO [02-09|15:07:02.004] Commit new mining work                   number=3185 sealhash=8cc101..2165b0 uncles=0 txs=0 gas=0     fees=0 elapsed="98.208µs"
INFO [02-09|15:07:07.517] Imported new chain segment               blocks=1 txs=0 mgas=0.000 elapsed=1.071ms     mgasps=0.000   number=3185 hash=c6bbf9..41d6d0 dirty=3.82KiB
INFO [02-09|15:07:07.517] QBFT: handle final committed             address=0xDF8b560be949C229C821731554C33EAD5E3888A4 current.round=0 current.sequence=3185 state="Accept request"
INFO [02-09|15:07:07.517] Commit new mining work                   number=3186 sealhash=fded8d..420590 uncles=0 txs=0 gas=0     fees=0 elapsed="321.333µs"
INFO [02-09|15:07:17.514] Imported new chain segment               blocks=1 txs=0 mgas=0.000 elapsed=1.042ms     mgasps=0.000   number=3187 hash=394e6e..375067 dirty=3.82KiB
WARN [02-09|15:07:17.515] Block sealing failed                     err=unauthorized
INFO [02-09|15:07:17.515] QBFT: handle final committed             address=0xDF8b560be949C229C821731554C33EAD5E3888A4 current.round=0 current.sequence=3187 state="Accept request"
INFO [02-09|15:07:17.515] QBFT: start new round                    address=0xDF8b560be949C229C821731554C33EAD5E3888A4 old.round=0  old.sequence=3187 old.state="Accept request" old.proposer=0xcE412f988377e31F4d0fF12d74df73B51C42d0cA next.round=0 next.seq=3188 next.proposer=0x27A97C9AaF04f18f3014c32e036dD0Ac76Da5f18 next.valSet="[0x27A97C9AaF04f18f3014c32e036dD0Ac76Da5f18 0x93917cADBace5dFCE132B991732c6Cda9bcC5B8a 0x98C1334496614aED49d2E81526D089f7264fED9C 0xcE412f988377e31F4d0fF12d74df73B51C42d0cA]" next.size=4 next.IsProposer=false
INFO [02-09|15:07:27.019] Imported new chain segment               blocks=1 txs=0 mgas=0.000 elapsed="603.541µs" mgasps=0.000   number=3189 hash=d68dff..985e4f dirty=3.82KiB
INFO [02-09|15:07:32.006] Imported new chain segment               blocks=1 txs=0 mgas=0.000 elapsed="387.875µs" mgasps=0.000   number=3190 hash=0d9e5a..742e35 dirty=3.82KiB
INFO [02-09|15:07:32.007] QBFT: start new round                    address=0xDF8b560be949C229C821731554C33EAD5E3888A4 old.round=0  old.sequence=3190 old.state="Accept request" old.proposer=0x98C1334496614aED49d2E81526D089f7264fED9C next.round=0 next.seq=3191 next.proposer=0xcE412f988377e31F4d0fF12d74df73B51C42d0cA next.valSet="[0x27A97C9AaF04f18f3014c32e036dD0Ac76Da5f18 0x93917cADBace5dFCE132B991732c6Cda9bcC5B8a 0x98C1334496614aED49d2E81526D089f7264fED9C 0xcE412f988377e31F4d0fF12d74df73B51C42d0cA]" next.size=4 next.IsProposer=false
INFO [02-09|15:07:37.010] Imported new chain segment               blocks=1 txs=0 mgas=0.000 elapsed="831.416µs" mgasps=0.000   number=3191 hash=8c9e9f..5c9c6b dirty=3.82KiB
INFO [02-09|15:07:37.010] QBFT: initialize new round               address=0xDF8b560be949C229C821731554C33EAD5E3888A4 current.round=0 current.sequence=3191 target.round=0 lastProposal.number=3191 lastProposal.hash=8c9e9f..5c9c6b
INFO [02-09|15:07:42.007] Imported new chain segment               blocks=1 txs=0 mgas=0.000 elapsed="421.75µs"  mgasps=0.000   number=3192 hash=791532..461fe9 dirty=3.82KiB
INFO [02-09|15:07:42.007] Commit new mining work                   number=3193 sealhash=0c3bfa..d3469d uncles=0 txs=0 gas=0     fees=0 elapsed="114.875µs"
WARN [02-09|15:07:42.007] Block sealing failed                     err=unauthorized
INFO [02-09|15:07:42.007] QBFT: handle final committed             address=0xDF8b560be949C229C821731554C33EAD5E3888A4 current.round=0 current.sequence=3192 state="Accept request"
INFO [02-09|15:07:47.006] Imported new chain segment               blocks=1 txs=0 mgas=0.000 elapsed="474.541µs" mgasps=0.000   number=3193 hash=7a69d3..0d31dc dirty=3.82KiB
INFO [02-09|15:07:47.007] Commit new mining work                   number=3194 sealhash=5077a5..912b4a uncles=0 txs=0 gas=0     fees=0 elapsed="124.417µs"
WARN [02-09|15:07:47.007] Block sealing failed                     err=unauthorized
INFO [02-09|15:07:52.012] Imported new chain segment               blocks=1 txs=0 mgas=0.000 elapsed="799.417µs" mgasps=0.000   number=3194 hash=83386a..313f26 dirty=3.82KiB
INFO [02-09|15:07:52.013] QBFT: handle final committed             address=0xDF8b560be949C229C821731554C33EAD5E3888A4 current.round=0 current.sequence=3194 state="Accept request"
INFO [02-09|15:07:52.013] QBFT: initialize new round               address=0xDF8b560be949C229C821731554C33EAD5E3888A4 current.round=0 current.sequence=3194 target.round=0 lastProposal.number=3194 lastProposal.hash=83386a..313f26
INFO [02-09|15:07:57.011] Imported new chain segment               blocks=1 txs=0 mgas=0.000 elapsed="839.834µs" mgasps=0.000   number=3195 hash=775213..a81f1f dirty=3.82KiB
INFO [02-09|15:07:57.012] QBFT: handle final committed             address=0xDF8b560be949C229C821731554C33EAD5E3888A4 current.round=0 current.sequence=3195 state="Accept request"
INFO [02-09|15:07:57.012] QBFT: start new round                    address=0xDF8b560be949C229C821731554C33EAD5E3888A4 old.round=0  old.sequence=3195 old.state="Accept request" old.proposer=0xcE412f988377e31F4d0fF12d74df73B51C42d0cA next.round=0 next.seq=3196 next.proposer=0x27A97C9AaF04f18f3014c32e036dD0Ac76Da5f18 next.valSet="[0x27A97C9AaF04f18f3014c32e036dD0Ac76Da5f18 0x93917cADBace5dFCE132B991732c6Cda9bcC5B8a 0x98C1334496614aED49d2E81526D089f7264fED9C 0xcE412f988377e31F4d0fF12d74df73B51C42d0cA]" next.size=4 next.IsProposer=false
INFO [02-09|15:08:02.010] Imported new chain segment               blocks=1 txs=0 mgas=0.000 elapsed="705.667µs" mgasps=0.000   number=3196 hash=e09593..5796e1 dirty=3.82KiB
INFO [02-09|15:08:02.010] Commit new mining work                   number=3197 sealhash=1e3b52..b91dbb uncles=0 txs=0 gas=0     fees=0 elapsed="244.792µs"
WARN [02-09|15:08:02.010] Block sealing failed                     err=unauthorized
INFO [02-09|15:08:02.010] QBFT: handle final committed             address=0xDF8b560be949C229C821731554C33EAD5E3888A4 current.round=0 current.sequence=3196 state="Accept request"
INFO [02-09|15:08:02.010] QBFT: initialize new round               address=0xDF8b560be949C229C821731554C33EAD5E3888A4 current.round=0 current.sequence=3196 target.round=0 lastProposal.number=3196 lastProposal.hash=e09593..5796e1
INFO [02-09|15:08:02.010] QBFT: start new round                    address=0xDF8b560be949C229C821731554C33EAD5E3888A4 old.round=0  old.sequence=3196 old.state="Accept request" old.proposer=0x27A97C9AaF04f18f3014c32e036dD0Ac76Da5f18 next.round=0 next.seq=3197 next.proposer=0x93917cADBace5dFCE132B991732c6Cda9bcC5B8a next.valSet="[0x27A97C9AaF04f18f3014c32e036dD0Ac76Da5f18 0x93917cADBace5dFCE132B991732c6Cda9bcC5B8a 0x98C1334496614aED49d2E81526D089f7264fED9C 0xcE412f988377e31F4d0fF12d74df73B51C42d0cA]" next.size=4 next.IsProposer=false
INFO [02-09|15:08:07.011] Imported new chain segment               blocks=1 txs=0 mgas=0.000 elapsed="857µs"     mgasps=0.000   number=3197 hash=76dfac..c28fd9 dirty=3.82KiB
INFO [02-09|15:08:12.010] Imported new chain segment               blocks=1 txs=0 mgas=0.000 elapsed="797.958µs" mgasps=0.000   number=3198 hash=c3d721..e91678 dirty=3.82KiB
INFO [02-09|15:08:12.010] Commit new mining work                   number=3199 sealhash=cd103a..393845 uncles=0 txs=0 gas=0     fees=0 elapsed="229.792µs"
INFO [02-09|15:08:12.011] QBFT: handle final committed             address=0xDF8b560be949C229C821731554C33EAD5E3888A4 current.round=0 current.sequence=3198 state="Accept request"
INFO [02-09|15:08:17.009] Imported new chain segment               blocks=1 txs=0 mgas=0.000 elapsed="851.041µs" mgasps=0.000   number=3199 hash=17068a..396a66 dirty=3.82KiB
INFO [02-09|15:08:17.010] QBFT: handle final committed             address=0xDF8b560be949C229C821731554C33EAD5E3888A4 current.round=0 current.sequence=3199 state="Accept request"
INFO [02-09|15:08:17.010] QBFT: initialize new round               address=0xDF8b560be949C229C821731554C33EAD5E3888A4 current.round=0 current.sequence=3199 target.round=0 lastProposal.number=3199 lastProposal.hash=17068a..396a66
INFO [02-09|15:08:27.514] Imported new chain segment               blocks=1 txs=0 mgas=0.000 elapsed="915.75µs"  mgasps=0.000   number=3201 hash=29ef7d..ef2e37 dirty=3.82KiB
INFO [02-09|15:08:32.516] Imported new chain segment               blocks=1 txs=0 mgas=0.000 elapsed=1.259ms     mgasps=0.000   number=3202 hash=002604..f0f79c dirty=3.82KiB
INFO [02-09|15:08:37.006] Imported new chain segment               blocks=1 txs=0 mgas=0.000 elapsed="496.209µs" mgasps=0.000   number=3203 hash=b050a9..8cbb60 dirty=3.82KiB
INFO [02-09|15:08:37.006] Commit new mining work                   number=3204 sealhash=8e7334..f50a72 uncles=0 txs=0 gas=0     fees=0 elapsed="272.083µs"
INFO [02-09|15:08:37.006] QBFT: handle final committed             address=0xDF8b560be949C229C821731554C33EAD5E3888A4 current.round=0 current.sequence=3203 state="Accept request"
INFO [02-09|15:08:42.011] QBFT: handle final committed             address=0xDF8b560be949C229C821731554C33EAD5E3888A4 current.round=0 current.sequence=3204 state="Accept request"
INFO [02-09|15:08:42.011] QBFT: initialize new round               address=0xDF8b560be949C229C821731554C33EAD5E3888A4 current.round=0 current.sequence=3204 target.round=0 lastProposal.number=3204 lastProposal.hash=274108..df4e2f
INFO [02-09|15:08:42.011] QBFT: start new round                    address=0xDF8b560be949C229C821731554C33EAD5E3888A4 old.round=0  old.sequence=3204 old.state="Accept request" old.proposer=0x27A97C9AaF04f18f3014c32e036dD0Ac76Da5f18 next.round=0 next.seq=3205 next.proposer=0x93917cADBace5dFCE132B991732c6Cda9bcC5B8a next.valSet="[0x27A97C9AaF04f18f3014c32e036dD0Ac76Da5f18 0x93917cADBace5dFCE132B991732c6Cda9bcC5B8a 0x98C1334496614aED49d2E81526D089f7264fED9C 0xcE412f988377e31F4d0fF12d74df73B51C42d0cA]" next.size=4 next.IsProposer=false
INFO [02-09|15:08:42.011] Commit new mining work                   number=3205 sealhash=d0aec3..2109d6 uncles=0 txs=0 gas=0     fees=0 elapsed="276µs"
WARN [02-09|15:08:42.011] Block sealing failed                     err=unauthorized
INFO [02-09|15:08:52.009] Imported new chain segment               blocks=1 txs=0 mgas=0.000 elapsed="702.833µs" mgasps=0.000   number=3206 hash=b9dfc7..60ef92 dirty=3.82KiB
INFO [02-09|15:08:52.009] QBFT: handle final committed             address=0xDF8b560be949C229C821731554C33EAD5E3888A4 current.round=0 current.sequence=3206 state="Accept request"
INFO [02-09|15:08:57.013] Imported new chain segment               blocks=1 txs=0 mgas=0.000 elapsed=1.361ms     mgasps=0.000   number=3207 hash=70bb66..baa641 dirty=3.82KiB
INFO [02-09|15:08:57.014] Commit new mining work                   number=3208 sealhash=743542..655e25 uncles=0 txs=0 gas=0     fees=0 elapsed="128.916µs"
INFO [02-09|15:08:57.014] QBFT: handle final committed             address=0xDF8b560be949C229C821731554C33EAD5E3888A4 current.round=0 current.sequence=3207 state="Accept request"
INFO [02-09|15:08:57.015] QBFT: initialize new round               address=0xDF8b560be949C229C821731554C33EAD5E3888A4 current.round=0 current.sequence=3207 target.round=0 lastProposal.number=3207 lastProposal.hash=70bb66..baa641
INFO [02-09|15:08:57.015] QBFT: start new round                    address=0xDF8b560be949C229C821731554C33EAD5E3888A4 old.round=0  old.sequence=3207 old.state="Accept request" old.proposer=0xcE412f988377e31F4d0fF12d74df73B51C42d0cA next.round=0 next.seq=3208 next.proposer=0x27A97C9AaF04f18f3014c32e036dD0Ac76Da5f18 next.valSet="[0x27A97C9AaF04f18f3014c32e036dD0Ac76Da5f18 0x93917cADBace5dFCE132B991732c6Cda9bcC5B8a 0x98C1334496614aED49d2E81526D089f7264fED9C 0xcE412f988377e31F4d0fF12d74df73B51C42d0cA]" next.size=4 next.IsProposer=false
INFO [02-09|15:09:02.012] Imported new chain segment               blocks=1 txs=0 mgas=0.000 elapsed="787.375µs" mgasps=0.000   number=3208 hash=1d074e..fb6f25 dirty=3.82KiB
INFO [02-09|15:09:02.012] Commit new mining work                   number=3209 sealhash=16faa1..42a1ed uncles=0 txs=0 gas=0     fees=0 elapsed="227.625µs"
INFO [02-09|15:09:07.513] Commit new mining work                   number=3210 sealhash=248a80..60339b uncles=0 txs=0 gas=0     fees=0 elapsed="152.125µs"
INFO [02-09|15:09:12.512] Imported new chain segment               blocks=1 txs=0 mgas=0.000 elapsed=1.102ms     mgasps=0.000   number=3210 hash=6a17ee..f7589a dirty=3.82KiB
INFO [02-09|15:09:22.010] Imported new chain segment               blocks=1 txs=0 mgas=0.000 elapsed=1.095ms     mgasps=0.000   number=3212 hash=571de1..ee952d dirty=3.82KiB
INFO [02-09|15:09:22.011] QBFT: start new round                    address=0xDF8b560be949C229C821731554C33EAD5E3888A4 old.round=0  old.sequence=3212 old.state="Accept request" old.proposer=0x27A97C9AaF04f18f3014c32e036dD0Ac76Da5f18 next.round=0 next.seq=3213 next.proposer=0x93917cADBace5dFCE132B991732c6Cda9bcC5B8a next.valSet="[0x27A97C9AaF04f18f3014c32e036dD0Ac76Da5f18 0x93917cADBace5dFCE132B991732c6Cda9bcC5B8a 0x98C1334496614aED49d2E81526D089f7264fED9C 0xcE412f988377e31F4d0fF12d74df73B51C42d0cA]" next.size=4 next.IsProposer=false
INFO [02-09|15:09:27.509] Imported new chain segment               blocks=1 txs=0 mgas=0.000 elapsed="457.417µs" mgasps=0.000   number=3213 hash=254fb3..c60553 dirty=3.82KiB
INFO [02-09|15:09:32.515] Imported new chain segment               blocks=1 txs=0 mgas=0.000 elapsed=1.034ms     mgasps=0.000   number=3214 hash=9d0b20..057568 dirty=3.82KiB
WARN [02-09|15:09:32.515] Block sealing failed                     err=unauthorized
INFO [02-09|15:09:37.010] Imported new chain segment               blocks=1 txs=0 mgas=0.000 elapsed="918.208µs" mgasps=0.000   number=3215 hash=535a5d..f02d14 dirty=3.82KiB
INFO [02-09|15:09:37.010] QBFT: handle final committed             address=0xDF8b560be949C229C821731554C33EAD5E3888A4 current.round=0 current.sequence=3215 state="Accept request"
INFO [02-09|15:09:42.011] Imported new chain segment               blocks=1 txs=0 mgas=0.000 elapsed="821.791µs" mgasps=0.000   number=3216 hash=d1f5dd..38224d dirty=3.82KiB
INFO [02-09|15:09:47.009] Imported new chain segment               blocks=1 txs=0 mgas=0.000 elapsed="800.625µs" mgasps=0.000   number=3217 hash=a87442..7012d6 dirty=3.82KiB
INFO [02-09|15:09:47.010] Commit new mining work                   number=3218 sealhash=7b5d05..5dc18e uncles=0 txs=0 gas=0     fees=0 elapsed="264.083µs"
INFO [02-09|15:09:47.010] QBFT: start new round                    address=0xDF8b560be949C229C821731554C33EAD5E3888A4 old.round=0  old.sequence=3217 old.state="Accept request" old.proposer=0x93917cADBace5dFCE132B991732c6Cda9bcC5B8a next.round=0 next.seq=3218 next.proposer=0x98C1334496614aED49d2E81526D089f7264fED9C next.valSet="[0x27A97C9AaF04f18f3014c32e036dD0Ac76Da5f18 0x93917cADBace5dFCE132B991732c6Cda9bcC5B8a 0x98C1334496614aED49d2E81526D089f7264fED9C 0xcE412f988377e31F4d0fF12d74df73B51C42d0cA]" next.size=4 next.IsProposer=false
INFO [02-09|15:09:52.010] Imported new chain segment               blocks=1 txs=0 mgas=0.000 elapsed="795.292µs" mgasps=0.000   number=3218 hash=59543b..116f0b dirty=3.82KiB
INFO [02-09|15:09:57.006] QBFT: start new round                    address=0xDF8b560be949C229C821731554C33EAD5E3888A4 old.round=0  old.sequence=3219 old.state="Accept request" old.proposer=0xcE412f988377e31F4d0fF12d74df73B51C42d0cA next.round=0 next.seq=3220 next.proposer=0x27A97C9AaF04f18f3014c32e036dD0Ac76Da5f18 next.valSet="[0x27A97C9AaF04f18f3014c32e036dD0Ac76Da5f18 0x93917cADBace5dFCE132B991732c6Cda9bcC5B8a 0x98C1334496614aED49d2E81526D089f7264fED9C 0xcE412f988377e31F4d0fF12d74df73B51C42d0cA]" next.size=4 next.IsProposer=false
INFO [02-09|15:10:02.008] Imported new chain segment               blocks=1 txs=0 mgas=0.000 elapsed="888.291µs" mgasps=0.000   number=3220 hash=18a1bd..48be9d dirty=3.82KiB
INFO [02-09|15:10:07.009] Imported new chain segment               blocks=1 txs=0 mgas=0.000 elapsed="524.042µs" mgasps=0.000   number=3221 hash=7a0066..cb010d dirty=3.82KiB
INFO [02-09|15:10:12.010] QBFT: handle final committed             address=0xDF8b560be949C229C821731554C33EAD5E3888A4 current.round=0 current.sequence=3222 state="Accept request"
INFO [02-09|15:10:12.010] QBFT: initialize new round               address=0xDF8b560be949C229C821731554C33EAD5E3888A4 current.round=0 current.sequence=3222 target.round=0 lastProposal.number=3222 lastProposal.hash=dd04e0..af473d
INFO [02-09|15:10:17.011] Imported new chain segment               blocks=1 txs=0 mgas=0.000 elapsed="784.375µs" mgasps=0.000   number=3223 hash=9cc231..8f0cc1 dirty=3.82KiB
INFO [02-09|15:10:17.011] Commit new mining work                   number=3224 sealhash=b08b9a..ea8f42 uncles=0 txs=0 gas=0     fees=0 elapsed="197.292µs"
INFO [02-09|15:10:17.011] QBFT: handle final committed             address=0xDF8b560be949C229C821731554C33EAD5E3888A4 current.round=0 current.sequence=3223 state="Accept request"
INFO [02-09|15:10:22.010] Imported new chain segment               blocks=1 txs=0 mgas=0.000 elapsed="830.333µs" mgasps=0.000   number=3224 hash=c15323..a5cd02 dirty=3.82KiB
INFO [02-09|15:10:22.010] QBFT: initialize new round               address=0xDF8b560be949C229C821731554C33EAD5E3888A4 current.round=0 current.sequence=3224 target.round=0 lastProposal.number=3224 lastProposal.hash=c15323..a5cd02
INFO [02-09|15:10:27.010] Imported new chain segment               blocks=1 txs=0 mgas=0.000 elapsed="790.5µs"   mgasps=0.000   number=3225 hash=a76d8d..453acb dirty=3.82KiB
INFO [02-09|15:10:27.011] Commit new mining work                   number=3226 sealhash=244c1d..daa9a4 uncles=0 txs=0 gas=0     fees=0 elapsed="235.917µs"
INFO [02-09|15:10:32.010] Imported new chain segment               blocks=1 txs=0 mgas=0.000 elapsed=1.068ms     mgasps=0.000   number=3226 hash=01d6f7..ea0490 dirty=3.82KiB
INFO [02-09|15:10:37.012] Imported new chain segment               blocks=1 txs=0 mgas=0.000 elapsed="756.209µs" mgasps=0.000   number=3227 hash=84775f..7cd3ed dirty=3.82KiB
INFO [02-09|15:10:42.009] Imported new chain segment               blocks=1 txs=0 mgas=0.000 elapsed="810.083µs" mgasps=0.000   number=3228 hash=0c3158..23a264 dirty=3.82KiB
INFO [02-09|15:10:52.512] Imported new chain segment               blocks=1 txs=0 mgas=0.000 elapsed=1.157ms     mgasps=0.000   number=3230 hash=0fd54d..373981 dirty=3.82KiB
INFO [02-09|15:10:52.512] QBFT: handle final committed             address=0xDF8b560be949C229C821731554C33EAD5E3888A4 current.round=0 current.sequence=3230 state="Accept request"
INFO [02-09|15:10:57.010] Imported new chain segment               blocks=1 txs=0 mgas=0.000 elapsed="879.875µs" mgasps=0.000   number=3231 hash=0f2d2d..fa6a5a dirty=3.82KiB
INFO [02-09|15:10:57.011] QBFT: handle final committed             address=0xDF8b560be949C229C821731554C33EAD5E3888A4 current.round=0 current.sequence=3231 state="Accept request"
INFO [02-09|15:10:57.011] QBFT: initialize new round               address=0xDF8b560be949C229C821731554C33EAD5E3888A4 current.round=0 current.sequence=3231 target.round=0 lastProposal.number=3231 lastProposal.hash=0f2d2d..fa6a5a
INFO [02-09|15:10:57.011] Commit new mining work                   number=3232 sealhash=932f36..63d5fb uncles=0 txs=0 gas=0     fees=0 elapsed="448.625µs"
INFO [02-09|15:11:02.005] Imported new chain segment               blocks=1 txs=0 mgas=0.000 elapsed="363.25µs"  mgasps=0.000   number=3232 hash=5f64b9..06d1fb dirty=3.82KiB
INFO [02-09|15:11:07.010] Imported new chain segment               blocks=1 txs=0 mgas=0.000 elapsed="716.75µs"  mgasps=0.000   number=3233 hash=d7ee0c..b4b9dd dirty=3.82KiB
INFO [02-09|15:11:07.010] Commit new mining work                   number=3234 sealhash=40358e..f35740 uncles=0 txs=0 gas=0     fees=0 elapsed="208.291µs"
INFO [02-09|15:11:07.010] QBFT: handle final committed             address=0xDF8b560be949C229C821731554C33EAD5E3888A4 current.round=0 current.sequence=3233 state="Accept request"
INFO [02-09|15:11:07.010] QBFT: initialize new round               address=0xDF8b560be949C229C821731554C33EAD5E3888A4 current.round=0 current.sequence=3233 target.round=0 lastProposal.number=3233 lastProposal.hash=d7ee0c..b4b9dd
INFO [02-09|15:11:12.012] Imported new chain segment               blocks=1 txs=0 mgas=0.000 elapsed=1.593ms     mgasps=0.000   number=3234 hash=eff2b8..3a45cb dirty=3.82KiB
INFO [02-09|15:11:12.012] QBFT: handle final committed             address=0xDF8b560be949C229C821731554C33EAD5E3888A4 current.round=0 current.sequence=3234 state="Accept request"
INFO [02-09|15:11:17.011] Imported new chain segment               blocks=1 txs=0 mgas=0.000 elapsed="835.125µs" mgasps=0.000   number=3235 hash=74aec9..d3c6fb dirty=3.82KiB
INFO [02-09|15:11:22.010] Imported new chain segment               blocks=1 txs=0 mgas=0.000 elapsed="950.417µs" mgasps=0.000   number=3236 hash=5679b5..2ac562 dirty=3.82KiB
INFO [02-09|15:11:22.010] Commit new mining work                   number=3237 sealhash=77b542..75e433 uncles=0 txs=0 gas=0     fees=0 elapsed="329.125µs"
INFO [02-09|15:11:27.005] Imported new chain segment               blocks=1 txs=0 mgas=0.000 elapsed="215.708µs" mgasps=0.000   number=3237 hash=ebd03b..384e7e dirty=3.82KiB
INFO [02-09|15:11:27.005] QBFT: handle final committed             address=0xDF8b560be949C229C821731554C33EAD5E3888A4 current.round=0 current.sequence=3237 state="Accept request"
INFO [02-09|15:11:27.005] QBFT: initialize new round               address=0xDF8b560be949C229C821731554C33EAD5E3888A4 current.round=0 current.sequence=3237 target.round=0 lastProposal.number=3237 lastProposal.hash=ebd03b..384e7e
INFO [02-09|15:11:32.512] QBFT: handle final committed             address=0xDF8b560be949C229C821731554C33EAD5E3888A4 current.round=0 current.sequence=3238 state="Accept request"
INFO [02-09|15:11:37.010] Imported new chain segment               blocks=1 txs=0 mgas=0.000 elapsed="813.042µs" mgasps=0.000   number=3239 hash=34a8bc..2bc96f dirty=3.82KiB
INFO [02-09|15:11:37.011] Commit new mining work                   number=3240 sealhash=5a26e5..6447d1 uncles=0 txs=0 gas=0     fees=0 elapsed="252.542µs"
INFO [02-09|15:11:37.011] QBFT: handle final committed             address=0xDF8b560be949C229C821731554C33EAD5E3888A4 current.round=0 current.sequence=3239 state="Accept request"
INFO [02-09|15:11:42.010] QBFT: start new round                    address=0xDF8b560be949C229C821731554C33EAD5E3888A4 old.round=0  old.sequence=3240 old.state="Accept request" old.proposer=0x27A97C9AaF04f18f3014c32e036dD0Ac76Da5f18 next.round=0 next.seq=3241 next.proposer=0x93917cADBace5dFCE132B991732c6Cda9bcC5B8a next.valSet="[0x27A97C9AaF04f18f3014c32e036dD0Ac76Da5f18 0x93917cADBace5dFCE132B991732c6Cda9bcC5B8a 0x98C1334496614aED49d2E81526D089f7264fED9C 0xcE412f988377e31F4d0fF12d74df73B51C42d0cA]" next.size=4 next.IsProposer=false
INFO [02-09|15:11:47.513] Imported new chain segment               blocks=1 txs=0 mgas=0.000 elapsed=1.105ms     mgasps=0.000   number=3241 hash=955ddc..3ecf55 dirty=3.82KiB
INFO [02-09|15:11:47.513] Commit new mining work                   number=3242 sealhash=71cbb0..499d72 uncles=0 txs=0 gas=0     fees=0 elapsed="261.958µs"
INFO [02-09|15:11:52.005] Imported new chain segment               blocks=1 txs=0 mgas=0.000 elapsed="433.625µs" mgasps=0.000   number=3242 hash=b0cf1d..d9d756 dirty=3.82KiB
INFO [02-09|15:11:52.005] Commit new mining work                   number=3243 sealhash=b014bb..6bb8d6 uncles=0 txs=0 gas=0     fees=0 elapsed="103.208µs"
INFO [02-09|15:11:52.005] QBFT: handle final committed             address=0xDF8b560be949C229C821731554C33EAD5E3888A4 current.round=0 current.sequence=3242 state="Accept request"
INFO [02-09|15:11:57.011] Imported new chain segment               blocks=1 txs=0 mgas=0.000 elapsed="826.25µs"  mgasps=0.000   number=3243 hash=1f10d8..a72f04 dirty=3.82KiB
INFO [02-09|15:11:57.012] Commit new mining work                   number=3244 sealhash=08a20b..c56a71 uncles=0 txs=0 gas=0     fees=0 elapsed="249.667µs"
WARN [02-09|15:11:57.012] Block sealing failed                     err=unauthorized
INFO [02-09|15:12:02.010] Imported new chain segment               blocks=1 txs=0 mgas=0.000 elapsed="860.042µs" mgasps=0.000   number=3244 hash=d2426d..44e588 dirty=3.82KiB
INFO [02-09|15:12:02.010] QBFT: handle final committed             address=0xDF8b560be949C229C821731554C33EAD5E3888A4 current.round=0 current.sequence=3244 state="Accept request"
INFO [02-09|15:12:02.011] QBFT: initialize new round               address=0xDF8b560be949C229C821731554C33EAD5E3888A4 current.round=0 current.sequence=3244 target.round=0 lastProposal.number=3244 lastProposal.hash=d2426d..44e588
INFO [02-09|15:12:07.011] QBFT: start new round                    address=0xDF8b560be949C229C821731554C33EAD5E3888A4 old.round=0  old.sequence=3245 old.state="Accept request" old.proposer=0x93917cADBace5dFCE132B991732c6Cda9bcC5B8a next.round=0 next.seq=3246 next.proposer=0x98C1334496614aED49d2E81526D089f7264fED9C next.valSet="[0x27A97C9AaF04f18f3014c32e036dD0Ac76Da5f18 0x93917cADBace5dFCE132B991732c6Cda9bcC5B8a 0x98C1334496614aED49d2E81526D089f7264fED9C 0xcE412f988377e31F4d0fF12d74df73B51C42d0cA]" next.size=4 next.IsProposer=false
INFO [02-09|15:12:12.517] Imported new chain segment               blocks=1 txs=0 mgas=0.000 elapsed=1.050ms     mgasps=0.000   number=3246 hash=739c1c..e6ba58 dirty=3.82KiB
INFO [02-09|15:12:12.517] Commit new mining work                   number=3247 sealhash=48c700..d4775e uncles=0 txs=0 gas=0     fees=0 elapsed="267.333µs"
INFO [02-09|15:12:12.518] QBFT: start new round                    address=0xDF8b560be949C229C821731554C33EAD5E3888A4 old.round=0  old.sequence=3246 old.state="Accept request" old.proposer=0x98C1334496614aED49d2E81526D089f7264fED9C next.round=0 next.seq=3247 next.proposer=0xcE412f988377e31F4d0fF12d74df73B51C42d0cA next.valSet="[0x27A97C9AaF04f18f3014c32e036dD0Ac76Da5f18 0x93917cADBace5dFCE132B991732c6Cda9bcC5B8a 0x98C1334496614aED49d2E81526D089f7264fED9C 0xcE412f988377e31F4d0fF12d74df73B51C42d0cA]" next.size=4 next.IsProposer=false
INFO [02-09|15:12:17.011] Imported new chain segment               blocks=1 txs=0 mgas=0.000 elapsed="876.709µs" mgasps=0.000   number=3247 hash=ad8486..b74c69 dirty=3.82KiB
INFO [02-09|15:12:22.011] Imported new chain segment               blocks=1 txs=0 mgas=0.000 elapsed="827.667µs" mgasps=0.000   number=3248 hash=e5fa01..96c93c dirty=3.82KiB
WARN [02-09|15:12:22.011] Block sealing failed                     err=unauthorized
INFO [02-09|15:12:27.013] Imported new chain segment               blocks=1 txs=0 mgas=0.000 elapsed=1.000ms     mgasps=0.000   number=3249 hash=aae698..f3f028 dirty=3.82KiB
WARN [02-09|15:12:27.013] Block sealing failed                     err=unauthorized
INFO [02-09|15:12:32.008] QBFT: handle final committed             address=0xDF8b560be949C229C821731554C33EAD5E3888A4 current.round=0 current.sequence=3250 state="Accept request"
INFO [02-09|15:12:32.008] QBFT: initialize new round               address=0xDF8b560be949C229C821731554C33EAD5E3888A4 current.round=0 current.sequence=3250 target.round=0 lastProposal.number=3250 lastProposal.hash=b1a3ce..545feb
INFO [02-09|15:12:37.516] Imported new chain segment               blocks=1 txs=0 mgas=0.000 elapsed=1.007ms     mgasps=0.000   number=3251 hash=92620b..2ace43 dirty=3.82KiB
INFO [02-09|15:12:37.517] QBFT: handle final committed             address=0xDF8b560be949C229C821731554C33EAD5E3888A4 current.round=0 current.sequence=3251 state="Accept request"
INFO [02-09|15:12:42.010] Commit new mining work                   number=3253 sealhash=6fe6e8..a8ed9b uncles=0 txs=0 gas=0     fees=0 elapsed="252.5µs"
INFO [02-09|15:12:47.515] Imported new chain segment               blocks=1 txs=0 mgas=0.000 elapsed=1.283ms     mgasps=0.000   number=3253 hash=cadb5f..aec341 dirty=3.82KiB
INFO [02-09|15:12:52.007] Imported new chain segment               blocks=1 txs=0 mgas=0.000 elapsed="764.25µs"  mgasps=0.000   number=3254 hash=b71526..f44707 dirty=3.82KiB
INFO [02-09|15:12:52.008] QBFT: handle final committed             address=0xDF8b560be949C229C821731554C33EAD5E3888A4 current.round=0 current.sequence=3254 state="Accept request"
INFO [02-09|15:12:57.010] Imported new chain segment               blocks=1 txs=0 mgas=0.000 elapsed="855.584µs" mgasps=0.000   number=3255 hash=b0a7f4..d295e7 dirty=3.82KiB
INFO [02-09|15:13:02.012] Imported new chain segment               blocks=1 txs=0 mgas=0.000 elapsed="772.458µs" mgasps=0.000   number=3256 hash=47f5e5..e7d805 dirty=3.82KiB
INFO [02-09|15:13:02.013] Commit new mining work                   number=3257 sealhash=48b5e0..3a5a9d uncles=0 txs=0 gas=0     fees=0 elapsed="264.875µs"
INFO [02-09|15:13:02.013] QBFT: start new round                    address=0xDF8b560be949C229C821731554C33EAD5E3888A4 old.round=0  old.sequence=3256 old.state="Accept request" old.proposer=0x27A97C9AaF04f18f3014c32e036dD0Ac76Da5f18 next.round=0 next.seq=3257 next.proposer=0x93917cADBace5dFCE132B991732c6Cda9bcC5B8a next.valSet="[0x27A97C9AaF04f18f3014c32e036dD0Ac76Da5f18 0x93917cADBace5dFCE132B991732c6Cda9bcC5B8a 0x98C1334496614aED49d2E81526D089f7264fED9C 0xcE412f988377e31F4d0fF12d74df73B51C42d0cA]" next.size=4 next.IsProposer=false
INFO [02-09|15:13:07.011] QBFT: handle final committed             address=0xDF8b560be949C229C821731554C33EAD5E3888A4 current.round=0 current.sequence=3257 state="Accept request"
INFO [02-09|15:13:07.011] QBFT: initialize new round               address=0xDF8b560be949C229C821731554C33EAD5E3888A4 current.round=0 current.sequence=3257 target.round=0 lastProposal.number=3257 lastProposal.hash=bbcb60..5ad1ae
INFO [02-09|15:13:07.011] Commit new mining work                   number=3258 sealhash=06015b..46f2e9 uncles=0 txs=0 gas=0     fees=0 elapsed="659.167µs"
INFO [02-09|15:13:12.011] Imported new chain segment               blocks=1 txs=0 mgas=0.000 elapsed="966.5µs"   mgasps=0.000   number=3258 hash=af5ac8..8f37b7 dirty=3.82KiB
INFO [02-09|15:13:17.008] Imported new chain segment               blocks=1 txs=0 mgas=0.000 elapsed="557.75µs"  mgasps=0.000   number=3259 hash=3075ec..3df683 dirty=3.82KiB
INFO [02-09|15:13:17.008] QBFT: initialize new round               address=0xDF8b560be949C229C821731554C33EAD5E3888A4 current.round=0 current.sequence=3259 target.round=0 lastProposal.number=3259 lastProposal.hash=3075ec..3df683
INFO [02-09|15:13:22.009] QBFT: handle final committed             address=0xDF8b560be949C229C821731554C33EAD5E3888A4 current.round=0 current.sequence=3260 state="Accept request"
INFO [02-09|15:13:27.005] Imported new chain segment               blocks=1 txs=0 mgas=0.000 elapsed="354.916µs" mgasps=0.000   number=3261 hash=6956d0..7edd54 dirty=3.82KiB
INFO [02-09|15:13:37.007] Imported new chain segment               blocks=1 txs=0 mgas=0.000 elapsed="501.791µs" mgasps=0.000   number=3263 hash=9f16bb..20f651 dirty=3.82KiB
INFO [02-09|15:13:37.007] QBFT: handle final committed             address=0xDF8b560be949C229C821731554C33EAD5E3888A4 current.round=0 current.sequence=3263 state="Accept request"
INFO [02-09|15:13:37.007] QBFT: initialize new round               address=0xDF8b560be949C229C821731554C33EAD5E3888A4 current.round=0 current.sequence=3263 target.round=0 lastProposal.number=3263 lastProposal.hash=9f16bb..20f651
INFO [02-09|15:13:42.515] Imported new chain segment               blocks=1 txs=0 mgas=0.000 elapsed=1.475ms     mgasps=0.000   number=3264 hash=b0e1f9..af79d5 dirty=3.82KiB
INFO [02-09|15:13:42.516] QBFT: start new round                    address=0xDF8b560be949C229C821731554C33EAD5E3888A4 old.round=0  old.sequence=3264 old.state="Accept request" old.proposer=0x27A97C9AaF04f18f3014c32e036dD0Ac76Da5f18 next.round=0 next.seq=3265 next.proposer=0x93917cADBace5dFCE132B991732c6Cda9bcC5B8a next.valSet="[0x27A97C9AaF04f18f3014c32e036dD0Ac76Da5f18 0x93917cADBace5dFCE132B991732c6Cda9bcC5B8a 0x98C1334496614aED49d2E81526D089f7264fED9C 0xcE412f988377e31F4d0fF12d74df73B51C42d0cA]" next.size=4 next.IsProposer=false
INFO [02-09|15:13:47.008] Imported new chain segment               blocks=1 txs=0 mgas=0.000 elapsed="789.417µs" mgasps=0.000   number=3265 hash=111e4b..ce2c15 dirty=3.82KiB
INFO [02-09|15:13:47.009] QBFT: initialize new round               address=0xDF8b560be949C229C821731554C33EAD5E3888A4 current.round=0 current.sequence=3265 target.round=0 lastProposal.number=3265 lastProposal.hash=111e4b..ce2c15
INFO [02-09|15:13:52.513] Imported new chain segment               blocks=1 txs=0 mgas=0.000 elapsed=1.116ms     mgasps=0.000   number=3266 hash=c6c51c..7b442b dirty=3.82KiB
INFO [02-09|15:13:57.520] Imported new chain segment               blocks=1 txs=0 mgas=0.000 elapsed=1.030ms     mgasps=0.000   number=3267 hash=cbfb47..6e4505 dirty=3.82KiB
INFO [02-09|15:13:57.520] QBFT: start new round                    address=0xDF8b560be949C229C821731554C33EAD5E3888A4 old.round=0  old.sequence=3267 old.state="Accept request" old.proposer=0xcE412f988377e31F4d0fF12d74df73B51C42d0cA next.round=0 next.seq=3268 next.proposer=0x27A97C9AaF04f18f3014c32e036dD0Ac76Da5f18 next.valSet="[0x27A97C9AaF04f18f3014c32e036dD0Ac76Da5f18 0x93917cADBace5dFCE132B991732c6Cda9bcC5B8a 0x98C1334496614aED49d2E81526D089f7264fED9C 0xcE412f988377e31F4d0fF12d74df73B51C42d0cA]" next.size=4 next.IsProposer=false
INFO [02-09|15:14:02.513] Imported new chain segment               blocks=1 txs=0 mgas=0.000 elapsed=1.164ms     mgasps=0.000   number=3268 hash=392829..dbdc41 dirty=3.82KiB
INFO [02-09|15:14:02.513] QBFT: start new round                    address=0xDF8b560be949C229C821731554C33EAD5E3888A4 old.round=0  old.sequence=3268 old.state="Accept request" old.proposer=0x27A97C9AaF04f18f3014c32e036dD0Ac76Da5f18 next.round=0 next.seq=3269 next.proposer=0x93917cADBace5dFCE132B991732c6Cda9bcC5B8a next.valSet="[0x27A97C9AaF04f18f3014c32e036dD0Ac76Da5f18 0x93917cADBace5dFCE132B991732c6Cda9bcC5B8a 0x98C1334496614aED49d2E81526D089f7264fED9C 0xcE412f988377e31F4d0fF12d74df73B51C42d0cA]" next.size=4 next.IsProposer=false
INFO [02-09|15:14:07.010] Imported new chain segment               blocks=1 txs=0 mgas=0.000 elapsed="824.625µs" mgasps=0.000   number=3269 hash=ca1614..c89e09 dirty=3.82KiB
INFO [02-09|15:14:07.011] Commit new mining work                   number=3270 sealhash=b506a2..cc644a uncles=0 txs=0 gas=0     fees=0 elapsed="217.708µs"
INFO [02-09|15:14:12.012] Imported new chain segment               blocks=1 txs=0 mgas=0.000 elapsed="814.417µs" mgasps=0.000   number=3270 hash=0b39a1..82ab35 dirty=3.82KiB
INFO [02-09|15:14:12.013] Commit new mining work                   number=3271 sealhash=4e1528..632803 uncles=0 txs=0 gas=0     fees=0 elapsed="188.792µs"
INFO [02-09|15:14:17.017] QBFT: handle final committed             address=0xDF8b560be949C229C821731554C33EAD5E3888A4 current.round=0 current.sequence=3271 state="Accept request"
INFO [02-09|15:14:22.515] Imported new chain segment               blocks=1 txs=0 mgas=0.000 elapsed="940.5µs"   mgasps=0.000   number=3272 hash=16a469..c4def1 dirty=3.82KiB
INFO [02-09|15:14:22.515] Commit new mining work                   number=3273 sealhash=29a25a..7c95f1 uncles=0 txs=0 gas=0     fees=0 elapsed="291.291µs"
INFO [02-09|15:14:22.516] QBFT: handle final committed             address=0xDF8b560be949C229C821731554C33EAD5E3888A4 current.round=0 current.sequence=3272 state="Accept request"
INFO [02-09|15:14:27.510] Imported new chain segment               blocks=1 txs=0 mgas=0.000 elapsed="275.333µs" mgasps=0.000   number=3273 hash=545c8a..9c25b9 dirty=3.82KiB
INFO [02-09|15:14:27.510] QBFT: handle final committed             address=0xDF8b560be949C229C821731554C33EAD5E3888A4 current.round=0 current.sequence=3273 state="Accept request"
INFO [02-09|15:14:32.012] QBFT: initialize new round               address=0xDF8b560be949C229C821731554C33EAD5E3888A4 current.round=0 current.sequence=3274 target.round=0 lastProposal.number=3274 lastProposal.hash=5b37ee..a660b9
WARN [02-09|15:14:32.012] Block sealing failed                     err=unauthorized
INFO [02-09|15:14:37.511] Imported new chain segment               blocks=1 txs=0 mgas=0.000 elapsed=1.055ms     mgasps=0.000   number=3275 hash=c17b40..54b2f3 dirty=3.82KiB
INFO [02-09|15:14:37.512] QBFT: handle final committed             address=0xDF8b560be949C229C821731554C33EAD5E3888A4 current.round=0 current.sequence=3275 state="Accept request"
INFO [02-09|15:14:42.512] Imported new chain segment               blocks=1 txs=0 mgas=0.000 elapsed=1.110ms     mgasps=0.000   number=3276 hash=8ba6d8..377373 dirty=3.82KiB
WARN [02-09|15:14:42.513] Block sealing failed                     err=unauthorized
INFO [02-09|15:14:42.513] QBFT: handle final committed             address=0xDF8b560be949C229C821731554C33EAD5E3888A4 current.round=0 current.sequence=3276 state="Accept request"
INFO [02-09|15:14:42.513] QBFT: initialize new round               address=0xDF8b560be949C229C821731554C33EAD5E3888A4 current.round=0 current.sequence=3276 target.round=0 lastProposal.number=3276 lastProposal.hash=8ba6d8..377373
INFO [02-09|15:14:47.010] Imported new chain segment               blocks=1 txs=0 mgas=0.000 elapsed="807.375µs" mgasps=0.000   number=3277 hash=3c0b82..b39200 dirty=3.82KiB
INFO [02-09|15:14:52.516] Imported new chain segment               blocks=1 txs=0 mgas=0.000 elapsed=1.103ms     mgasps=0.000   number=3278 hash=bcf115..81df26 dirty=3.82KiB
INFO [02-09|15:14:52.516] QBFT: start new round                    address=0xDF8b560be949C229C821731554C33EAD5E3888A4 old.round=0  old.sequence=3278 old.state="Accept request" old.proposer=0x98C1334496614aED49d2E81526D089f7264fED9C next.round=0 next.seq=3279 next.proposer=0xcE412f988377e31F4d0fF12d74df73B51C42d0cA next.valSet="[0x27A97C9AaF04f18f3014c32e036dD0Ac76Da5f18 0x93917cADBace5dFCE132B991732c6Cda9bcC5B8a 0x98C1334496614aED49d2E81526D089f7264fED9C 0xcE412f988377e31F4d0fF12d74df73B51C42d0cA]" next.size=4 next.IsProposer=false
INFO [02-09|15:14:57.006] Imported new chain segment               blocks=1 txs=0 mgas=0.000 elapsed="456.125µs" mgasps=0.000   number=3279 hash=2afccd..0a5cb0 dirty=3.82KiB
INFO [02-09|15:15:02.013] Commit new mining work                   number=3281 sealhash=de57af..41d92d uncles=0 txs=0 gas=0     fees=0 elapsed="298.375µs"
INFO [02-09|15:15:07.013] Imported new chain segment               blocks=1 txs=0 mgas=0.000 elapsed=1.042ms     mgasps=0.000   number=3281 hash=ad5b3f..1464df dirty=3.82KiB
INFO [02-09|15:15:07.014] QBFT: handle final committed             address=0xDF8b560be949C229C821731554C33EAD5E3888A4 current.round=0 current.sequence=3281 state="Accept request"
INFO [02-09|15:15:07.014] QBFT: initialize new round               address=0xDF8b560be949C229C821731554C33EAD5E3888A4 current.round=0 current.sequence=3281 target.round=0 lastProposal.number=3281 lastProposal.hash=ad5b3f..1464df
INFO [02-09|15:15:12.006] QBFT: handle final committed             address=0xDF8b560be949C229C821731554C33EAD5E3888A4 current.round=0 current.sequence=3282 state="Accept request"
INFO [02-09|15:15:12.006] QBFT: initialize new round               address=0xDF8b560be949C229C821731554C33EAD5E3888A4 current.round=0 current.sequence=3282 target.round=0 lastProposal.number=3282 lastProposal.hash=244295..9377a2
INFO [02-09|15:15:17.010] Imported new chain segment               blocks=1 txs=0 mgas=0.000 elapsed="846.916µs" mgasps=0.000   number=3283 hash=8fefba..a2274d dirty=3.82KiB
INFO [02-09|15:15:17.011] Commit new mining work                   number=3284 sealhash=f0d32f..3fec0b uncles=0 txs=0 gas=0     fees=0 elapsed="214.792µs"
INFO [02-09|15:15:17.011] QBFT: handle final committed             address=0xDF8b560be949C229C821731554C33EAD5E3888A4 current.round=0 current.sequence=3283 state="Accept request"
INFO [02-09|15:15:17.011] QBFT: initialize new round               address=0xDF8b560be949C229C821731554C33EAD5E3888A4 current.round=0 current.sequence=3283 target.round=0 lastProposal.number=3283 lastProposal.hash=8fefba..a2274d
WARN [02-09|15:15:27.008] Block sealing failed                     err=unauthorized
INFO [02-09|15:15:32.010] Imported new chain segment               blocks=1 txs=0 mgas=0.000 elapsed="926.833µs" mgasps=0.000   number=3286 hash=62be74..fa0e58 dirty=3.82KiB
INFO [02-09|15:15:32.010] Commit new mining work                   number=3287 sealhash=a767e2..a5a398 uncles=0 txs=0 gas=0     fees=0 elapsed="230.417µs"
INFO [02-09|15:15:32.010] QBFT: handle final committed             address=0xDF8b560be949C229C821731554C33EAD5E3888A4 current.round=0 current.sequence=3286 state="Accept request"
INFO [02-09|15:15:35.564] Writing clean trie cache to disk         path=/data/geth/triecache threads=1
INFO [02-09|15:15:35.567] Regenerated local transaction journal    transactions=0 accounts=0
INFO [02-09|15:15:35.569] Persisted the clean trie cache           path=/data/geth/triecache elapsed=4.228ms
INFO [02-09|15:15:37.011] Imported new chain segment               blocks=1 txs=0 mgas=0.000 elapsed=1.228ms     mgasps=0.000   number=3287 hash=6d98a5..0d5091 dirty=3.82KiB
INFO [02-09|15:15:37.012] QBFT: handle final committed             address=0xDF8b560be949C229C821731554C33EAD5E3888A4 current.round=0 current.sequence=3287 state="Accept request"
INFO [02-09|15:15:37.012] QBFT: initialize new round               address=0xDF8b560be949C229C821731554C33EAD5E3888A4 current.round=0 current.sequence=3287 target.round=0 lastProposal.number=3287 lastProposal.hash=6d98a5..0d5091
INFO [02-09|15:15:42.011] Imported new chain segment               blocks=1 txs=0 mgas=0.000 elapsed="527.666µs" mgasps=0.000   number=3288 hash=f46b4f..9b618c dirty=3.82KiB
INFO [02-09|15:15:42.011] Commit new mining work                   number=3289 sealhash=10b9ab..248ea0 uncles=0 txs=0 gas=0     fees=0 elapsed="131.709µs"
INFO [02-09|15:15:42.011] QBFT: handle final committed             address=0xDF8b560be949C229C821731554C33EAD5E3888A4 current.round=0 current.sequence=3288 state="Accept request"
INFO [02-09|15:15:42.011] QBFT: start new round                    address=0xDF8b560be949C229C821731554C33EAD5E3888A4 old.round=0  old.sequence=3288 old.state="Accept request" old.proposer=0x27A97C9AaF04f18f3014c32e036dD0Ac76Da5f18 next.round=0 next.seq=3289 next.proposer=0x93917cADBace5dFCE132B991732c6Cda9bcC5B8a next.valSet="[0x27A97C9AaF04f18f3014c32e036dD0Ac76Da5f18 0x93917cADBace5dFCE132B991732c6Cda9bcC5B8a 0x98C1334496614aED49d2E81526D089f7264fED9C 0xcE412f988377e31F4d0fF12d74df73B51C42d0cA]" next.size=4 next.IsProposer=false
INFO [02-09|15:15:47.013] Imported new chain segment               blocks=1 txs=0 mgas=0.000 elapsed="931.375µs" mgasps=0.000   number=3289 hash=a6edfd..edad51 dirty=3.82KiB
INFO [02-09|15:16:02.012] Imported new chain segment               blocks=1 txs=0 mgas=0.000 elapsed="703.25µs"  mgasps=0.000   number=3292 hash=fca5ea..a3fcc5 dirty=3.82KiB
INFO [02-09|15:16:02.013] QBFT: handle final committed             address=0xDF8b560be949C229C821731554C33EAD5E3888A4 current.round=0 current.sequence=3292 state="Accept request"
INFO [02-09|15:16:02.013] QBFT: initialize new round               address=0xDF8b560be949C229C821731554C33EAD5E3888A4 current.round=0 current.sequence=3292 target.round=0 lastProposal.number=3292 lastProposal.hash=fca5ea..a3fcc5
INFO [02-09|15:16:07.009] Imported new chain segment               blocks=1 txs=0 mgas=0.000 elapsed="580.5µs"   mgasps=0.000   number=3293 hash=1d7d24..aefc42 dirty=3.82KiB
INFO [02-09|15:16:07.009] QBFT: start new round                    address=0xDF8b560be949C229C821731554C33EAD5E3888A4 old.round=0  old.sequence=3293 old.state="Accept request" old.proposer=0x93917cADBace5dFCE132B991732c6Cda9bcC5B8a next.round=0 next.seq=3294 next.proposer=0x98C1334496614aED49d2E81526D089f7264fED9C next.valSet="[0x27A97C9AaF04f18f3014c32e036dD0Ac76Da5f18 0x93917cADBace5dFCE132B991732c6Cda9bcC5B8a 0x98C1334496614aED49d2E81526D089f7264fED9C 0xcE412f988377e31F4d0fF12d74df73B51C42d0cA]" next.size=4 next.IsProposer=false
INFO [02-09|15:16:12.011] Imported new chain segment               blocks=1 txs=0 mgas=0.000 elapsed="867.583µs" mgasps=0.000   number=3294 hash=cf1041..9803c3 dirty=3.82KiB
WARN [02-09|15:16:12.012] Block sealing failed                     err=unauthorized
INFO [02-09|15:16:17.515] Imported new chain segment               blocks=1 txs=0 mgas=0.000 elapsed=1.368ms     mgasps=0.000   number=3295 hash=dbb297..097a3f dirty=3.82KiB
INFO [02-09|15:16:17.515] QBFT: handle final committed             address=0xDF8b560be949C229C821731554C33EAD5E3888A4 current.round=0 current.sequence=3295 state="Accept request"
INFO [02-09|15:16:22.005] Imported new chain segment               blocks=1 txs=0 mgas=0.000 elapsed="381.333µs" mgasps=0.000   number=3296 hash=a27a1c..89f642 dirty=3.82KiB
INFO [02-09|15:16:22.005] QBFT: handle final committed             address=0xDF8b560be949C229C821731554C33EAD5E3888A4 current.round=0 current.sequence=3296 state="Accept request"
INFO [02-09|15:16:22.005] QBFT: initialize new round               address=0xDF8b560be949C229C821731554C33EAD5E3888A4 current.round=0 current.sequence=3296 target.round=0 lastProposal.number=3296 lastProposal.hash=a27a1c..89f642
INFO [02-09|15:16:27.513] Imported new chain segment               blocks=1 txs=0 mgas=0.000 elapsed=1.101ms     mgasps=0.000   number=3297 hash=92cf87..50c109 dirty=3.82KiB
INFO [02-09|15:16:27.513] QBFT: handle final committed             address=0xDF8b560be949C229C821731554C33EAD5E3888A4 current.round=0 current.sequence=3297 state="Accept request"
WARN [02-09|15:16:27.514] Block sealing failed                     err=unauthorized
INFO [02-09|15:16:37.010] Imported new chain segment               blocks=1 txs=0 mgas=0.000 elapsed="806.583µs" mgasps=0.000   number=3299 hash=f84ee4..23349a dirty=3.82KiB
INFO [02-09|15:16:42.009] Imported new chain segment               blocks=1 txs=0 mgas=0.000 elapsed="849.459µs" mgasps=0.000   number=3300 hash=3ef8fa..8fa79b dirty=3.82KiB
INFO [02-09|15:16:42.010] QBFT: start new round                    address=0xDF8b560be949C229C821731554C33EAD5E3888A4 old.round=0  old.sequence=3300 old.state="Accept request" old.proposer=0x27A97C9AaF04f18f3014c32e036dD0Ac76Da5f18 next.round=0 next.seq=3301 next.proposer=0x93917cADBace5dFCE132B991732c6Cda9bcC5B8a next.valSet="[0x27A97C9AaF04f18f3014c32e036dD0Ac76Da5f18 0x93917cADBace5dFCE132B991732c6Cda9bcC5B8a 0x98C1334496614aED49d2E81526D089f7264fED9C 0xcE412f988377e31F4d0fF12d74df73B51C42d0cA]" next.size=4 next.IsProposer=false
INFO [02-09|15:16:42.010] Commit new mining work                   number=3301 sealhash=e13481..797b39 uncles=0 txs=0 gas=0     fees=0 elapsed="313.083µs"
WARN [02-09|15:16:42.010] Block sealing failed                     err=unauthorized
INFO [02-09|15:16:47.011] Imported new chain segment               blocks=1 txs=0 mgas=0.000 elapsed=1.227ms     mgasps=0.000   number=3301 hash=e8b55a..c131be dirty=3.82KiB
INFO [02-09|15:16:47.011] Commit new mining work                   number=3302 sealhash=c2d566..dbf322 uncles=0 txs=0 gas=0     fees=0 elapsed="404.083µs"
INFO [02-09|15:16:52.011] Imported new chain segment               blocks=1 txs=0 mgas=0.000 elapsed=1.058ms     mgasps=0.000   number=3302 hash=c1f778..b57083 dirty=3.82KiB
INFO [02-09|15:16:52.012] QBFT: start new round                    address=0xDF8b560be949C229C821731554C33EAD5E3888A4 old.round=0  old.sequence=3302 old.state="Accept request" old.proposer=0x98C1334496614aED49d2E81526D089f7264fED9C next.round=0 next.seq=3303 next.proposer=0xcE412f988377e31F4d0fF12d74df73B51C42d0cA next.valSet="[0x27A97C9AaF04f18f3014c32e036dD0Ac76Da5f18 0x93917cADBace5dFCE132B991732c6Cda9bcC5B8a 0x98C1334496614aED49d2E81526D089f7264fED9C 0xcE412f988377e31F4d0fF12d74df73B51C42d0cA]" next.size=4 next.IsProposer=false
INFO [02-09|15:16:57.510] Imported new chain segment               blocks=1 txs=0 mgas=0.000 elapsed=1.079ms     mgasps=0.000   number=3303 hash=84092d..58e546 dirty=3.82KiB
INFO [02-09|15:17:02.009] QBFT: handle final committed             address=0xDF8b560be949C229C821731554C33EAD5E3888A4 current.round=0 current.sequence=3304 state="Accept request"
INFO [02-09|15:17:02.009] QBFT: initialize new round               address=0xDF8b560be949C229C821731554C33EAD5E3888A4 current.round=0 current.sequence=3304 target.round=0 lastProposal.number=3304 lastProposal.hash=eb54ba..32423f
INFO [02-09|15:17:07.011] QBFT: handle final committed             address=0xDF8b560be949C229C821731554C33EAD5E3888A4 current.round=0 current.sequence=3305 state="Accept request"
INFO [02-09|15:17:12.018] Imported new chain segment               blocks=1 txs=0 mgas=0.000 elapsed="764.959µs" mgasps=0.000   number=3306 hash=84936a..0bf77c dirty=3.82KiB
INFO [02-09|15:17:17.008] Imported new chain segment               blocks=1 txs=0 mgas=0.000 elapsed="583.792µs" mgasps=0.000   number=3307 hash=80af58..3f073c dirty=3.82KiB
INFO [02-09|15:17:17.008] QBFT: handle final committed             address=0xDF8b560be949C229C821731554C33EAD5E3888A4 current.round=0 current.sequence=3307 state="Accept request"
INFO [02-09|15:17:17.008] QBFT: initialize new round               address=0xDF8b560be949C229C821731554C33EAD5E3888A4 current.round=0 current.sequence=3307 target.round=0 lastProposal.number=3307 lastProposal.hash=80af58..3f073c
INFO [02-09|15:17:22.012] Imported new chain segment               blocks=1 txs=0 mgas=0.000 elapsed=1.094ms     mgasps=0.000   number=3308 hash=94b0fc..6c373d dirty=3.82KiB
INFO [02-09|15:17:27.006] Imported new chain segment               blocks=1 txs=0 mgas=0.000 elapsed="814.542µs" mgasps=0.000   number=3309 hash=92ca99..5a94cc dirty=3.82KiB
INFO [02-09|15:17:27.006] QBFT: handle final committed             address=0xDF8b560be949C229C821731554C33EAD5E3888A4 current.round=0 current.sequence=3309 state="Accept request"
INFO [02-09|15:17:32.511] Imported new chain segment               blocks=1 txs=0 mgas=0.000 elapsed="321.834µs" mgasps=0.000   number=3310 hash=f68135..688724 dirty=3.82KiB
INFO [02-09|15:17:37.515] Imported new chain segment               blocks=1 txs=0 mgas=0.000 elapsed="674.083µs" mgasps=0.000   number=3311 hash=578746..a11676 dirty=3.82KiB
INFO [02-09|15:17:37.516] QBFT: handle final committed             address=0xDF8b560be949C229C821731554C33EAD5E3888A4 current.round=0 current.sequence=3311 state="Accept request"
INFO [02-09|15:17:37.516] QBFT: initialize new round               address=0xDF8b560be949C229C821731554C33EAD5E3888A4 current.round=0 current.sequence=3311 target.round=0 lastProposal.number=3311 lastProposal.hash=578746..a11676
INFO [02-09|15:17:42.012] QBFT: handle final committed             address=0xDF8b560be949C229C821731554C33EAD5E3888A4 current.round=0 current.sequence=3312 state="Accept request"
INFO [02-09|15:17:42.012] QBFT: initialize new round               address=0xDF8b560be949C229C821731554C33EAD5E3888A4 current.round=0 current.sequence=3312 target.round=0 lastProposal.number=3312 lastProposal.hash=6d82cf..26889c
INFO [02-09|15:17:52.008] Imported new chain segment               blocks=1 txs=0 mgas=0.000 elapsed="788µs"     mgasps=0.000   number=3314 hash=91f630..9268f0 dirty=3.82KiB
INFO [02-09|15:17:52.009] Commit new mining work                   number=3315 sealhash=281b8f..6912f8 uncles=0 txs=0 gas=0     fees=0 elapsed="212µs"
WARN [02-09|15:17:52.009] Block sealing failed                     err=unauthorized
INFO [02-09|15:17:52.009] QBFT: handle final committed             address=0xDF8b560be949C229C821731554C33EAD5E3888A4 current.round=0 current.sequence=3314 state="Accept request"
INFO [02-09|15:17:52.009] QBFT: initialize new round               address=0xDF8b560be949C229C821731554C33EAD5E3888A4 current.round=0 current.sequence=3314 target.round=0 lastProposal.number=3314 lastProposal.hash=91f630..9268f0
INFO [02-09|15:17:57.514] Imported new chain segment               blocks=1 txs=0 mgas=0.000 elapsed=1.069ms     mgasps=0.000   number=3315 hash=51d450..ef44af dirty=3.82KiB
INFO [02-09|15:17:57.514] QBFT: start new round                    address=0xDF8b560be949C229C821731554C33EAD5E3888A4 old.round=0  old.sequence=3315 old.state="Accept request" old.proposer=0xcE412f988377e31F4d0fF12d74df73B51C42d0cA next.round=0 next.seq=3316 next.proposer=0x27A97C9AaF04f18f3014c32e036dD0Ac76Da5f18 next.valSet="[0x27A97C9AaF04f18f3014c32e036dD0Ac76Da5f18 0x93917cADBace5dFCE132B991732c6Cda9bcC5B8a 0x98C1334496614aED49d2E81526D089f7264fED9C 0xcE412f988377e31F4d0fF12d74df73B51C42d0cA]" next.size=4 next.IsProposer=false
INFO [02-09|15:18:02.009] Imported new chain segment               blocks=1 txs=0 mgas=0.000 elapsed="838.875µs" mgasps=0.000   number=3316 hash=3ee257..eff372 dirty=3.82KiB
INFO [02-09|15:18:02.009] Commit new mining work                   number=3317 sealhash=074502..5acf2d uncles=0 txs=0 gas=0     fees=0 elapsed="250.333µs"
INFO [02-09|15:18:07.012] Imported new chain segment               blocks=1 txs=0 mgas=0.000 elapsed="746.166µs" mgasps=0.000   number=3317 hash=7e74da..a4e28b dirty=3.82KiB
INFO [02-09|15:18:07.012] Commit new mining work                   number=3318 sealhash=c99ff8..cdbbf2 uncles=0 txs=0 gas=0     fees=0 elapsed="269.834µs"
INFO [02-09|15:18:07.012] QBFT: handle final committed             address=0xDF8b560be949C229C821731554C33EAD5E3888A4 current.round=0 current.sequence=3317 state="Accept request"
INFO [02-09|15:18:07.013] QBFT: initialize new round               address=0xDF8b560be949C229C821731554C33EAD5E3888A4 current.round=0 current.sequence=3317 target.round=0 lastProposal.number=3317 lastProposal.hash=7e74da..a4e28b
INFO [02-09|15:18:12.011] Imported new chain segment               blocks=1 txs=0 mgas=0.000 elapsed="686.542µs" mgasps=0.000   number=3318 hash=66cf53..80290b dirty=3.82KiB
INFO [02-09|15:18:12.011] Commit new mining work                   number=3319 sealhash=186451..4c0e87 uncles=0 txs=0 gas=0     fees=0 elapsed="199.667µs"
INFO [02-09|15:18:17.013] Imported new chain segment               blocks=1 txs=0 mgas=0.000 elapsed=1.081ms     mgasps=0.000   number=3319 hash=4953d8..98142c dirty=3.82KiB
INFO [02-09|15:18:17.014] QBFT: handle final committed             address=0xDF8b560be949C229C821731554C33EAD5E3888A4 current.round=0 current.sequence=3319 state="Accept request"
INFO [02-09|15:18:17.014] QBFT: initialize new round               address=0xDF8b560be949C229C821731554C33EAD5E3888A4 current.round=0 current.sequence=3319 target.round=0 lastProposal.number=3319 lastProposal.hash=4953d8..98142c
INFO [02-09|15:18:22.514] Imported new chain segment               blocks=1 txs=0 mgas=0.000 elapsed=1.049ms     mgasps=0.000   number=3320 hash=3af26d..7467d6 dirty=3.82KiB
INFO [02-09|15:18:32.003] Imported new chain segment               blocks=1 txs=0 mgas=0.000 elapsed="257.083µs" mgasps=0.000   number=3322 hash=3138c0..6d43c0 dirty=3.82KiB
INFO [02-09|15:18:32.003] Commit new mining work                   number=3323 sealhash=5c26b7..ad7daa uncles=0 txs=0 gas=0     fees=0 elapsed="82.75µs"
INFO [02-09|15:18:37.009] Imported new chain segment               blocks=1 txs=0 mgas=0.000 elapsed="911.958µs" mgasps=0.000   number=3323 hash=670f4f..7a7095 dirty=3.82KiB
INFO [02-09|15:18:42.010] QBFT: handle final committed             address=0xDF8b560be949C229C821731554C33EAD5E3888A4 current.round=0 current.sequence=3324 state="Accept request"
INFO [02-09|15:18:47.010] Imported new chain segment               blocks=1 txs=0 mgas=0.000 elapsed="862.209µs" mgasps=0.000   number=3325 hash=cecb09..ca4b76 dirty=3.82KiB
INFO [02-09|15:18:47.011] QBFT: handle final committed             address=0xDF8b560be949C229C821731554C33EAD5E3888A4 current.round=0 current.sequence=3325 state="Accept request"
INFO [02-09|15:18:47.011] QBFT: initialize new round               address=0xDF8b560be949C229C821731554C33EAD5E3888A4 current.round=0 current.sequence=3325 target.round=0 lastProposal.number=3325 lastProposal.hash=cecb09..ca4b76
INFO [02-09|15:18:52.513] Imported new chain segment               blocks=1 txs=0 mgas=0.000 elapsed="662.041µs" mgasps=0.000   number=3326 hash=3abb7f..985ede dirty=3.82KiB
INFO [02-09|15:18:57.012] Imported new chain segment               blocks=1 txs=0 mgas=0.000 elapsed="855.625µs" mgasps=0.000   number=3327 hash=e825f4..19b260 dirty=3.82KiB
INFO [02-09|15:18:57.013] QBFT: handle final committed             address=0xDF8b560be949C229C821731554C33EAD5E3888A4 current.round=0 current.sequence=3327 state="Accept request"
INFO [02-09|15:19:02.013] Imported new chain segment               blocks=1 txs=0 mgas=0.000 elapsed=1.175ms     mgasps=0.000   number=3328 hash=e2a057..acbb85 dirty=3.82KiB
INFO [02-09|15:19:02.013] QBFT: handle final committed             address=0xDF8b560be949C229C821731554C33EAD5E3888A4 current.round=0 current.sequence=3328 state="Accept request"
INFO [02-09|15:19:12.010] Imported new chain segment               blocks=1 txs=0 mgas=0.000 elapsed="832.333µs" mgasps=0.000   number=3330 hash=bf517a..3246b2 dirty=3.82KiB
INFO [02-09|15:19:12.010] Commit new mining work                   number=3331 sealhash=3f652c..412075 uncles=0 txs=0 gas=0     fees=0 elapsed="278.25µs"
INFO [02-09|15:19:17.514] Imported new chain segment               blocks=1 txs=0 mgas=0.000 elapsed=1.038ms     mgasps=0.000   number=3331 hash=1ee915..dc7bea dirty=3.82KiB
INFO [02-09|15:19:22.011] Imported new chain segment               blocks=1 txs=0 mgas=0.000 elapsed="739.083µs" mgasps=0.000   number=3332 hash=15ebf3..c1a881 dirty=3.82KiB
INFO [02-09|15:19:22.011] QBFT: start new round                    address=0xDF8b560be949C229C821731554C33EAD5E3888A4 old.round=0  old.sequence=3332 old.state="Accept request" old.proposer=0x27A97C9AaF04f18f3014c32e036dD0Ac76Da5f18 next.round=0 next.seq=3333 next.proposer=0x93917cADBace5dFCE132B991732c6Cda9bcC5B8a next.valSet="[0x27A97C9AaF04f18f3014c32e036dD0Ac76Da5f18 0x93917cADBace5dFCE132B991732c6Cda9bcC5B8a 0x98C1334496614aED49d2E81526D089f7264fED9C 0xcE412f988377e31F4d0fF12d74df73B51C42d0cA]" next.size=4 next.IsProposer=false
INFO [02-09|15:19:27.510] Imported new chain segment               blocks=1 txs=0 mgas=0.000 elapsed=1.077ms     mgasps=0.000   number=3333 hash=1f1855..a8928e dirty=3.82KiB
INFO [02-09|15:19:32.005] Commit new mining work                   number=3335 sealhash=095686..e6918d uncles=0 txs=0 gas=0     fees=0 elapsed="188.208µs"
INFO [02-09|15:19:37.010] Imported new chain segment               blocks=1 txs=0 mgas=0.000 elapsed="871.875µs" mgasps=0.000   number=3335 hash=d85e7f..fbb432 dirty=3.82KiB
INFO [02-09|15:19:37.010] Commit new mining work                   number=3336 sealhash=e222f2..0bfc42 uncles=0 txs=0 gas=0     fees=0 elapsed="233.625µs"
