INFO [02-08|05:33:41.297] Starting pprof server                    addr=http://0.0.0.0:9545/debug/pprof
WARN [02-08|05:33:41.305] Sanitizing invalid miner gas price       provided=0 updated=0
INFO [02-08|05:33:41.422] Regenerated local transaction journal    transactions=0 accounts=0
WARN [02-08|05:33:41.424] permission-config.json file is missing. Smart-contract-based permission service will be disabled error="stat /data/permission-config.json: no such file or directory"
INFO [02-08|05:33:41.424] No plugins to initialise 
INFO [02-08|05:33:41.424] Starting peer-to-peer node               instance=Geth/434cacdccd99-qbft/v1.10.3-stable(quorum-v24.4.1)/linux-arm64/go1.22.4
INFO [02-08|05:33:41.447] IPC endpoint opened                      url=/data/geth.ipc isMultitenant=false
INFO [02-08|05:33:41.447] Security Plugin is not enabled 
INFO [02-08|05:33:41.448] New local node record                    seq=2 id=133b4f32d7750cdf ip=172.16.239.15 udp=0 tcp=30303
INFO [02-08|05:33:41.448] Started P2P networking                   self="enode://86fcc16f4730fbfd238dc17ea552854c0943923bb1d5e886e5601b8d884fb0519060e0023f495dd24ffe60a65660fb7fdcdebfceedd2b3673dfa63658825924b@172.16.239.15:30303?discport=0"
WARN [02-08|05:33:41.497] full p2p peer                            id=58e94810eeee14c28613b47e93917cadbace5dfce132b991732c6cda9bcc5b8a ethPeer="Peer 58e94810eeee14c2 172.16.239.11:34732"
WARN [02-08|05:33:41.902] full p2p peer                            id=27059b2392ab7830b38b2f4d27a97c9aaf04f18f3014c32e036dd0ac76da5f18 ethPeer="Peer 27059b2392ab7830 172.16.239.12:44492"
INFO [02-08|05:33:42.413] Unlocked account                         address=0xC9C913c8c3C1Cd416d80A0abF475db2062F161f6
INFO [02-08|05:33:42.413] QBFT: start new round                    address=0xDF8b560be949C229C821731554C33EAD5E3888A4 old.round=-1 old.seq=0 next.round=0 next.seq=1551 next.proposer=0x98C1334496614aED49d2E81526D089f7264fED9C next.valSet="[0x27A97C9AaF04f18f3014c32e036dD0Ac76Da5f18 0x93917cADBace5dFCE132B991732c6Cda9bcC5B8a 0x98C1334496614aED49d2E81526D089f7264fED9C 0xcE412f988377e31F4d0fF12d74df73B51C42d0cA]" next.size=4 next.IsProposer=false
INFO [02-08|05:33:42.413] Commit new mining work                   number=1551 sealhash=840fc0..9b0211 uncles=0 txs=0 gas=0 fees=0 elapsed="91.875µs"
WARN [02-08|05:33:42.413] Block sealing failed                     err=unauthorized
INFO [02-08|05:33:47.006] QBFT: handle final committed             address=0xDF8b560be949C229C821731554C33EAD5E3888A4 current.round=0 current.sequence=1551 state="Accept request"
WARN [02-08|05:33:47.006] Block sealing failed                     err=unauthorized
INFO [02-08|05:33:47.006] QBFT: initialize new round               address=0xDF8b560be949C229C821731554C33EAD5E3888A4 current.round=0 current.sequence=1551 target.round=0 lastProposal.number=1551 lastProposal.hash=a6403c..69bced
INFO [02-08|05:33:47.007] QBFT: start new round                    address=0xDF8b560be949C229C821731554C33EAD5E3888A4 old.round=0  old.sequence=1551 old.state="Accept request" old.proposer=0x98C1334496614aED49d2E81526D089f7264fED9C next.round=0 next.seq=1552 next.proposer=0xcE412f988377e31F4d0fF12d74df73B51C42d0cA next.valSet="[0x27A97C9AaF04f18f3014c32e036dD0Ac76Da5f18 0x93917cADBace5dFCE132B991732c6Cda9bcC5B8a 0x98C1334496614aED49d2E81526D089f7264fED9C 0xcE412f988377e31F4d0fF12d74df73B51C42d0cA]" next.size=4 next.IsProposer=false
INFO [02-08|05:33:47.006] Commit new mining work                   number=1552 sealhash=862a66..bc3925 uncles=0 txs=0 gas=0 fees=0 elapsed="134.167µs"
INFO [02-08|05:33:52.011] Imported new chain segment               blocks=1 txs=0 mgas=0.000 elapsed=1.010ms     mgasps=0.000 number=1552 hash=c65758..9169fe dirty=0.00B
INFO [02-08|05:33:52.012] Commit new mining work                   number=1553 sealhash=a01e12..910e74 uncles=0 txs=0 gas=0 fees=0 elapsed="315.291µs"
WARN [02-08|05:34:01.375] Caller gas above allowance, capping      requested=700,000,000 cap=25,000,000
INFO [02-08|05:34:01.403] Submitted contract creation              hash=0xe84516a0fe81c865ce6e32de73678fbe34e74293d14525a31f1c9c2c4daf2c05 from=0xf0E2Db6C8dC6c681bB5D6aD121A107f300e9B2b5 nonce=2 contract=0x38Fef9ccf460A4d296f8327eBF7A9DfbD9135709 value=0
INFO [02-08|05:34:01.403] QUORUM-CHECKPOINT                        name=TX-CREATED tx=0xe84516a0fe81c865ce6e32de73678fbe34e74293d14525a31f1c9c2c4daf2c05 to=0x38Fef9ccf460A4d296f8327eBF7A9DfbD9135709
INFO [02-08|05:34:04.020] Commit new mining work                   number=1553 sealhash=6928f7..4be5c4 uncles=0 txs=1 gas=645,737 fees=0 elapsed=2.676ms
WARN [02-08|05:34:04.020] Block sealing failed                     err=unauthorized
INFO [02-08|05:34:14.029] Commit new mining work                   number=1554 sealhash=ca97c0..8cdf9c uncles=0 txs=0 gas=0       fees=0 elapsed="143.208µs"
INFO [02-08|05:34:14.029] QBFT: handle final committed             address=0xDF8b560be949C229C821731554C33EAD5E3888A4 current.round=0 current.sequence=1553 state="Accept request"
INFO [02-08|05:34:14.029] QBFT: initialize new round               address=0xDF8b560be949C229C821731554C33EAD5E3888A4 current.round=0 current.sequence=1553 target.round=0 lastProposal.number=1553 lastProposal.hash=7bb111..6da165
INFO [02-08|05:34:14.032] Imported new chain segment               blocks=1 txs=0 mgas=0.000 elapsed="378.417µs" mgasps=0.000   number=1554 hash=a6a6fd..6df8da dirty=1.37KiB
INFO [02-08|05:34:14.033] QBFT: handle final committed             address=0xDF8b560be949C229C821731554C33EAD5E3888A4 current.round=0 current.sequence=1554 state="Accept request"
INFO [02-08|05:34:14.033] QBFT: initialize new round               address=0xDF8b560be949C229C821731554C33EAD5E3888A4 current.round=0 current.sequence=1554 target.round=0 lastProposal.number=1554 lastProposal.hash=a6a6fd..6df8da
INFO [02-08|05:34:16.441] Looking for peers                        peercount=4 tried=7 static=8
INFO [02-08|05:34:19.019] Imported new chain segment               blocks=1 txs=0 mgas=0.000 elapsed=1.043ms     mgasps=0.000   number=1555 hash=0f5368..b05415 dirty=1.37KiB
INFO [02-08|05:34:19.020] Commit new mining work                   number=1556 sealhash=977658..089bed uncles=0 txs=0 gas=0       fees=0 elapsed="397.916µs"
INFO [02-08|05:34:29.011] Imported new chain segment               blocks=1 txs=0 mgas=0.000 elapsed="890.875µs" mgasps=0.000   number=1557 hash=15453b..ffad2b dirty=1.37KiB
INFO [02-08|05:34:29.011] QBFT: handle final committed             address=0xDF8b560be949C229C821731554C33EAD5E3888A4 current.round=0 current.sequence=1557 state="Accept request"
INFO [02-08|05:34:29.011] QBFT: start new round                    address=0xDF8b560be949C229C821731554C33EAD5E3888A4 old.round=0  old.sequence=1557 old.state="Accept request" old.proposer=0x93917cADBace5dFCE132B991732c6Cda9bcC5B8a next.round=0 next.seq=1558 next.proposer=0x98C1334496614aED49d2E81526D089f7264fED9C next.valSet="[0x27A97C9AaF04f18f3014c32e036dD0Ac76Da5f18 0x93917cADBace5dFCE132B991732c6Cda9bcC5B8a 0x98C1334496614aED49d2E81526D089f7264fED9C 0xcE412f988377e31F4d0fF12d74df73B51C42d0cA]" next.size=4 next.IsProposer=false
INFO [02-08|05:34:29.011] Commit new mining work                   number=1558 sealhash=1304ad..a6653f uncles=0 txs=0 gas=0       fees=0 elapsed="297.625µs"
INFO [02-08|05:34:34.011] Imported new chain segment               blocks=1 txs=0 mgas=0.000 elapsed="926.5µs"   mgasps=0.000   number=1558 hash=ab5af4..694f22 dirty=1.37KiB
INFO [02-08|05:34:34.011] QBFT: start new round                    address=0xDF8b560be949C229C821731554C33EAD5E3888A4 old.round=0  old.sequence=1558 old.state="Accept request" old.proposer=0x98C1334496614aED49d2E81526D089f7264fED9C next.round=0 next.seq=1559 next.proposer=0xcE412f988377e31F4d0fF12d74df73B51C42d0cA next.valSet="[0x27A97C9AaF04f18f3014c32e036dD0Ac76Da5f18 0x93917cADBace5dFCE132B991732c6Cda9bcC5B8a 0x98C1334496614aED49d2E81526D089f7264fED9C 0xcE412f988377e31F4d0fF12d74df73B51C42d0cA]" next.size=4 next.IsProposer=false
INFO [02-08|05:34:44.006] Imported new chain segment               blocks=1 txs=0 mgas=0.000 elapsed="794.792µs" mgasps=0.000   number=1560 hash=b6ac93..52d3fa dirty=1.37KiB
INFO [02-08|05:34:44.006] Commit new mining work                   number=1561 sealhash=1b8387..3a83b1 uncles=0 txs=0 gas=0       fees=0 elapsed="78.75µs"
INFO [02-08|05:34:44.006] QBFT: start new round                    address=0xDF8b560be949C229C821731554C33EAD5E3888A4 old.round=0  old.sequence=1560 old.state="Accept request" old.proposer=0x27A97C9AaF04f18f3014c32e036dD0Ac76Da5f18 next.round=0 next.seq=1561 next.proposer=0x93917cADBace5dFCE132B991732c6Cda9bcC5B8a next.valSet="[0x27A97C9AaF04f18f3014c32e036dD0Ac76Da5f18 0x93917cADBace5dFCE132B991732c6Cda9bcC5B8a 0x98C1334496614aED49d2E81526D089f7264fED9C 0xcE412f988377e31F4d0fF12d74df73B51C42d0cA]" next.size=4 next.IsProposer=false
INFO [02-08|05:34:51.449] Looking for peers                        peercount=4 tried=3 static=8
INFO [02-08|05:34:54.017] Imported new chain segment               blocks=1 txs=0 mgas=0.000 elapsed="676.375µs" mgasps=0.000   number=1562 hash=a19e2b..4abaa7 dirty=1.37KiB
INFO [02-08|05:34:54.018] QBFT: handle final committed             address=0xDF8b560be949C229C821731554C33EAD5E3888A4 current.round=0 current.sequence=1562 state="Accept request"
INFO [02-08|05:34:54.018] QBFT: initialize new round               address=0xDF8b560be949C229C821731554C33EAD5E3888A4 current.round=0 current.sequence=1562 target.round=0 lastProposal.number=1562 lastProposal.hash=a19e2b..4abaa7
INFO [02-08|05:34:59.012] Imported new chain segment               blocks=1 txs=0 mgas=0.000 elapsed=1.017ms     mgasps=0.000   number=1563 hash=69714e..5e5ee3 dirty=1.37KiB
WARN [02-08|05:34:59.013] Block sealing failed                     err=unauthorized
INFO [02-08|05:35:04.013] Imported new chain segment               blocks=1 txs=0 mgas=0.000 elapsed="828.083µs" mgasps=0.000   number=1564 hash=de1982..cd7374 dirty=1.37KiB
INFO [02-08|05:35:04.014] QBFT: handle final committed             address=0xDF8b560be949C229C821731554C33EAD5E3888A4 current.round=0 current.sequence=1564 state="Accept request"
INFO [02-08|05:35:04.014] QBFT: initialize new round               address=0xDF8b560be949C229C821731554C33EAD5E3888A4 current.round=0 current.sequence=1564 target.round=0 lastProposal.number=1564 lastProposal.hash=de1982..cd7374
INFO [02-08|05:35:09.012] Imported new chain segment               blocks=1 txs=0 mgas=0.000 elapsed=1.088ms     mgasps=0.000   number=1565 hash=a224f6..d78f73 dirty=1.37KiB
INFO [02-08|05:35:09.013] QBFT: handle final committed             address=0xDF8b560be949C229C821731554C33EAD5E3888A4 current.round=0 current.sequence=1565 state="Accept request"
WARN [02-08|05:35:09.013] Block sealing failed                     err=unauthorized
INFO [02-08|05:35:14.018] Imported new chain segment               blocks=1 txs=0 mgas=0.000 elapsed="974.792µs" mgasps=0.000   number=1566 hash=34df46..7a3686 dirty=1.37KiB
INFO [02-08|05:35:19.015] Imported new chain segment               blocks=1 txs=0 mgas=0.000 elapsed="805.958µs" mgasps=0.000   number=1567 hash=93ebff..5a8a47 dirty=1.37KiB
INFO [02-08|05:35:19.016] Commit new mining work                   number=1568 sealhash=dec462..3fb0d7 uncles=0 txs=0 gas=0       fees=0 elapsed="246.917µs"
INFO [02-08|05:35:19.016] QBFT: start new round                    address=0xDF8b560be949C229C821731554C33EAD5E3888A4 old.round=0  old.sequence=1567 old.state="Accept request" old.proposer=0xcE412f988377e31F4d0fF12d74df73B51C42d0cA next.round=0 next.seq=1568 next.proposer=0x27A97C9AaF04f18f3014c32e036dD0Ac76Da5f18 next.valSet="[0x27A97C9AaF04f18f3014c32e036dD0Ac76Da5f18 0x93917cADBace5dFCE132B991732c6Cda9bcC5B8a 0x98C1334496614aED49d2E81526D089f7264fED9C 0xcE412f988377e31F4d0fF12d74df73B51C42d0cA]" next.size=4 next.IsProposer=false
INFO [02-08|05:35:24.013] Imported new chain segment               blocks=1 txs=0 mgas=0.000 elapsed="792.084µs" mgasps=0.000   number=1568 hash=ac2166..8ab61e dirty=1.37KiB
INFO [02-08|05:35:24.014] QBFT: handle final committed             address=0xDF8b560be949C229C821731554C33EAD5E3888A4 current.round=0 current.sequence=1568 state="Accept request"
INFO [02-08|05:35:26.450] Looking for peers                        peercount=4 tried=3 static=8
INFO [02-08|05:35:29.010] QBFT: handle final committed             address=0xDF8b560be949C229C821731554C33EAD5E3888A4 current.round=0 current.sequence=1569 state="Accept request"
INFO [02-08|05:35:34.012] Imported new chain segment               blocks=1 txs=0 mgas=0.000 elapsed=1.017ms     mgasps=0.000   number=1570 hash=4e767e..bdb27a dirty=1.37KiB
INFO [02-08|05:35:34.013] QBFT: handle final committed             address=0xDF8b560be949C229C821731554C33EAD5E3888A4 current.round=0 current.sequence=1570 state="Accept request"
INFO [02-08|05:35:39.016] Imported new chain segment               blocks=1 txs=0 mgas=0.000 elapsed="955.333µs" mgasps=0.000   number=1571 hash=d39c9a..c396eb dirty=1.37KiB
INFO [02-08|05:35:39.017] QBFT: initialize new round               address=0xDF8b560be949C229C821731554C33EAD5E3888A4 current.round=0 current.sequence=1571 target.round=0 lastProposal.number=1571 lastProposal.hash=d39c9a..c396eb
INFO [02-08|05:35:44.011] Imported new chain segment               blocks=1 txs=0 mgas=0.000 elapsed=1.004ms     mgasps=0.000   number=1572 hash=72fec6..4dac99 dirty=1.37KiB
INFO [02-08|05:35:44.011] Commit new mining work                   number=1573 sealhash=2bc83a..3f942d uncles=0 txs=0 gas=0       fees=0 elapsed="252µs"
INFO [02-08|05:35:44.012] QBFT: handle final committed             address=0xDF8b560be949C229C821731554C33EAD5E3888A4 current.round=0 current.sequence=1572 state="Accept request"
INFO [02-08|05:35:49.016] Imported new chain segment               blocks=1 txs=0 mgas=0.000 elapsed="956.791µs" mgasps=0.000   number=1573 hash=005526..037e9a dirty=1.37KiB
WARN [02-08|05:35:54.016] Block sealing failed                     err=unauthorized
INFO [02-08|05:35:54.016] QBFT: handle final committed             address=0xDF8b560be949C229C821731554C33EAD5E3888A4 current.round=0 current.sequence=1574 state="Accept request"
INFO [02-08|05:35:54.016] QBFT: initialize new round               address=0xDF8b560be949C229C821731554C33EAD5E3888A4 current.round=0 current.sequence=1574 target.round=0 lastProposal.number=1574 lastProposal.hash=758d14..8532fb
INFO [02-08|05:35:54.016] QBFT: start new round                    address=0xDF8b560be949C229C821731554C33EAD5E3888A4 old.round=0  old.sequence=1574 old.state="Accept request" old.proposer=0x98C1334496614aED49d2E81526D089f7264fED9C next.round=0 next.seq=1575 next.proposer=0xcE412f988377e31F4d0fF12d74df73B51C42d0cA next.valSet="[0x27A97C9AaF04f18f3014c32e036dD0Ac76Da5f18 0x93917cADBace5dFCE132B991732c6Cda9bcC5B8a 0x98C1334496614aED49d2E81526D089f7264fED9C 0xcE412f988377e31F4d0fF12d74df73B51C42d0cA]" next.size=4 next.IsProposer=false
INFO [02-08|05:35:59.004] QBFT: start new round                    address=0xDF8b560be949C229C821731554C33EAD5E3888A4 old.round=0  old.sequence=1575 old.state="Accept request" old.proposer=0xcE412f988377e31F4d0fF12d74df73B51C42d0cA next.round=0 next.seq=1576 next.proposer=0x27A97C9AaF04f18f3014c32e036dD0Ac76Da5f18 next.valSet="[0x27A97C9AaF04f18f3014c32e036dD0Ac76Da5f18 0x93917cADBace5dFCE132B991732c6Cda9bcC5B8a 0x98C1334496614aED49d2E81526D089f7264fED9C 0xcE412f988377e31F4d0fF12d74df73B51C42d0cA]" next.size=4 next.IsProposer=false
INFO [02-08|05:36:04.005] Commit new mining work                   number=1577 sealhash=11a34d..8798e9 uncles=0 txs=0 gas=0       fees=0 elapsed="147.792µs"
INFO [02-08|05:36:04.005] QBFT: handle final committed             address=0xDF8b560be949C229C821731554C33EAD5E3888A4 current.round=0 current.sequence=1576 state="Accept request"
INFO [02-08|05:36:09.013] Imported new chain segment               blocks=1 txs=0 mgas=0.000 elapsed=1.057ms     mgasps=0.000   number=1577 hash=adeca8..5b9e97 dirty=1.37KiB
INFO [02-08|05:36:09.014] QBFT: start new round                    address=0xDF8b560be949C229C821731554C33EAD5E3888A4 old.round=0  old.sequence=1577 old.state="Accept request" old.proposer=0x93917cADBace5dFCE132B991732c6Cda9bcC5B8a next.round=0 next.seq=1578 next.proposer=0x98C1334496614aED49d2E81526D089f7264fED9C next.valSet="[0x27A97C9AaF04f18f3014c32e036dD0Ac76Da5f18 0x93917cADBace5dFCE132B991732c6Cda9bcC5B8a 0x98C1334496614aED49d2E81526D089f7264fED9C 0xcE412f988377e31F4d0fF12d74df73B51C42d0cA]" next.size=4 next.IsProposer=false
INFO [02-08|05:36:14.020] Imported new chain segment               blocks=1 txs=0 mgas=0.000 elapsed="783.917µs" mgasps=0.000   number=1578 hash=7c36b3..85cbdd dirty=1.37KiB
INFO [02-08|05:36:14.020] Commit new mining work                   number=1579 sealhash=4a0fdd..c120ec uncles=0 txs=0 gas=0       fees=0 elapsed="259.083µs"
INFO [02-08|05:36:14.020] QBFT: handle final committed             address=0xDF8b560be949C229C821731554C33EAD5E3888A4 current.round=0 current.sequence=1578 state="Accept request"
INFO [02-08|05:36:19.017] Imported new chain segment               blocks=1 txs=0 mgas=0.000 elapsed=1.175ms     mgasps=0.000   number=1579 hash=22ab0b..c004ac dirty=1.37KiB
INFO [02-08|05:36:19.018] Commit new mining work                   number=1580 sealhash=ae81bb..1ff3d7 uncles=0 txs=0 gas=0       fees=0 elapsed="220.959µs"
INFO [02-08|05:36:19.018] QBFT: handle final committed             address=0xDF8b560be949C229C821731554C33EAD5E3888A4 current.round=0 current.sequence=1579 state="Accept request"
INFO [02-08|05:36:24.013] Imported new chain segment               blocks=1 txs=0 mgas=0.000 elapsed="738.375µs" mgasps=0.000   number=1580 hash=8be13f..22158b dirty=1.37KiB
INFO [02-08|05:36:29.017] Imported new chain segment               blocks=1 txs=0 mgas=0.000 elapsed=1.211ms     mgasps=0.000   number=1581 hash=7dadbf..2fd23a dirty=1.37KiB
INFO [02-08|05:36:29.018] QBFT: handle final committed             address=0xDF8b560be949C229C821731554C33EAD5E3888A4 current.round=0 current.sequence=1581 state="Accept request"
INFO [02-08|05:36:29.018] Commit new mining work                   number=1582 sealhash=e6354c..11ec3f uncles=0 txs=0 gas=0       fees=0 elapsed="360.75µs"
INFO [02-08|05:36:34.015] Imported new chain segment               blocks=1 txs=0 mgas=0.000 elapsed=1.156ms     mgasps=0.000   number=1582 hash=82f21c..e617bf dirty=1.37KiB
INFO [02-08|05:36:34.015] Commit new mining work                   number=1583 sealhash=0dda2a..7a5651 uncles=0 txs=0 gas=0       fees=0 elapsed="296.291µs"
INFO [02-08|05:36:34.016] QBFT: start new round                    address=0xDF8b560be949C229C821731554C33EAD5E3888A4 old.round=0  old.sequence=1582 old.state="Accept request" old.proposer=0x98C1334496614aED49d2E81526D089f7264fED9C next.round=0 next.seq=1583 next.proposer=0xcE412f988377e31F4d0fF12d74df73B51C42d0cA next.valSet="[0x27A97C9AaF04f18f3014c32e036dD0Ac76Da5f18 0x93917cADBace5dFCE132B991732c6Cda9bcC5B8a 0x98C1334496614aED49d2E81526D089f7264fED9C 0xcE412f988377e31F4d0fF12d74df73B51C42d0cA]" next.size=4 next.IsProposer=false
INFO [02-08|05:36:36.454] Looking for peers                        peercount=4 tried=3 static=8
INFO [02-08|05:36:39.010] Imported new chain segment               blocks=1 txs=0 mgas=0.000 elapsed="752.75µs"  mgasps=0.000   number=1583 hash=80e0cc..1bb473 dirty=1.37KiB
INFO [02-08|05:36:39.010] Commit new mining work                   number=1584 sealhash=307424..958d5c uncles=0 txs=0 gas=0       fees=0 elapsed="214.542µs"
INFO [02-08|05:36:39.011] QBFT: initialize new round               address=0xDF8b560be949C229C821731554C33EAD5E3888A4 current.round=0 current.sequence=1583 target.round=0 lastProposal.number=1583 lastProposal.hash=80e0cc..1bb473
INFO [02-08|05:36:39.011] QBFT: start new round                    address=0xDF8b560be949C229C821731554C33EAD5E3888A4 old.round=0  old.sequence=1583 old.state="Accept request" old.proposer=0xcE412f988377e31F4d0fF12d74df73B51C42d0cA next.round=0 next.seq=1584 next.proposer=0x27A97C9AaF04f18f3014c32e036dD0Ac76Da5f18 next.valSet="[0x27A97C9AaF04f18f3014c32e036dD0Ac76Da5f18 0x93917cADBace5dFCE132B991732c6Cda9bcC5B8a 0x98C1334496614aED49d2E81526D089f7264fED9C 0xcE412f988377e31F4d0fF12d74df73B51C42d0cA]" next.size=4 next.IsProposer=false
INFO [02-08|05:36:44.012] Imported new chain segment               blocks=1 txs=0 mgas=0.000 elapsed="821.667µs" mgasps=0.000   number=1584 hash=74b569..8d29e7 dirty=1.37KiB
INFO [02-08|05:36:44.013] Commit new mining work                   number=1585 sealhash=0a8930..acea1f uncles=0 txs=0 gas=0       fees=0 elapsed="247.333µs"
INFO [02-08|05:36:49.005] Imported new chain segment               blocks=1 txs=0 mgas=0.000 elapsed="585.083µs" mgasps=0.000   number=1585 hash=b1919e..522584 dirty=1.37KiB
INFO [02-08|05:36:49.006] QBFT: start new round                    address=0xDF8b560be949C229C821731554C33EAD5E3888A4 old.round=0  old.sequence=1585 old.state="Accept request" old.proposer=0x93917cADBace5dFCE132B991732c6Cda9bcC5B8a next.round=0 next.seq=1586 next.proposer=0x98C1334496614aED49d2E81526D089f7264fED9C next.valSet="[0x27A97C9AaF04f18f3014c32e036dD0Ac76Da5f18 0x93917cADBace5dFCE132B991732c6Cda9bcC5B8a 0x98C1334496614aED49d2E81526D089f7264fED9C 0xcE412f988377e31F4d0fF12d74df73B51C42d0cA]" next.size=4 next.IsProposer=false
INFO [02-08|05:36:54.010] Imported new chain segment               blocks=1 txs=0 mgas=0.000 elapsed=1.017ms     mgasps=0.000   number=1586 hash=82294a..46cf7c dirty=1.37KiB
INFO [02-08|05:36:54.011] QBFT: handle final committed             address=0xDF8b560be949C229C821731554C33EAD5E3888A4 current.round=0 current.sequence=1586 state="Accept request"
INFO [02-08|05:36:54.011] QBFT: initialize new round               address=0xDF8b560be949C229C821731554C33EAD5E3888A4 current.round=0 current.sequence=1586 target.round=0 lastProposal.number=1586 lastProposal.hash=82294a..46cf7c
INFO [02-08|05:36:54.011] QBFT: start new round                    address=0xDF8b560be949C229C821731554C33EAD5E3888A4 old.round=0  old.sequence=1586 old.state="Accept request" old.proposer=0x98C1334496614aED49d2E81526D089f7264fED9C next.round=0 next.seq=1587 next.proposer=0xcE412f988377e31F4d0fF12d74df73B51C42d0cA next.valSet="[0x27A97C9AaF04f18f3014c32e036dD0Ac76Da5f18 0x93917cADBace5dFCE132B991732c6Cda9bcC5B8a 0x98C1334496614aED49d2E81526D089f7264fED9C 0xcE412f988377e31F4d0fF12d74df73B51C42d0cA]" next.size=4 next.IsProposer=false
INFO [02-08|05:37:04.010] Imported new chain segment               blocks=1 txs=0 mgas=0.000 elapsed="821.334µs" mgasps=0.000   number=1588 hash=3db215..f17bd7 dirty=1.37KiB
INFO [02-08|05:37:04.011] Commit new mining work                   number=1589 sealhash=e5fad6..7659f7 uncles=0 txs=0 gas=0       fees=0 elapsed="266.125µs"
WARN [02-08|05:37:04.011] Block sealing failed                     err=unauthorized
INFO [02-08|05:37:04.011] QBFT: handle final committed             address=0xDF8b560be949C229C821731554C33EAD5E3888A4 current.round=0 current.sequence=1588 state="Accept request"
INFO [02-08|05:37:04.011] QBFT: initialize new round               address=0xDF8b560be949C229C821731554C33EAD5E3888A4 current.round=0 current.sequence=1588 target.round=0 lastProposal.number=1588 lastProposal.hash=3db215..f17bd7
INFO [02-08|05:37:04.011] QBFT: start new round                    address=0xDF8b560be949C229C821731554C33EAD5E3888A4 old.round=0  old.sequence=1588 old.state="Accept request" old.proposer=0x27A97C9AaF04f18f3014c32e036dD0Ac76Da5f18 next.round=0 next.seq=1589 next.proposer=0x93917cADBace5dFCE132B991732c6Cda9bcC5B8a next.valSet="[0x27A97C9AaF04f18f3014c32e036dD0Ac76Da5f18 0x93917cADBace5dFCE132B991732c6Cda9bcC5B8a 0x98C1334496614aED49d2E81526D089f7264fED9C 0xcE412f988377e31F4d0fF12d74df73B51C42d0cA]" next.size=4 next.IsProposer=false
INFO [02-08|05:37:09.014] Imported new chain segment               blocks=1 txs=0 mgas=0.000 elapsed="822.792µs" mgasps=0.000   number=1589 hash=e97528..f64b88 dirty=1.37KiB
INFO [02-08|05:37:09.014] Commit new mining work                   number=1590 sealhash=a171d9..4e3a91 uncles=0 txs=0 gas=0       fees=0 elapsed="240.5µs"
INFO [02-08|05:37:09.014] QBFT: initialize new round               address=0xDF8b560be949C229C821731554C33EAD5E3888A4 current.round=0 current.sequence=1589 target.round=0 lastProposal.number=1589 lastProposal.hash=e97528..f64b88
INFO [02-08|05:37:09.015] QBFT: start new round                    address=0xDF8b560be949C229C821731554C33EAD5E3888A4 old.round=0  old.sequence=1589 old.state="Accept request" old.proposer=0x93917cADBace5dFCE132B991732c6Cda9bcC5B8a next.round=0 next.seq=1590 next.proposer=0x98C1334496614aED49d2E81526D089f7264fED9C next.valSet="[0x27A97C9AaF04f18f3014c32e036dD0Ac76Da5f18 0x93917cADBace5dFCE132B991732c6Cda9bcC5B8a 0x98C1334496614aED49d2E81526D089f7264fED9C 0xcE412f988377e31F4d0fF12d74df73B51C42d0cA]" next.size=4 next.IsProposer=false
INFO [02-08|05:37:11.455] Looking for peers                        peercount=4 tried=3 static=8
INFO [02-08|05:37:19.016] Imported new chain segment               blocks=1 txs=0 mgas=0.000 elapsed="799.542µs" mgasps=0.000   number=1591 hash=9f2fbe..4853f3 dirty=1.37KiB
INFO [02-08|05:37:19.017] Commit new mining work                   number=1592 sealhash=1f05c5..290d40 uncles=0 txs=0 gas=0       fees=0 elapsed="169.916µs"
INFO [02-08|05:37:19.017] QBFT: start new round                    address=0xDF8b560be949C229C821731554C33EAD5E3888A4 old.round=0  old.sequence=1591 old.state="Accept request" old.proposer=0xcE412f988377e31F4d0fF12d74df73B51C42d0cA next.round=0 next.seq=1592 next.proposer=0x27A97C9AaF04f18f3014c32e036dD0Ac76Da5f18 next.valSet="[0x27A97C9AaF04f18f3014c32e036dD0Ac76Da5f18 0x93917cADBace5dFCE132B991732c6Cda9bcC5B8a 0x98C1334496614aED49d2E81526D089f7264fED9C 0xcE412f988377e31F4d0fF12d74df73B51C42d0cA]" next.size=4 next.IsProposer=false
INFO [02-08|05:37:29.008] Imported new chain segment               blocks=1 txs=0 mgas=0.000 elapsed="596.75µs"  mgasps=0.000   number=1593 hash=d674ed..175b16 dirty=1.37KiB
INFO [02-08|05:37:29.009] QBFT: handle final committed             address=0xDF8b560be949C229C821731554C33EAD5E3888A4 current.round=0 current.sequence=1593 state="Accept request"
INFO [02-08|05:37:34.013] QBFT: handle final committed             address=0xDF8b560be949C229C821731554C33EAD5E3888A4 current.round=0 current.sequence=1594 state="Accept request"
INFO [02-08|05:37:34.013] QBFT: initialize new round               address=0xDF8b560be949C229C821731554C33EAD5E3888A4 current.round=0 current.sequence=1594 target.round=0 lastProposal.number=1594 lastProposal.hash=0685b4..3aa4af
INFO [02-08|05:37:39.006] Imported new chain segment               blocks=1 txs=0 mgas=0.000 elapsed="267.208µs" mgasps=0.000   number=1595 hash=38cfd0..625c6f dirty=1.37KiB
INFO [02-08|05:37:39.007] Commit new mining work                   number=1596 sealhash=b18362..0d41e1 uncles=0 txs=0 gas=0       fees=0 elapsed="150.458µs"
INFO [02-08|05:37:46.456] Looking for peers                        peercount=4 tried=3 static=8
INFO [02-08|05:37:49.015] Imported new chain segment               blocks=1 txs=0 mgas=0.000 elapsed="797.625µs" mgasps=0.000   number=1597 hash=d7ffb8..2a92a0 dirty=1.37KiB
INFO [02-08|05:37:49.016] QBFT: handle final committed             address=0xDF8b560be949C229C821731554C33EAD5E3888A4 current.round=0 current.sequence=1597 state="Accept request"
INFO [02-08|05:37:54.010] Imported new chain segment               blocks=1 txs=0 mgas=0.000 elapsed="903.5µs"   mgasps=0.000   number=1598 hash=83cfb7..03c112 dirty=1.37KiB
INFO [02-08|05:37:54.010] QBFT: handle final committed             address=0xDF8b560be949C229C821731554C33EAD5E3888A4 current.round=0 current.sequence=1598 state="Accept request"
INFO [02-08|05:37:54.010] QBFT: initialize new round               address=0xDF8b560be949C229C821731554C33EAD5E3888A4 current.round=0 current.sequence=1598 target.round=0 lastProposal.number=1598 lastProposal.hash=83cfb7..03c112
INFO [02-08|05:37:59.015] QBFT: handle final committed             address=0xDF8b560be949C229C821731554C33EAD5E3888A4 current.round=0 current.sequence=1599 state="Accept request"
INFO [02-08|05:38:04.007] Imported new chain segment               blocks=1 txs=0 mgas=0.000 elapsed="530µs"     mgasps=0.000   number=1600 hash=3bfbb3..fe62ab dirty=1.37KiB
INFO [02-08|05:38:04.007] QBFT: handle final committed             address=0xDF8b560be949C229C821731554C33EAD5E3888A4 current.round=0 current.sequence=1600 state="Accept request"
INFO [02-08|05:38:09.028] Imported new chain segment               blocks=1 txs=0 mgas=0.000 elapsed="955.75µs"  mgasps=0.000   number=1601 hash=9f6df3..0b4dd9 dirty=1.37KiB
INFO [02-08|05:38:09.028] Commit new mining work                   number=1602 sealhash=e281a6..996a1d uncles=0 txs=0 gas=0       fees=0 elapsed="185.833µs"
WARN [02-08|05:38:09.028] Block sealing failed                     err=unauthorized
INFO [02-08|05:38:09.028] QBFT: handle final committed             address=0xDF8b560be949C229C821731554C33EAD5E3888A4 current.round=0 current.sequence=1601 state="Accept request"
INFO [02-08|05:38:09.028] QBFT: initialize new round               address=0xDF8b560be949C229C821731554C33EAD5E3888A4 current.round=0 current.sequence=1601 target.round=0 lastProposal.number=1601 lastProposal.hash=9f6df3..0b4dd9
INFO [02-08|05:38:14.014] Imported new chain segment               blocks=1 txs=0 mgas=0.000 elapsed=1.052ms     mgasps=0.000   number=1602 hash=559977..472eac dirty=1.37KiB
INFO [02-08|05:38:14.015] Commit new mining work                   number=1603 sealhash=5b8488..a5cc70 uncles=0 txs=0 gas=0       fees=0 elapsed="285.125µs"
WARN [02-08|05:38:14.015] Block sealing failed                     err=unauthorized
INFO [02-08|05:38:19.026] Imported new chain segment               blocks=1 txs=0 mgas=0.000 elapsed=1.050ms     mgasps=0.000   number=1603 hash=0de5fa..e673a3 dirty=1.37KiB
INFO [02-08|05:38:19.027] QBFT: start new round                    address=0xDF8b560be949C229C821731554C33EAD5E3888A4 old.round=0  old.sequence=1603 old.state="Accept request" old.proposer=0xcE412f988377e31F4d0fF12d74df73B51C42d0cA next.round=0 next.seq=1604 next.proposer=0x27A97C9AaF04f18f3014c32e036dD0Ac76Da5f18 next.valSet="[0x27A97C9AaF04f18f3014c32e036dD0Ac76Da5f18 0x93917cADBace5dFCE132B991732c6Cda9bcC5B8a 0x98C1334496614aED49d2E81526D089f7264fED9C 0xcE412f988377e31F4d0fF12d74df73B51C42d0cA]" next.size=4 next.IsProposer=false
INFO [02-08|05:38:21.457] Looking for peers                        peercount=4 tried=3 static=8
INFO [02-08|05:38:24.015] Imported new chain segment               blocks=1 txs=0 mgas=0.000 elapsed="867.208µs" mgasps=0.000   number=1604 hash=196ac6..4c8dce dirty=1.37KiB
INFO [02-08|05:38:24.015] QBFT: handle final committed             address=0xDF8b560be949C229C821731554C33EAD5E3888A4 current.round=0 current.sequence=1604 state="Accept request"
INFO [02-08|05:38:24.015] QBFT: start new round                    address=0xDF8b560be949C229C821731554C33EAD5E3888A4 old.round=0  old.sequence=1604 old.state="Accept request" old.proposer=0x27A97C9AaF04f18f3014c32e036dD0Ac76Da5f18 next.round=0 next.seq=1605 next.proposer=0x93917cADBace5dFCE132B991732c6Cda9bcC5B8a next.valSet="[0x27A97C9AaF04f18f3014c32e036dD0Ac76Da5f18 0x93917cADBace5dFCE132B991732c6Cda9bcC5B8a 0x98C1334496614aED49d2E81526D089f7264fED9C 0xcE412f988377e31F4d0fF12d74df73B51C42d0cA]" next.size=4 next.IsProposer=false
INFO [02-08|05:38:29.011] QBFT: start new round                    address=0xDF8b560be949C229C821731554C33EAD5E3888A4 old.round=0  old.sequence=1605 old.state="Accept request" old.proposer=0x93917cADBace5dFCE132B991732c6Cda9bcC5B8a next.round=0 next.seq=1606 next.proposer=0x98C1334496614aED49d2E81526D089f7264fED9C next.valSet="[0x27A97C9AaF04f18f3014c32e036dD0Ac76Da5f18 0x93917cADBace5dFCE132B991732c6Cda9bcC5B8a 0x98C1334496614aED49d2E81526D089f7264fED9C 0xcE412f988377e31F4d0fF12d74df73B51C42d0cA]" next.size=4 next.IsProposer=false
WARN [02-08|05:38:29.011] Block sealing failed                     err=unauthorized
INFO [02-08|05:38:34.012] Imported new chain segment               blocks=1 txs=0 mgas=0.000 elapsed="859.833µs" mgasps=0.000   number=1606 hash=9eff63..ad4c33 dirty=1.37KiB
INFO [02-08|05:38:34.012] Commit new mining work                   number=1607 sealhash=3f8f16..324db7 uncles=0 txs=0 gas=0       fees=0 elapsed="239.292µs"
INFO [02-08|05:38:34.013] QBFT: start new round                    address=0xDF8b560be949C229C821731554C33EAD5E3888A4 old.round=0  old.sequence=1606 old.state="Accept request" old.proposer=0x98C1334496614aED49d2E81526D089f7264fED9C next.round=0 next.seq=1607 next.proposer=0xcE412f988377e31F4d0fF12d74df73B51C42d0cA next.valSet="[0x27A97C9AaF04f18f3014c32e036dD0Ac76Da5f18 0x93917cADBace5dFCE132B991732c6Cda9bcC5B8a 0x98C1334496614aED49d2E81526D089f7264fED9C 0xcE412f988377e31F4d0fF12d74df73B51C42d0cA]" next.size=4 next.IsProposer=false
INFO [02-08|05:38:44.016] Imported new chain segment               blocks=1 txs=0 mgas=0.000 elapsed=1.138ms     mgasps=0.000   number=1608 hash=1314fc..7da852 dirty=1.37KiB
INFO [02-08|05:38:44.016] QBFT: initialize new round               address=0xDF8b560be949C229C821731554C33EAD5E3888A4 current.round=0 current.sequence=1608 target.round=0 lastProposal.number=1608 lastProposal.hash=1314fc..7da852
INFO [02-08|05:38:49.013] Imported new chain segment               blocks=1 txs=0 mgas=0.000 elapsed=1.052ms     mgasps=0.000   number=1609 hash=02480d..74078a dirty=1.37KiB
INFO [02-08|05:38:49.014] QBFT: handle final committed             address=0xDF8b560be949C229C821731554C33EAD5E3888A4 current.round=0 current.sequence=1609 state="Accept request"
INFO [02-08|05:38:49.014] QBFT: initialize new round               address=0xDF8b560be949C229C821731554C33EAD5E3888A4 current.round=0 current.sequence=1609 target.round=0 lastProposal.number=1609 lastProposal.hash=02480d..74078a
INFO [02-08|05:38:49.014] QBFT: start new round                    address=0xDF8b560be949C229C821731554C33EAD5E3888A4 old.round=0  old.sequence=1609 old.state="Accept request" old.proposer=0x93917cADBace5dFCE132B991732c6Cda9bcC5B8a next.round=0 next.seq=1610 next.proposer=0x98C1334496614aED49d2E81526D089f7264fED9C next.valSet="[0x27A97C9AaF04f18f3014c32e036dD0Ac76Da5f18 0x93917cADBace5dFCE132B991732c6Cda9bcC5B8a 0x98C1334496614aED49d2E81526D089f7264fED9C 0xcE412f988377e31F4d0fF12d74df73B51C42d0cA]" next.size=4 next.IsProposer=false
INFO [02-08|05:38:49.014] Commit new mining work                   number=1610 sealhash=529e5a..57ee53 uncles=0 txs=0 gas=0       fees=0 elapsed="504.458µs"
WARN [02-08|05:38:49.014] Block sealing failed                     err=unauthorized
INFO [02-08|05:38:54.011] Imported new chain segment               blocks=1 txs=0 mgas=0.000 elapsed=1.054ms     mgasps=0.000   number=1610 hash=65beba..c7217c dirty=1.37KiB
INFO [02-08|05:38:54.011] QBFT: handle final committed             address=0xDF8b560be949C229C821731554C33EAD5E3888A4 current.round=0 current.sequence=1610 state="Accept request"
INFO [02-08|05:38:56.459] Looking for peers                        peercount=4 tried=3 static=8
INFO [02-08|05:38:59.014] Imported new chain segment               blocks=1 txs=0 mgas=0.000 elapsed="833.083µs" mgasps=0.000   number=1611 hash=20c377..76f88c dirty=1.37KiB
INFO [02-08|05:38:59.015] QBFT: handle final committed             address=0xDF8b560be949C229C821731554C33EAD5E3888A4 current.round=0 current.sequence=1611 state="Accept request"
INFO [02-08|05:39:04.013] Imported new chain segment               blocks=1 txs=0 mgas=0.000 elapsed="844.958µs" mgasps=0.000   number=1612 hash=451333..0aa486 dirty=1.37KiB
INFO [02-08|05:39:04.014] Commit new mining work                   number=1613 sealhash=c39934..6895b5 uncles=0 txs=0 gas=0       fees=0 elapsed="228.208µs"
INFO [02-08|05:39:09.010] Commit new mining work                   number=1614 sealhash=5b998f..5d559f uncles=0 txs=0 gas=0       fees=0 elapsed="339.708µs"
WARN [02-08|05:39:09.010] Block sealing failed                     err=unauthorized
INFO [02-08|05:39:09.010] QBFT: handle final committed             address=0xDF8b560be949C229C821731554C33EAD5E3888A4 current.round=0 current.sequence=1613 state="Accept request"
INFO [02-08|05:39:14.013] Imported new chain segment               blocks=1 txs=0 mgas=0.000 elapsed="761.75µs"  mgasps=0.000   number=1614 hash=3128f5..b5d7d1 dirty=1.37KiB
INFO [02-08|05:39:14.013] Commit new mining work                   number=1615 sealhash=2b1681..128e21 uncles=0 txs=0 gas=0       fees=0 elapsed="262.042µs"
INFO [02-08|05:39:19.013] Imported new chain segment               blocks=1 txs=0 mgas=0.000 elapsed="966.542µs" mgasps=0.000   number=1615 hash=96de49..95459e dirty=1.37KiB
INFO [02-08|05:39:24.016] Imported new chain segment               blocks=1 txs=0 mgas=0.000 elapsed=1.450ms     mgasps=0.000   number=1616 hash=7e94b6..83b688 dirty=1.37KiB
INFO [02-08|05:39:24.016] Commit new mining work                   number=1617 sealhash=40c9a2..0528e9 uncles=0 txs=0 gas=0       fees=0 elapsed="230.167µs"
INFO [02-08|05:39:24.016] QBFT: handle final committed             address=0xDF8b560be949C229C821731554C33EAD5E3888A4 current.round=0 current.sequence=1616 state="Accept request"
WARN [02-08|05:39:24.016] Block sealing failed                     err=unauthorized
INFO [02-08|05:39:29.011] Imported new chain segment               blocks=1 txs=0 mgas=0.000 elapsed="908.583µs" mgasps=0.000   number=1617 hash=b2397d..81e14f dirty=1.37KiB
INFO [02-08|05:39:29.012] Commit new mining work                   number=1618 sealhash=319b46..8294a8 uncles=0 txs=0 gas=0       fees=0 elapsed="347.667µs"
INFO [02-08|05:39:34.012] Imported new chain segment               blocks=1 txs=0 mgas=0.000 elapsed="786.666µs" mgasps=0.000   number=1618 hash=9760cb..8312a8 dirty=1.37KiB
INFO [02-08|05:39:34.012] Commit new mining work                   number=1619 sealhash=1146c8..2b3360 uncles=0 txs=0 gas=0       fees=0 elapsed="271.458µs"
INFO [02-08|05:39:44.012] Imported new chain segment               blocks=1 txs=0 mgas=0.000 elapsed="873.292µs" mgasps=0.000   number=1620 hash=cde33f..e0af23 dirty=1.37KiB
INFO [02-08|05:39:44.013] QBFT: handle final committed             address=0xDF8b560be949C229C821731554C33EAD5E3888A4 current.round=0 current.sequence=1620 state="Accept request"
INFO [02-08|05:39:54.024] Imported new chain segment               blocks=1 txs=0 mgas=0.000 elapsed=1.295ms     mgasps=0.000   number=1622 hash=dc4f5f..24533c dirty=1.37KiB
INFO [02-08|05:39:54.025] QBFT: handle final committed             address=0xDF8b560be949C229C821731554C33EAD5E3888A4 current.round=0 current.sequence=1622 state="Accept request"
INFO [02-08|05:39:54.025] QBFT: start new round                    address=0xDF8b560be949C229C821731554C33EAD5E3888A4 old.round=0  old.sequence=1622 old.state="Accept request" old.proposer=0x98C1334496614aED49d2E81526D089f7264fED9C next.round=0 next.seq=1623 next.proposer=0xcE412f988377e31F4d0fF12d74df73B51C42d0cA next.valSet="[0x27A97C9AaF04f18f3014c32e036dD0Ac76Da5f18 0x93917cADBace5dFCE132B991732c6Cda9bcC5B8a 0x98C1334496614aED49d2E81526D089f7264fED9C 0xcE412f988377e31F4d0fF12d74df73B51C42d0cA]" next.size=4 next.IsProposer=false
INFO [02-08|05:39:59.011] Imported new chain segment               blocks=1 txs=0 mgas=0.000 elapsed="967.583µs" mgasps=0.000   number=1623 hash=a1229f..ac2426 dirty=1.37KiB
INFO [02-08|05:40:04.010] Imported new chain segment               blocks=1 txs=0 mgas=0.000 elapsed=1.887ms     mgasps=0.000   number=1624 hash=e84cb8..7eb4b6 dirty=1.37KiB
INFO [02-08|05:40:06.463] Looking for peers                        peercount=4 tried=3 static=8
INFO [02-08|05:40:09.015] QBFT: start new round                    address=0xDF8b560be949C229C821731554C33EAD5E3888A4 old.round=0  old.sequence=1625 old.state="Accept request" old.proposer=0x93917cADBace5dFCE132B991732c6Cda9bcC5B8a next.round=0 next.seq=1626 next.proposer=0x98C1334496614aED49d2E81526D089f7264fED9C next.valSet="[0x27A97C9AaF04f18f3014c32e036dD0Ac76Da5f18 0x93917cADBace5dFCE132B991732c6Cda9bcC5B8a 0x98C1334496614aED49d2E81526D089f7264fED9C 0xcE412f988377e31F4d0fF12d74df73B51C42d0cA]" next.size=4 next.IsProposer=false
WARN [02-08|05:40:09.015] Block sealing failed                     err=unauthorized
INFO [02-08|05:40:14.017] Imported new chain segment               blocks=1 txs=0 mgas=0.000 elapsed="760.583µs" mgasps=0.000   number=1626 hash=3f2cab..c74ca3 dirty=1.37KiB
INFO [02-08|05:40:19.014] Imported new chain segment               blocks=1 txs=0 mgas=0.000 elapsed="900.791µs" mgasps=0.000   number=1627 hash=6f6613..e9f125 dirty=1.37KiB
INFO [02-08|05:40:19.015] QBFT: initialize new round               address=0xDF8b560be949C229C821731554C33EAD5E3888A4 current.round=0 current.sequence=1627 target.round=0 lastProposal.number=1627 lastProposal.hash=6f6613..e9f125
INFO [02-08|05:40:24.011] Imported new chain segment               blocks=1 txs=0 mgas=0.000 elapsed=1.021ms     mgasps=0.000   number=1628 hash=217835..82e3d4 dirty=1.37KiB
WARN [02-08|05:40:24.012] Block sealing failed                     err=unauthorized
INFO [02-08|05:40:24.012] QBFT: start new round                    address=0xDF8b560be949C229C821731554C33EAD5E3888A4 old.round=0  old.sequence=1628 old.state="Accept request" old.proposer=0x27A97C9AaF04f18f3014c32e036dD0Ac76Da5f18 next.round=0 next.seq=1629 next.proposer=0x93917cADBace5dFCE132B991732c6Cda9bcC5B8a next.valSet="[0x27A97C9AaF04f18f3014c32e036dD0Ac76Da5f18 0x93917cADBace5dFCE132B991732c6Cda9bcC5B8a 0x98C1334496614aED49d2E81526D089f7264fED9C 0xcE412f988377e31F4d0fF12d74df73B51C42d0cA]" next.size=4 next.IsProposer=false
INFO [02-08|05:40:29.012] Commit new mining work                   number=1630 sealhash=9c9bc9..e833a1 uncles=0 txs=0 gas=0       fees=0 elapsed="385.875µs"
INFO [02-08|05:40:34.015] Imported new chain segment               blocks=1 txs=0 mgas=0.000 elapsed="976.75µs"  mgasps=0.000   number=1630 hash=a809fb..a01b36 dirty=1.37KiB
INFO [02-08|05:40:34.016] QBFT: handle final committed             address=0xDF8b560be949C229C821731554C33EAD5E3888A4 current.round=0 current.sequence=1630 state="Accept request"
INFO [02-08|05:40:39.010] Imported new chain segment               blocks=1 txs=0 mgas=0.000 elapsed="884.875µs" mgasps=0.000   number=1631 hash=5ba23a..87aac3 dirty=1.37KiB
INFO [02-08|05:40:39.011] QBFT: handle final committed             address=0xDF8b560be949C229C821731554C33EAD5E3888A4 current.round=0 current.sequence=1631 state="Accept request"
INFO [02-08|05:40:44.013] QBFT: handle final committed             address=0xDF8b560be949C229C821731554C33EAD5E3888A4 current.round=0 current.sequence=1632 state="Accept request"
INFO [02-08|05:40:44.013] QBFT: initialize new round               address=0xDF8b560be949C229C821731554C33EAD5E3888A4 current.round=0 current.sequence=1632 target.round=0 lastProposal.number=1632 lastProposal.hash=387fda..7b0219
INFO [02-08|05:40:49.010] Imported new chain segment               blocks=1 txs=0 mgas=0.000 elapsed="836.584µs" mgasps=0.000   number=1633 hash=688b28..579bfd dirty=1.37KiB
INFO [02-08|05:40:49.011] QBFT: handle final committed             address=0xDF8b560be949C229C821731554C33EAD5E3888A4 current.round=0 current.sequence=1633 state="Accept request"
INFO [02-08|05:40:54.008] Imported new chain segment               blocks=1 txs=0 mgas=0.000 elapsed="546.458µs" mgasps=0.000   number=1634 hash=44a9ba..53b31e dirty=1.37KiB
INFO [02-08|05:40:54.009] QBFT: start new round                    address=0xDF8b560be949C229C821731554C33EAD5E3888A4 old.round=0  old.sequence=1634 old.state="Accept request" old.proposer=0x98C1334496614aED49d2E81526D089f7264fED9C next.round=0 next.seq=1635 next.proposer=0xcE412f988377e31F4d0fF12d74df73B51C42d0cA next.valSet="[0x27A97C9AaF04f18f3014c32e036dD0Ac76Da5f18 0x93917cADBace5dFCE132B991732c6Cda9bcC5B8a 0x98C1334496614aED49d2E81526D089f7264fED9C 0xcE412f988377e31F4d0fF12d74df73B51C42d0cA]" next.size=4 next.IsProposer=false
INFO [02-08|05:40:59.015] QBFT: start new round                    address=0xDF8b560be949C229C821731554C33EAD5E3888A4 old.round=0  old.sequence=1635 old.state="Accept request" old.proposer=0xcE412f988377e31F4d0fF12d74df73B51C42d0cA next.round=0 next.seq=1636 next.proposer=0x27A97C9AaF04f18f3014c32e036dD0Ac76Da5f18 next.valSet="[0x27A97C9AaF04f18f3014c32e036dD0Ac76Da5f18 0x93917cADBace5dFCE132B991732c6Cda9bcC5B8a 0x98C1334496614aED49d2E81526D089f7264fED9C 0xcE412f988377e31F4d0fF12d74df73B51C42d0cA]" next.size=4 next.IsProposer=false
INFO [02-08|05:41:04.015] Imported new chain segment               blocks=1 txs=0 mgas=0.000 elapsed=1.566ms     mgasps=0.000   number=1636 hash=db6d43..09e335 dirty=1.37KiB
INFO [02-08|05:41:04.016] QBFT: handle final committed             address=0xDF8b560be949C229C821731554C33EAD5E3888A4 current.round=0 current.sequence=1636 state="Accept request"
INFO [02-08|05:41:09.015] Imported new chain segment               blocks=1 txs=0 mgas=0.000 elapsed="888.292µs" mgasps=0.000   number=1637 hash=a1992f..6ad7de dirty=1.37KiB
INFO [02-08|05:41:09.016] QBFT: initialize new round               address=0xDF8b560be949C229C821731554C33EAD5E3888A4 current.round=0 current.sequence=1637 target.round=0 lastProposal.number=1637 lastProposal.hash=a1992f..6ad7de
INFO [02-08|05:41:19.014] Imported new chain segment               blocks=1 txs=0 mgas=0.000 elapsed="895.792µs" mgasps=0.000   number=1639 hash=ff15c5..55b883 dirty=1.37KiB
INFO [02-08|05:41:24.012] Imported new chain segment               blocks=1 txs=0 mgas=0.000 elapsed=2.476ms     mgasps=0.000   number=1640 hash=063d31..2ec07b dirty=1.37KiB
INFO [02-08|05:41:24.013] QBFT: initialize new round               address=0xDF8b560be949C229C821731554C33EAD5E3888A4 current.round=0 current.sequence=1640 target.round=0 lastProposal.number=1640 lastProposal.hash=063d31..2ec07b
INFO [02-08|05:41:24.013] QBFT: start new round                    address=0xDF8b560be949C229C821731554C33EAD5E3888A4 old.round=0  old.sequence=1640 old.state="Accept request" old.proposer=0x27A97C9AaF04f18f3014c32e036dD0Ac76Da5f18 next.round=0 next.seq=1641 next.proposer=0x93917cADBace5dFCE132B991732c6Cda9bcC5B8a next.valSet="[0x27A97C9AaF04f18f3014c32e036dD0Ac76Da5f18 0x93917cADBace5dFCE132B991732c6Cda9bcC5B8a 0x98C1334496614aED49d2E81526D089f7264fED9C 0xcE412f988377e31F4d0fF12d74df73B51C42d0cA]" next.size=4 next.IsProposer=false
INFO [02-08|05:41:29.012] QBFT: handle final committed             address=0xDF8b560be949C229C821731554C33EAD5E3888A4 current.round=0 current.sequence=1641 state="Accept request"
INFO [02-08|05:41:34.013] Imported new chain segment               blocks=1 txs=0 mgas=0.000 elapsed=1.030ms     mgasps=0.000   number=1642 hash=ea2b25..3abd1c dirty=1.37KiB
INFO [02-08|05:41:34.014] QBFT: handle final committed             address=0xDF8b560be949C229C821731554C33EAD5E3888A4 current.round=0 current.sequence=1642 state="Accept request"
INFO [02-08|05:41:39.012] Imported new chain segment               blocks=1 txs=0 mgas=0.000 elapsed="948.667µs" mgasps=0.000   number=1643 hash=cef20e..b720da dirty=1.37KiB
INFO [02-08|05:41:39.012] Commit new mining work                   number=1644 sealhash=389c69..92d0c6 uncles=0 txs=0 gas=0       fees=0 elapsed="238.292µs"
INFO [02-08|05:41:39.013] QBFT: handle final committed             address=0xDF8b560be949C229C821731554C33EAD5E3888A4 current.round=0 current.sequence=1643 state="Accept request"
INFO [02-08|05:41:44.011] Imported new chain segment               blocks=1 txs=0 mgas=0.000 elapsed="942.792µs" mgasps=0.000   number=1644 hash=76818a..79e0f3 dirty=1.37KiB
INFO [02-08|05:41:44.011] QBFT: initialize new round               address=0xDF8b560be949C229C821731554C33EAD5E3888A4 current.round=0 current.sequence=1644 target.round=0 lastProposal.number=1644 lastProposal.hash=76818a..79e0f3
INFO [02-08|05:41:49.030] Imported new chain segment               blocks=1 txs=0 mgas=0.000 elapsed=2.556ms     mgasps=0.000   number=1645 hash=52fc59..ed62bd dirty=1.37KiB
INFO [02-08|05:41:49.031] Commit new mining work                   number=1646 sealhash=1d946c..31bd98 uncles=0 txs=0 gas=0       fees=0 elapsed="155.417µs"
INFO [02-08|05:41:54.014] Imported new chain segment               blocks=1 txs=0 mgas=0.000 elapsed="874.875µs" mgasps=0.000   number=1646 hash=1c492e..b1c32a dirty=1.37KiB
INFO [02-08|05:41:54.014] Commit new mining work                   number=1647 sealhash=b641d5..d0b007 uncles=0 txs=0 gas=0       fees=0 elapsed="294.209µs"
INFO [02-08|05:41:59.015] Imported new chain segment               blocks=1 txs=0 mgas=0.000 elapsed="875.917µs" mgasps=0.000   number=1647 hash=aec23d..5cc233 dirty=1.37KiB
INFO [02-08|05:42:04.016] Imported new chain segment               blocks=1 txs=0 mgas=0.000 elapsed="927.375µs" mgasps=0.000   number=1648 hash=d83c9d..3a2e6b dirty=1.37KiB
INFO [02-08|05:42:04.016] QBFT: handle final committed             address=0xDF8b560be949C229C821731554C33EAD5E3888A4 current.round=0 current.sequence=1648 state="Accept request"
INFO [02-08|05:42:04.016] QBFT: initialize new round               address=0xDF8b560be949C229C821731554C33EAD5E3888A4 current.round=0 current.sequence=1648 target.round=0 lastProposal.number=1648 lastProposal.hash=d83c9d..3a2e6b
INFO [02-08|05:42:09.005] Imported new chain segment               blocks=1 txs=0 mgas=0.000 elapsed="442.917µs" mgasps=0.000   number=1649 hash=522ea5..901f15 dirty=1.37KiB
INFO [02-08|05:42:14.015] Commit new mining work                   number=1651 sealhash=5da674..c99e71 uncles=0 txs=0 gas=0       fees=0 elapsed="362.375µs"
INFO [02-08|05:42:19.010] Imported new chain segment               blocks=1 txs=0 mgas=0.000 elapsed="926.5µs"   mgasps=0.000   number=1651 hash=b2f39c..09fb7a dirty=1.37KiB
INFO [02-08|05:42:19.010] Commit new mining work                   number=1652 sealhash=4884c9..b46637 uncles=0 txs=0 gas=0       fees=0 elapsed="294.875µs"
INFO [02-08|05:42:19.011] QBFT: start new round                    address=0xDF8b560be949C229C821731554C33EAD5E3888A4 old.round=0  old.sequence=1651 old.state="Accept request" old.proposer=0xcE412f988377e31F4d0fF12d74df73B51C42d0cA next.round=0 next.seq=1652 next.proposer=0x27A97C9AaF04f18f3014c32e036dD0Ac76Da5f18 next.valSet="[0x27A97C9AaF04f18f3014c32e036dD0Ac76Da5f18 0x93917cADBace5dFCE132B991732c6Cda9bcC5B8a 0x98C1334496614aED49d2E81526D089f7264fED9C 0xcE412f988377e31F4d0fF12d74df73B51C42d0cA]" next.size=4 next.IsProposer=false
WARN [02-08|05:42:24.014] Block sealing failed                     err=unauthorized
INFO [02-08|05:42:29.009] Imported new chain segment               blocks=1 txs=0 mgas=0.000 elapsed="687.875µs" mgasps=0.000   number=1653 hash=1e07a9..30f14b dirty=1.37KiB
INFO [02-08|05:42:34.013] Imported new chain segment               blocks=1 txs=0 mgas=0.000 elapsed="811µs"     mgasps=0.000   number=1654 hash=57f7ac..7fe9f3 dirty=1.37KiB
INFO [02-08|05:42:34.014] QBFT: initialize new round               address=0xDF8b560be949C229C821731554C33EAD5E3888A4 current.round=0 current.sequence=1654 target.round=0 lastProposal.number=1654 lastProposal.hash=57f7ac..7fe9f3
INFO [02-08|05:42:39.018] Imported new chain segment               blocks=1 txs=0 mgas=0.000 elapsed="748.833µs" mgasps=0.000   number=1655 hash=97fccf..09398f dirty=1.37KiB
INFO [02-08|05:42:39.018] Commit new mining work                   number=1656 sealhash=83f246..a6c862 uncles=0 txs=0 gas=0       fees=0 elapsed="178.958µs"
INFO [02-08|05:42:44.005] Imported new chain segment               blocks=1 txs=0 mgas=0.000 elapsed="595µs"     mgasps=0.000   number=1656 hash=e2062f..683425 dirty=1.37KiB
INFO [02-08|05:42:49.006] Imported new chain segment               blocks=1 txs=0 mgas=0.000 elapsed="721.583µs" mgasps=0.000   number=1657 hash=a5aea8..c3ce10 dirty=1.37KiB
INFO [02-08|05:42:49.006] QBFT: handle final committed             address=0xDF8b560be949C229C821731554C33EAD5E3888A4 current.round=0 current.sequence=1657 state="Accept request"
INFO [02-08|05:42:49.006] QBFT: initialize new round               address=0xDF8b560be949C229C821731554C33EAD5E3888A4 current.round=0 current.sequence=1657 target.round=0 lastProposal.number=1657 lastProposal.hash=a5aea8..c3ce10
INFO [02-08|05:42:54.013] Imported new chain segment               blocks=1 txs=0 mgas=0.000 elapsed="824.667µs" mgasps=0.000   number=1658 hash=55e2f1..460dce dirty=1.37KiB
INFO [02-08|05:42:54.014] Commit new mining work                   number=1659 sealhash=22c293..0a0c83 uncles=0 txs=0 gas=0       fees=0 elapsed="220.875µs"
INFO [02-08|05:42:54.014] QBFT: initialize new round               address=0xDF8b560be949C229C821731554C33EAD5E3888A4 current.round=0 current.sequence=1658 target.round=0 lastProposal.number=1658 lastProposal.hash=55e2f1..460dce
INFO [02-08|05:42:59.013] QBFT: start new round                    address=0xDF8b560be949C229C821731554C33EAD5E3888A4 old.round=0  old.sequence=1659 old.state="Accept request" old.proposer=0xcE412f988377e31F4d0fF12d74df73B51C42d0cA next.round=0 next.seq=1660 next.proposer=0x27A97C9AaF04f18f3014c32e036dD0Ac76Da5f18 next.valSet="[0x27A97C9AaF04f18f3014c32e036dD0Ac76Da5f18 0x93917cADBace5dFCE132B991732c6Cda9bcC5B8a 0x98C1334496614aED49d2E81526D089f7264fED9C 0xcE412f988377e31F4d0fF12d74df73B51C42d0cA]" next.size=4 next.IsProposer=false
INFO [02-08|05:43:01.468] Looking for peers                        peercount=4 tried=3 static=8
INFO [02-08|05:43:04.020] Imported new chain segment               blocks=1 txs=0 mgas=0.000 elapsed="821.541µs" mgasps=0.000   number=1660 hash=b477b7..63b096 dirty=1.37KiB
INFO [02-08|05:43:04.020] Commit new mining work                   number=1661 sealhash=c6e976..bfc243 uncles=0 txs=0 gas=0       fees=0 elapsed="304.083µs"
INFO [02-08|05:43:09.013] Imported new chain segment               blocks=1 txs=0 mgas=0.000 elapsed="840.5µs"   mgasps=0.000   number=1661 hash=2261db..70c7a0 dirty=1.37KiB
INFO [02-08|05:43:09.013] QBFT: initialize new round               address=0xDF8b560be949C229C821731554C33EAD5E3888A4 current.round=0 current.sequence=1661 target.round=0 lastProposal.number=1661 lastProposal.hash=2261db..70c7a0
INFO [02-08|05:43:14.013] Imported new chain segment               blocks=1 txs=0 mgas=0.000 elapsed=1.033ms     mgasps=0.000   number=1662 hash=02a8bb..e9cb30 dirty=1.37KiB
INFO [02-08|05:43:14.013] Commit new mining work                   number=1663 sealhash=c052a4..078698 uncles=0 txs=0 gas=0       fees=0 elapsed="203.5µs"
INFO [02-08|05:43:19.012] Imported new chain segment               blocks=1 txs=0 mgas=0.000 elapsed="809.458µs" mgasps=0.000   number=1663 hash=d3fba1..4a2581 dirty=1.37KiB
INFO [02-08|05:43:24.014] Imported new chain segment               blocks=1 txs=0 mgas=0.000 elapsed="655.083µs" mgasps=0.000   number=1664 hash=f499d6..54b7fd dirty=1.37KiB
INFO [02-08|05:43:24.014] Commit new mining work                   number=1665 sealhash=1b0604..5355c3 uncles=0 txs=0 gas=0       fees=0 elapsed="207.916µs"
INFO [02-08|05:43:29.010] Imported new chain segment               blocks=1 txs=0 mgas=0.000 elapsed="962.042µs" mgasps=0.000   number=1665 hash=1b8d21..beceda dirty=1.37KiB
INFO [02-08|05:43:34.014] QBFT: start new round                    address=0xDF8b560be949C229C821731554C33EAD5E3888A4 old.round=0  old.sequence=1666 old.state="Accept request" old.proposer=0x98C1334496614aED49d2E81526D089f7264fED9C next.round=0 next.seq=1667 next.proposer=0xcE412f988377e31F4d0fF12d74df73B51C42d0cA next.valSet="[0x27A97C9AaF04f18f3014c32e036dD0Ac76Da5f18 0x93917cADBace5dFCE132B991732c6Cda9bcC5B8a 0x98C1334496614aED49d2E81526D089f7264fED9C 0xcE412f988377e31F4d0fF12d74df73B51C42d0cA]" next.size=4 next.IsProposer=false
INFO [02-08|05:43:39.012] Imported new chain segment               blocks=1 txs=0 mgas=0.000 elapsed=1.361ms     mgasps=0.000   number=1667 hash=7c8763..238e03 dirty=1.37KiB
INFO [02-08|05:43:39.012] Commit new mining work                   number=1668 sealhash=8f3229..43311f uncles=0 txs=0 gas=0       fees=0 elapsed="275.625µs"
INFO [02-08|05:43:44.007] QBFT: start new round                    address=0xDF8b560be949C229C821731554C33EAD5E3888A4 old.round=0  old.sequence=1668 old.state="Accept request" old.proposer=0x27A97C9AaF04f18f3014c32e036dD0Ac76Da5f18 next.round=0 next.seq=1669 next.proposer=0x93917cADBace5dFCE132B991732c6Cda9bcC5B8a next.valSet="[0x27A97C9AaF04f18f3014c32e036dD0Ac76Da5f18 0x93917cADBace5dFCE132B991732c6Cda9bcC5B8a 0x98C1334496614aED49d2E81526D089f7264fED9C 0xcE412f988377e31F4d0fF12d74df73B51C42d0cA]" next.size=4 next.IsProposer=false
INFO [02-08|05:43:49.012] Imported new chain segment               blocks=1 txs=0 mgas=0.000 elapsed="833.75µs"  mgasps=0.000   number=1669 hash=e76774..ff545f dirty=1.37KiB
INFO [02-08|05:43:49.012] QBFT: initialize new round               address=0xDF8b560be949C229C821731554C33EAD5E3888A4 current.round=0 current.sequence=1669 target.round=0 lastProposal.number=1669 lastProposal.hash=e76774..ff545f
WARN [02-08|05:43:54.008] Block sealing failed                     err=unauthorized
INFO [02-08|05:43:59.006] Imported new chain segment               blocks=1 txs=0 mgas=0.000 elapsed="397.291µs" mgasps=0.000   number=1671 hash=1dd09b..7a3fbd dirty=1.37KiB
INFO [02-08|05:43:59.006] Commit new mining work                   number=1672 sealhash=eb2b9b..e5e127 uncles=0 txs=0 gas=0       fees=0 elapsed="125.709µs"
INFO [02-08|05:43:59.006] QBFT: handle final committed             address=0xDF8b560be949C229C821731554C33EAD5E3888A4 current.round=0 current.sequence=1671 state="Accept request"
INFO [02-08|05:44:04.015] Imported new chain segment               blocks=1 txs=0 mgas=0.000 elapsed="996.583µs" mgasps=0.000   number=1672 hash=0b4b96..5c1feb dirty=1.37KiB
INFO [02-08|05:44:09.010] QBFT: handle final committed             address=0xDF8b560be949C229C821731554C33EAD5E3888A4 current.round=0 current.sequence=1673 state="Accept request"
INFO [02-08|05:44:09.010] QBFT: initialize new round               address=0xDF8b560be949C229C821731554C33EAD5E3888A4 current.round=0 current.sequence=1673 target.round=0 lastProposal.number=1673 lastProposal.hash=14e145..ed7e43
INFO [02-08|05:44:14.013] Imported new chain segment               blocks=1 txs=0 mgas=0.000 elapsed="956.292µs" mgasps=0.000   number=1674 hash=f84d2a..bf3198 dirty=1.37KiB
INFO [02-08|05:44:14.013] QBFT: handle final committed             address=0xDF8b560be949C229C821731554C33EAD5E3888A4 current.round=0 current.sequence=1674 state="Accept request"
INFO [02-08|05:44:19.013] Imported new chain segment               blocks=1 txs=0 mgas=0.000 elapsed=1.310ms     mgasps=0.000   number=1675 hash=50ac25..8b69bd dirty=1.37KiB
INFO [02-08|05:44:24.010] Imported new chain segment               blocks=1 txs=0 mgas=0.000 elapsed="799.833µs" mgasps=0.000   number=1676 hash=efadcc..5f5e1c dirty=1.37KiB
INFO [02-08|05:44:24.011] QBFT: start new round                    address=0xDF8b560be949C229C821731554C33EAD5E3888A4 old.round=0  old.sequence=1676 old.state="Accept request" old.proposer=0x27A97C9AaF04f18f3014c32e036dD0Ac76Da5f18 next.round=0 next.seq=1677 next.proposer=0x93917cADBace5dFCE132B991732c6Cda9bcC5B8a next.valSet="[0x27A97C9AaF04f18f3014c32e036dD0Ac76Da5f18 0x93917cADBace5dFCE132B991732c6Cda9bcC5B8a 0x98C1334496614aED49d2E81526D089f7264fED9C 0xcE412f988377e31F4d0fF12d74df73B51C42d0cA]" next.size=4 next.IsProposer=false
INFO [02-08|05:44:34.013] Imported new chain segment               blocks=1 txs=0 mgas=0.000 elapsed=1.682ms     mgasps=0.000   number=1678 hash=f7436d..6e0c5b dirty=1.37KiB
INFO [02-08|05:44:39.007] Commit new mining work                   number=1680 sealhash=1d4163..bc4b92 uncles=0 txs=0 gas=0       fees=0 elapsed="81.875µs"
INFO [02-08|05:44:44.008] Imported new chain segment               blocks=1 txs=0 mgas=0.000 elapsed=1.101ms     mgasps=0.000   number=1680 hash=b02ced..4c51bd dirty=1.37KiB
INFO [02-08|05:44:44.008] QBFT: initialize new round               address=0xDF8b560be949C229C821731554C33EAD5E3888A4 current.round=0 current.sequence=1680 target.round=0 lastProposal.number=1680 lastProposal.hash=b02ced..4c51bd
INFO [02-08|05:44:46.474] Looking for peers                        peercount=4 tried=3 static=8
INFO [02-08|05:44:49.012] Imported new chain segment               blocks=1 txs=0 mgas=0.000 elapsed="876.167µs" mgasps=0.000   number=1681 hash=fa108b..29627a dirty=1.37KiB
INFO [02-08|05:44:49.013] QBFT: handle final committed             address=0xDF8b560be949C229C821731554C33EAD5E3888A4 current.round=0 current.sequence=1681 state="Accept request"
INFO [02-08|05:44:49.013] QBFT: initialize new round               address=0xDF8b560be949C229C821731554C33EAD5E3888A4 current.round=0 current.sequence=1681 target.round=0 lastProposal.number=1681 lastProposal.hash=fa108b..29627a
INFO [02-08|05:44:59.012] QBFT: handle final committed             address=0xDF8b560be949C229C821731554C33EAD5E3888A4 current.round=0 current.sequence=1683 state="Accept request"
INFO [02-08|05:44:59.012] QBFT: initialize new round               address=0xDF8b560be949C229C821731554C33EAD5E3888A4 current.round=0 current.sequence=1683 target.round=0 lastProposal.number=1683 lastProposal.hash=8cc3bb..3d4d4f
INFO [02-08|05:44:59.012] QBFT: start new round                    address=0xDF8b560be949C229C821731554C33EAD5E3888A4 old.round=0  old.sequence=1683 old.state="Accept request" old.proposer=0xcE412f988377e31F4d0fF12d74df73B51C42d0cA next.round=0 next.seq=1684 next.proposer=0x27A97C9AaF04f18f3014c32e036dD0Ac76Da5f18 next.valSet="[0x27A97C9AaF04f18f3014c32e036dD0Ac76Da5f18 0x93917cADBace5dFCE132B991732c6Cda9bcC5B8a 0x98C1334496614aED49d2E81526D089f7264fED9C 0xcE412f988377e31F4d0fF12d74df73B51C42d0cA]" next.size=4 next.IsProposer=false
INFO [02-08|05:45:04.015] Imported new chain segment               blocks=1 txs=0 mgas=0.000 elapsed="895.958µs" mgasps=0.000   number=1684 hash=da50cd..3c6d8b dirty=1.37KiB
INFO [02-08|05:45:04.016] Commit new mining work                   number=1685 sealhash=ac1f19..657b95 uncles=0 txs=0 gas=0       fees=0 elapsed="267.917µs"
INFO [02-08|05:45:04.016] QBFT: handle final committed             address=0xDF8b560be949C229C821731554C33EAD5E3888A4 current.round=0 current.sequence=1684 state="Accept request"
INFO [02-08|05:45:09.013] Imported new chain segment               blocks=1 txs=0 mgas=0.000 elapsed="981.541µs" mgasps=0.000   number=1685 hash=2e5d3d..115d3f dirty=1.37KiB
INFO [02-08|05:45:09.013] Commit new mining work                   number=1686 sealhash=c3aa0a..76a4a6 uncles=0 txs=0 gas=0       fees=0 elapsed="276.875µs"
INFO [02-08|05:45:19.015] Imported new chain segment               blocks=1 txs=0 mgas=0.000 elapsed="846.667µs" mgasps=0.000   number=1687 hash=19f1b5..5fe3be dirty=1.37KiB
INFO [02-08|05:45:19.015] QBFT: handle final committed             address=0xDF8b560be949C229C821731554C33EAD5E3888A4 current.round=0 current.sequence=1687 state="Accept request"
INFO [02-08|05:45:24.011] Imported new chain segment               blocks=1 txs=0 mgas=0.000 elapsed="790.5µs"   mgasps=0.000   number=1688 hash=eb8b8d..c5b547 dirty=1.37KiB
INFO [02-08|05:45:24.011] Commit new mining work                   number=1689 sealhash=7fb477..13cda9 uncles=0 txs=0 gas=0       fees=0 elapsed="275.75µs"
INFO [02-08|05:45:24.012] QBFT: start new round                    address=0xDF8b560be949C229C821731554C33EAD5E3888A4 old.round=0  old.sequence=1688 old.state="Accept request" old.proposer=0x27A97C9AaF04f18f3014c32e036dD0Ac76Da5f18 next.round=0 next.seq=1689 next.proposer=0x93917cADBace5dFCE132B991732c6Cda9bcC5B8a next.valSet="[0x27A97C9AaF04f18f3014c32e036dD0Ac76Da5f18 0x93917cADBace5dFCE132B991732c6Cda9bcC5B8a 0x98C1334496614aED49d2E81526D089f7264fED9C 0xcE412f988377e31F4d0fF12d74df73B51C42d0cA]" next.size=4 next.IsProposer=false
INFO [02-08|05:45:29.013] Imported new chain segment               blocks=1 txs=0 mgas=0.000 elapsed="834.834µs" mgasps=0.000   number=1689 hash=03c16e..83e62a dirty=1.37KiB
INFO [02-08|05:45:29.014] QBFT: handle final committed             address=0xDF8b560be949C229C821731554C33EAD5E3888A4 current.round=0 current.sequence=1689 state="Accept request"
INFO [02-08|05:45:29.014] QBFT: initialize new round               address=0xDF8b560be949C229C821731554C33EAD5E3888A4 current.round=0 current.sequence=1689 target.round=0 lastProposal.number=1689 lastProposal.hash=03c16e..83e62a
WARN [02-08|05:45:29.014] Block sealing failed                     err=unauthorized
INFO [02-08|05:45:34.013] Imported new chain segment               blocks=1 txs=0 mgas=0.000 elapsed="946.625µs" mgasps=0.000   number=1690 hash=6116b3..a6c6bd dirty=1.37KiB
INFO [02-08|05:45:39.010] Imported new chain segment               blocks=1 txs=0 mgas=0.000 elapsed=1.262ms     mgasps=0.000   number=1691 hash=e819f6..984710 dirty=1.37KiB
INFO [02-08|05:45:39.010] Commit new mining work                   number=1692 sealhash=82dc8e..221565 uncles=0 txs=0 gas=0       fees=0 elapsed="281.5µs"
WARN [02-08|05:45:39.010] Block sealing failed                     err=unauthorized
INFO [02-08|05:45:39.010] QBFT: handle final committed             address=0xDF8b560be949C229C821731554C33EAD5E3888A4 current.round=0 current.sequence=1691 state="Accept request"
INFO [02-08|05:45:39.010] QBFT: initialize new round               address=0xDF8b560be949C229C821731554C33EAD5E3888A4 current.round=0 current.sequence=1691 target.round=0 lastProposal.number=1691 lastProposal.hash=e819f6..984710
INFO [02-08|05:45:39.011] QBFT: start new round                    address=0xDF8b560be949C229C821731554C33EAD5E3888A4 old.round=0  old.sequence=1691 old.state="Accept request" old.proposer=0xcE412f988377e31F4d0fF12d74df73B51C42d0cA next.round=0 next.seq=1692 next.proposer=0x27A97C9AaF04f18f3014c32e036dD0Ac76Da5f18 next.valSet="[0x27A97C9AaF04f18f3014c32e036dD0Ac76Da5f18 0x93917cADBace5dFCE132B991732c6Cda9bcC5B8a 0x98C1334496614aED49d2E81526D089f7264fED9C 0xcE412f988377e31F4d0fF12d74df73B51C42d0cA]" next.size=4 next.IsProposer=false
INFO [02-08|05:45:44.009] Imported new chain segment               blocks=1 txs=0 mgas=0.000 elapsed="651.375µs" mgasps=0.000   number=1692 hash=f351f5..5b3c3a dirty=1.37KiB
INFO [02-08|05:45:49.004] QBFT: handle final committed             address=0xDF8b560be949C229C821731554C33EAD5E3888A4 current.round=0 current.sequence=1693 state="Accept request"
INFO [02-08|05:45:49.004] QBFT: initialize new round               address=0xDF8b560be949C229C821731554C33EAD5E3888A4 current.round=0 current.sequence=1693 target.round=0 lastProposal.number=1693 lastProposal.hash=7fb8b2..6d74b3
INFO [02-08|05:45:54.010] Imported new chain segment               blocks=1 txs=0 mgas=0.000 elapsed="861.708µs" mgasps=0.000   number=1694 hash=7ef5c8..8e86b5 dirty=1.37KiB
INFO [02-08|05:45:54.010] QBFT: handle final committed             address=0xDF8b560be949C229C821731554C33EAD5E3888A4 current.round=0 current.sequence=1694 state="Accept request"
INFO [02-08|05:45:56.477] Looking for peers                        peercount=4 tried=3 static=8
INFO [02-08|05:45:59.007] Imported new chain segment               blocks=1 txs=0 mgas=0.000 elapsed="663.958µs" mgasps=0.000   number=1695 hash=1e98e0..0a2108 dirty=1.37KiB
INFO [02-08|05:46:04.016] Commit new mining work                   number=1697 sealhash=954450..fb3da8 uncles=0 txs=0 gas=0       fees=0 elapsed="200.084µs"
INFO [02-08|05:46:09.009] Imported new chain segment               blocks=1 txs=0 mgas=0.000 elapsed="872.209µs" mgasps=0.000   number=1697 hash=67f926..6d8db9 dirty=1.37KiB
INFO [02-08|05:46:09.010] Commit new mining work                   number=1698 sealhash=0476af..fb5bd7 uncles=0 txs=0 gas=0       fees=0 elapsed="238.167µs"
INFO [02-08|05:46:14.013] Imported new chain segment               blocks=1 txs=0 mgas=0.000 elapsed="880µs"     mgasps=0.000   number=1698 hash=6a3ad2..33540e dirty=1.37KiB
INFO [02-08|05:46:14.013] QBFT: handle final committed             address=0xDF8b560be949C229C821731554C33EAD5E3888A4 current.round=0 current.sequence=1698 state="Accept request"
INFO [02-08|05:46:19.013] Imported new chain segment               blocks=1 txs=0 mgas=0.000 elapsed=1.175ms     mgasps=0.000   number=1699 hash=28bc91..ebf492 dirty=1.37KiB
INFO [02-08|05:46:19.013] Commit new mining work                   number=1700 sealhash=c9cec3..ded9be uncles=0 txs=0 gas=0       fees=0 elapsed="238.709µs"
INFO [02-08|05:46:19.013] QBFT: start new round                    address=0xDF8b560be949C229C821731554C33EAD5E3888A4 old.round=0  old.sequence=1699 old.state="Accept request" old.proposer=0xcE412f988377e31F4d0fF12d74df73B51C42d0cA next.round=0 next.seq=1700 next.proposer=0x27A97C9AaF04f18f3014c32e036dD0Ac76Da5f18 next.valSet="[0x27A97C9AaF04f18f3014c32e036dD0Ac76Da5f18 0x93917cADBace5dFCE132B991732c6Cda9bcC5B8a 0x98C1334496614aED49d2E81526D089f7264fED9C 0xcE412f988377e31F4d0fF12d74df73B51C42d0cA]" next.size=4 next.IsProposer=false
INFO [02-08|05:46:24.010] Imported new chain segment               blocks=1 txs=0 mgas=0.000 elapsed="820.625µs" mgasps=0.000   number=1700 hash=b13118..4ec9ff dirty=1.37KiB
INFO [02-08|05:46:24.011] QBFT: start new round                    address=0xDF8b560be949C229C821731554C33EAD5E3888A4 old.round=0  old.sequence=1700 old.state="Accept request" old.proposer=0x27A97C9AaF04f18f3014c32e036dD0Ac76Da5f18 next.round=0 next.seq=1701 next.proposer=0x93917cADBace5dFCE132B991732c6Cda9bcC5B8a next.valSet="[0x27A97C9AaF04f18f3014c32e036dD0Ac76Da5f18 0x93917cADBace5dFCE132B991732c6Cda9bcC5B8a 0x98C1334496614aED49d2E81526D089f7264fED9C 0xcE412f988377e31F4d0fF12d74df73B51C42d0cA]" next.size=4 next.IsProposer=false
INFO [02-08|05:46:29.016] Imported new chain segment               blocks=1 txs=0 mgas=0.000 elapsed="833.583µs" mgasps=0.000   number=1701 hash=ca50b6..f2624b dirty=1.37KiB
INFO [02-08|05:46:31.481] Looking for peers                        peercount=4 tried=3 static=8
INFO [02-08|05:46:34.011] Imported new chain segment               blocks=1 txs=0 mgas=0.000 elapsed="866.666µs" mgasps=0.000   number=1702 hash=4ff892..d93df7 dirty=1.37KiB
INFO [02-08|05:46:39.013] Imported new chain segment               blocks=1 txs=0 mgas=0.000 elapsed="752.291µs" mgasps=0.000   number=1703 hash=b651ed..e2d2a8 dirty=1.37KiB
INFO [02-08|05:46:39.014] QBFT: handle final committed             address=0xDF8b560be949C229C821731554C33EAD5E3888A4 current.round=0 current.sequence=1703 state="Accept request"
INFO [02-08|05:46:49.014] Imported new chain segment               blocks=1 txs=0 mgas=0.000 elapsed=1.053ms     mgasps=0.000   number=1705 hash=17a092..92a93f dirty=1.37KiB
INFO [02-08|05:46:49.014] QBFT: handle final committed             address=0xDF8b560be949C229C821731554C33EAD5E3888A4 current.round=0 current.sequence=1705 state="Accept request"
INFO [02-08|05:46:49.014] QBFT: initialize new round               address=0xDF8b560be949C229C821731554C33EAD5E3888A4 current.round=0 current.sequence=1705 target.round=0 lastProposal.number=1705 lastProposal.hash=17a092..92a93f
INFO [02-08|05:46:49.014] Commit new mining work                   number=1706 sealhash=774e30..4a92d0 uncles=0 txs=0 gas=0       fees=0 elapsed="269.5µs"
INFO [02-08|05:46:49.014] QBFT: start new round                    address=0xDF8b560be949C229C821731554C33EAD5E3888A4 old.round=0  old.sequence=1705 old.state="Accept request" old.proposer=0x93917cADBace5dFCE132B991732c6Cda9bcC5B8a next.round=0 next.seq=1706 next.proposer=0x98C1334496614aED49d2E81526D089f7264fED9C next.valSet="[0x27A97C9AaF04f18f3014c32e036dD0Ac76Da5f18 0x93917cADBace5dFCE132B991732c6Cda9bcC5B8a 0x98C1334496614aED49d2E81526D089f7264fED9C 0xcE412f988377e31F4d0fF12d74df73B51C42d0cA]" next.size=4 next.IsProposer=false
INFO [02-08|05:46:54.014] Imported new chain segment               blocks=1 txs=0 mgas=0.000 elapsed="953.75µs"  mgasps=0.000   number=1706 hash=c45071..7bc085 dirty=1.37KiB
INFO [02-08|05:46:59.007] QBFT: handle final committed             address=0xDF8b560be949C229C821731554C33EAD5E3888A4 current.round=0 current.sequence=1707 state="Accept request"
INFO [02-08|05:47:04.014] Imported new chain segment               blocks=1 txs=0 mgas=0.000 elapsed="759.459µs" mgasps=0.000   number=1708 hash=23552d..82253f dirty=1.37KiB
INFO [02-08|05:47:04.015] Commit new mining work                   number=1709 sealhash=f7896b..06ac17 uncles=0 txs=0 gas=0       fees=0 elapsed="187.792µs"
INFO [02-08|05:47:09.010] Imported new chain segment               blocks=1 txs=0 mgas=0.000 elapsed=1.032ms     mgasps=0.000   number=1709 hash=55e629..951de9 dirty=1.37KiB
INFO [02-08|05:47:19.019] Imported new chain segment               blocks=1 txs=0 mgas=0.000 elapsed=1.248ms     mgasps=0.000   number=1711 hash=c08977..ed2e17 dirty=1.37KiB
INFO [02-08|05:47:19.019] Commit new mining work                   number=1712 sealhash=04d3b0..14cf70 uncles=0 txs=0 gas=0       fees=0 elapsed="472.375µs"
INFO [02-08|05:47:29.011] Imported new chain segment               blocks=1 txs=0 mgas=0.000 elapsed=1.048ms     mgasps=0.000   number=1713 hash=a96dcb..4e9e0f dirty=1.37KiB
WARN [02-08|05:47:29.012] Block sealing failed                     err=unauthorized
INFO [02-08|05:47:29.012] QBFT: handle final committed             address=0xDF8b560be949C229C821731554C33EAD5E3888A4 current.round=0 current.sequence=1713 state="Accept request"
INFO [02-08|05:47:34.014] Imported new chain segment               blocks=1 txs=0 mgas=0.000 elapsed=1.682ms     mgasps=0.000   number=1714 hash=3bb925..0fff91 dirty=1.37KiB
INFO [02-08|05:47:34.015] Commit new mining work                   number=1715 sealhash=57fe92..2cf23c uncles=0 txs=0 gas=0       fees=0 elapsed="358.334µs"
INFO [02-08|05:47:39.012] Imported new chain segment               blocks=1 txs=0 mgas=0.000 elapsed="854.875µs" mgasps=0.000   number=1715 hash=7c019b..41ed99 dirty=1.37KiB
INFO [02-08|05:47:39.013] QBFT: handle final committed             address=0xDF8b560be949C229C821731554C33EAD5E3888A4 current.round=0 current.sequence=1715 state="Accept request"
INFO [02-08|05:47:41.482] Looking for peers                        peercount=4 tried=3 static=8
WARN [02-08|05:47:44.013] Block sealing failed                     err=unauthorized
INFO [02-08|05:47:49.007] Imported new chain segment               blocks=1 txs=0 mgas=0.000 elapsed="269.584µs" mgasps=0.000   number=1717 hash=707cfc..5f7d6b dirty=1.37KiB
WARN [02-08|05:47:49.008] Block sealing failed                     err=unauthorized
INFO [02-08|05:47:54.016] Imported new chain segment               blocks=1 txs=0 mgas=0.000 elapsed="910.125µs" mgasps=0.000   number=1718 hash=f0b895..4332a9 dirty=1.37KiB
WARN [02-08|05:47:54.017] Block sealing failed                     err=unauthorized
INFO [02-08|05:47:59.008] Imported new chain segment               blocks=1 txs=0 mgas=0.000 elapsed="589.625µs" mgasps=0.000   number=1719 hash=d71396..29a680 dirty=1.37KiB
INFO [02-08|05:47:59.008] Commit new mining work                   number=1720 sealhash=8b0b40..ed65cd uncles=0 txs=0 gas=0       fees=0 elapsed="124.958µs"
INFO [02-08|05:47:59.008] QBFT: start new round                    address=0xDF8b560be949C229C821731554C33EAD5E3888A4 old.round=0  old.sequence=1719 old.state="Accept request" old.proposer=0xcE412f988377e31F4d0fF12d74df73B51C42d0cA next.round=0 next.seq=1720 next.proposer=0x27A97C9AaF04f18f3014c32e036dD0Ac76Da5f18 next.valSet="[0x27A97C9AaF04f18f3014c32e036dD0Ac76Da5f18 0x93917cADBace5dFCE132B991732c6Cda9bcC5B8a 0x98C1334496614aED49d2E81526D089f7264fED9C 0xcE412f988377e31F4d0fF12d74df73B51C42d0cA]" next.size=4 next.IsProposer=false
INFO [02-08|05:48:04.012] Commit new mining work                   number=1721 sealhash=6da03b..cc1191 uncles=0 txs=0 gas=0       fees=0 elapsed="348.458µs"
INFO [02-08|05:48:09.014] Imported new chain segment               blocks=1 txs=0 mgas=0.000 elapsed="923.542µs" mgasps=0.000   number=1721 hash=38bfde..433118 dirty=1.37KiB
INFO [02-08|05:48:09.015] QBFT: handle final committed             address=0xDF8b560be949C229C821731554C33EAD5E3888A4 current.round=0 current.sequence=1721 state="Accept request"
INFO [02-08|05:48:09.015] QBFT: initialize new round               address=0xDF8b560be949C229C821731554C33EAD5E3888A4 current.round=0 current.sequence=1721 target.round=0 lastProposal.number=1721 lastProposal.hash=38bfde..433118
INFO [02-08|05:48:14.010] Imported new chain segment               blocks=1 txs=0 mgas=0.000 elapsed="873.042µs" mgasps=0.000   number=1722 hash=b1d35b..e8eae3 dirty=1.37KiB
INFO [02-08|05:48:14.011] QBFT: start new round                    address=0xDF8b560be949C229C821731554C33EAD5E3888A4 old.round=0  old.sequence=1722 old.state="Accept request" old.proposer=0x98C1334496614aED49d2E81526D089f7264fED9C next.round=0 next.seq=1723 next.proposer=0xcE412f988377e31F4d0fF12d74df73B51C42d0cA next.valSet="[0x27A97C9AaF04f18f3014c32e036dD0Ac76Da5f18 0x93917cADBace5dFCE132B991732c6Cda9bcC5B8a 0x98C1334496614aED49d2E81526D089f7264fED9C 0xcE412f988377e31F4d0fF12d74df73B51C42d0cA]" next.size=4 next.IsProposer=false
INFO [02-08|05:48:19.011] Imported new chain segment               blocks=1 txs=0 mgas=0.000 elapsed="806.084µs" mgasps=0.000   number=1723 hash=d11881..f04fda dirty=1.37KiB
INFO [02-08|05:48:24.012] Imported new chain segment               blocks=1 txs=0 mgas=0.000 elapsed="859.25µs"  mgasps=0.000   number=1724 hash=b17ac2..d871a4 dirty=1.37KiB
INFO [02-08|05:48:24.012] Commit new mining work                   number=1725 sealhash=0d549d..941b75 uncles=0 txs=0 gas=0       fees=0 elapsed="273.208µs"
INFO [02-08|05:48:24.012] QBFT: handle final committed             address=0xDF8b560be949C229C821731554C33EAD5E3888A4 current.round=0 current.sequence=1724 state="Accept request"
INFO [02-08|05:48:24.012] QBFT: initialize new round               address=0xDF8b560be949C229C821731554C33EAD5E3888A4 current.round=0 current.sequence=1724 target.round=0 lastProposal.number=1724 lastProposal.hash=b17ac2..d871a4
WARN [02-08|05:48:24.012] Block sealing failed                     err=unauthorized
INFO [02-08|05:48:24.012] QBFT: start new round                    address=0xDF8b560be949C229C821731554C33EAD5E3888A4 old.round=0  old.sequence=1724 old.state="Accept request" old.proposer=0x27A97C9AaF04f18f3014c32e036dD0Ac76Da5f18 next.round=0 next.seq=1725 next.proposer=0x93917cADBace5dFCE132B991732c6Cda9bcC5B8a next.valSet="[0x27A97C9AaF04f18f3014c32e036dD0Ac76Da5f18 0x93917cADBace5dFCE132B991732c6Cda9bcC5B8a 0x98C1334496614aED49d2E81526D089f7264fED9C 0xcE412f988377e31F4d0fF12d74df73B51C42d0cA]" next.size=4 next.IsProposer=false
INFO [02-08|05:48:29.017] Imported new chain segment               blocks=1 txs=0 mgas=0.000 elapsed="942.625µs" mgasps=0.000   number=1725 hash=cec4c3..26c275 dirty=1.37KiB
WARN [02-08|05:48:29.017] Block sealing failed                     err=unauthorized
INFO [02-08|05:48:34.010] Imported new chain segment               blocks=1 txs=0 mgas=0.000 elapsed="838.5µs"   mgasps=0.000   number=1726 hash=32ebfc..c0cbd2 dirty=1.37KiB
INFO [02-08|05:48:39.013] Imported new chain segment               blocks=1 txs=0 mgas=0.000 elapsed="830.625µs" mgasps=0.000   number=1727 hash=db188a..655432 dirty=1.37KiB
INFO [02-08|05:48:39.014] Commit new mining work                   number=1728 sealhash=12f9ad..42a333 uncles=0 txs=0 gas=0       fees=0 elapsed="245.417µs"
INFO [02-08|05:48:39.014] QBFT: start new round                    address=0xDF8b560be949C229C821731554C33EAD5E3888A4 old.round=0  old.sequence=1727 old.state="Accept request" old.proposer=0xcE412f988377e31F4d0fF12d74df73B51C42d0cA next.round=0 next.seq=1728 next.proposer=0x27A97C9AaF04f18f3014c32e036dD0Ac76Da5f18 next.valSet="[0x27A97C9AaF04f18f3014c32e036dD0Ac76Da5f18 0x93917cADBace5dFCE132B991732c6Cda9bcC5B8a 0x98C1334496614aED49d2E81526D089f7264fED9C 0xcE412f988377e31F4d0fF12d74df73B51C42d0cA]" next.size=4 next.IsProposer=false
INFO [02-08|05:48:44.015] Imported new chain segment               blocks=1 txs=0 mgas=0.000 elapsed="746.458µs" mgasps=0.000   number=1728 hash=24c214..a44ae1 dirty=1.37KiB
INFO [02-08|05:48:44.015] QBFT: handle final committed             address=0xDF8b560be949C229C821731554C33EAD5E3888A4 current.round=0 current.sequence=1728 state="Accept request"
INFO [02-08|05:48:44.015] QBFT: initialize new round               address=0xDF8b560be949C229C821731554C33EAD5E3888A4 current.round=0 current.sequence=1728 target.round=0 lastProposal.number=1728 lastProposal.hash=24c214..a44ae1
INFO [02-08|05:48:49.010] Imported new chain segment               blocks=1 txs=0 mgas=0.000 elapsed="837.292µs" mgasps=0.000   number=1729 hash=10e07d..db8913 dirty=1.37KiB
INFO [02-08|05:48:49.010] Commit new mining work                   number=1730 sealhash=aed10a..043a14 uncles=0 txs=0 gas=0       fees=0 elapsed="203.833µs"
INFO [02-08|05:48:49.011] QBFT: handle final committed             address=0xDF8b560be949C229C821731554C33EAD5E3888A4 current.round=0 current.sequence=1729 state="Accept request"
INFO [02-08|05:48:49.011] QBFT: start new round                    address=0xDF8b560be949C229C821731554C33EAD5E3888A4 old.round=0  old.sequence=1729 old.state="Accept request" old.proposer=0x93917cADBace5dFCE132B991732c6Cda9bcC5B8a next.round=0 next.seq=1730 next.proposer=0x98C1334496614aED49d2E81526D089f7264fED9C next.valSet="[0x27A97C9AaF04f18f3014c32e036dD0Ac76Da5f18 0x93917cADBace5dFCE132B991732c6Cda9bcC5B8a 0x98C1334496614aED49d2E81526D089f7264fED9C 0xcE412f988377e31F4d0fF12d74df73B51C42d0cA]" next.size=4 next.IsProposer=false
INFO [02-08|05:48:51.488] Looking for peers                        peercount=4 tried=3 static=8
INFO [02-08|05:48:54.015] Imported new chain segment               blocks=1 txs=0 mgas=0.000 elapsed="915.459µs" mgasps=0.000   number=1730 hash=827708..276d69 dirty=1.37KiB
INFO [02-08|05:48:54.016] Commit new mining work                   number=1731 sealhash=11e755..fa4124 uncles=0 txs=0 gas=0       fees=0 elapsed="249.417µs"
WARN [02-08|05:48:54.016] Block sealing failed                     err=unauthorized
INFO [02-08|05:48:54.016] QBFT: handle final committed             address=0xDF8b560be949C229C821731554C33EAD5E3888A4 current.round=0 current.sequence=1730 state="Accept request"
INFO [02-08|05:48:54.016] QBFT: initialize new round               address=0xDF8b560be949C229C821731554C33EAD5E3888A4 current.round=0 current.sequence=1730 target.round=0 lastProposal.number=1730 lastProposal.hash=827708..276d69
INFO [02-08|05:48:54.016] QBFT: start new round                    address=0xDF8b560be949C229C821731554C33EAD5E3888A4 old.round=0  old.sequence=1730 old.state="Accept request" old.proposer=0x98C1334496614aED49d2E81526D089f7264fED9C next.round=0 next.seq=1731 next.proposer=0xcE412f988377e31F4d0fF12d74df73B51C42d0cA next.valSet="[0x27A97C9AaF04f18f3014c32e036dD0Ac76Da5f18 0x93917cADBace5dFCE132B991732c6Cda9bcC5B8a 0x98C1334496614aED49d2E81526D089f7264fED9C 0xcE412f988377e31F4d0fF12d74df73B51C42d0cA]" next.size=4 next.IsProposer=false
INFO [02-08|05:48:59.009] Imported new chain segment               blocks=1 txs=0 mgas=0.000 elapsed="523.5µs"   mgasps=0.000   number=1731 hash=c4fcef..7c7052 dirty=1.37KiB
INFO [02-08|05:48:59.009] QBFT: start new round                    address=0xDF8b560be949C229C821731554C33EAD5E3888A4 old.round=0  old.sequence=1731 old.state="Accept request" old.proposer=0xcE412f988377e31F4d0fF12d74df73B51C42d0cA next.round=0 next.seq=1732 next.proposer=0x27A97C9AaF04f18f3014c32e036dD0Ac76Da5f18 next.valSet="[0x27A97C9AaF04f18f3014c32e036dD0Ac76Da5f18 0x93917cADBace5dFCE132B991732c6Cda9bcC5B8a 0x98C1334496614aED49d2E81526D089f7264fED9C 0xcE412f988377e31F4d0fF12d74df73B51C42d0cA]" next.size=4 next.IsProposer=false
INFO [02-08|05:48:59.009] Commit new mining work                   number=1732 sealhash=3bee6f..8c9b4b uncles=0 txs=0 gas=0       fees=0 elapsed="141.042µs"
WARN [02-08|05:48:59.009] Block sealing failed                     err=unauthorized
INFO [02-08|05:49:04.011] Imported new chain segment               blocks=1 txs=0 mgas=0.000 elapsed="693.833µs" mgasps=0.000   number=1732 hash=1b5dfe..ea72c4 dirty=1.37KiB
INFO [02-08|05:49:09.010] Commit new mining work                   number=1734 sealhash=b70d1e..8a8d79 uncles=0 txs=0 gas=0       fees=0 elapsed="233.291µs"
INFO [02-08|05:49:09.010] QBFT: handle final committed             address=0xDF8b560be949C229C821731554C33EAD5E3888A4 current.round=0 current.sequence=1733 state="Accept request"
WARN [02-08|05:49:09.010] Block sealing failed                     err=unauthorized
INFO [02-08|05:49:14.013] Imported new chain segment               blocks=1 txs=0 mgas=0.000 elapsed=1.646ms     mgasps=0.000   number=1734 hash=13ade0..941d2c dirty=1.37KiB
INFO [02-08|05:49:14.013] Commit new mining work                   number=1735 sealhash=af4a63..948a33 uncles=0 txs=0 gas=0       fees=0 elapsed="264.708µs"
WARN [02-08|05:49:14.013] Block sealing failed                     err=unauthorized
INFO [02-08|05:49:14.013] QBFT: handle final committed             address=0xDF8b560be949C229C821731554C33EAD5E3888A4 current.round=0 current.sequence=1734 state="Accept request"
INFO [02-08|05:49:19.008] Imported new chain segment               blocks=1 txs=0 mgas=0.000 elapsed=1.300ms     mgasps=0.000   number=1735 hash=64b67a..8a4dae dirty=1.37KiB
INFO [02-08|05:49:19.009] Commit new mining work                   number=1736 sealhash=b2f314..49bb8e uncles=0 txs=0 gas=0       fees=0 elapsed="127.875µs"
INFO [02-08|05:49:19.009] QBFT: handle final committed             address=0xDF8b560be949C229C821731554C33EAD5E3888A4 current.round=0 current.sequence=1735 state="Accept request"
INFO [02-08|05:49:24.011] Imported new chain segment               blocks=1 txs=0 mgas=0.000 elapsed="910.75µs"  mgasps=0.000   number=1736 hash=c6e84f..f4f2c1 dirty=1.37KiB
INFO [02-08|05:49:29.010] Imported new chain segment               blocks=1 txs=0 mgas=0.000 elapsed=1.187ms     mgasps=0.000   number=1737 hash=0ec7d0..799600 dirty=1.37KiB
INFO [02-08|05:49:29.010] Commit new mining work                   number=1738 sealhash=10025a..be000e uncles=0 txs=0 gas=0       fees=0 elapsed="227.083µs"
INFO [02-08|05:49:29.010] QBFT: start new round                    address=0xDF8b560be949C229C821731554C33EAD5E3888A4 old.round=0  old.sequence=1737 old.state="Accept request" old.proposer=0x93917cADBace5dFCE132B991732c6Cda9bcC5B8a next.round=0 next.seq=1738 next.proposer=0x98C1334496614aED49d2E81526D089f7264fED9C next.valSet="[0x27A97C9AaF04f18f3014c32e036dD0Ac76Da5f18 0x93917cADBace5dFCE132B991732c6Cda9bcC5B8a 0x98C1334496614aED49d2E81526D089f7264fED9C 0xcE412f988377e31F4d0fF12d74df73B51C42d0cA]" next.size=4 next.IsProposer=false
INFO [02-08|05:49:34.017] Imported new chain segment               blocks=1 txs=0 mgas=0.000 elapsed=1.538ms     mgasps=0.000   number=1738 hash=439d0f..dcab95 dirty=1.37KiB
INFO [02-08|05:49:34.018] QBFT: handle final committed             address=0xDF8b560be949C229C821731554C33EAD5E3888A4 current.round=0 current.sequence=1738 state="Accept request"
WARN [02-08|05:49:34.018] Block sealing failed                     err=unauthorized
INFO [02-08|05:49:39.013] QBFT: initialize new round               address=0xDF8b560be949C229C821731554C33EAD5E3888A4 current.round=0 current.sequence=1739 target.round=0 lastProposal.number=1739 lastProposal.hash=addb6d..619925
INFO [02-08|05:49:44.010] Imported new chain segment               blocks=1 txs=0 mgas=0.000 elapsed=1.083ms     mgasps=0.000   number=1740 hash=c8fd91..cb6bf7 dirty=1.37KiB
INFO [02-08|05:49:44.011] QBFT: start new round                    address=0xDF8b560be949C229C821731554C33EAD5E3888A4 old.round=0  old.sequence=1740 old.state="Accept request" old.proposer=0x27A97C9AaF04f18f3014c32e036dD0Ac76Da5f18 next.round=0 next.seq=1741 next.proposer=0x93917cADBace5dFCE132B991732c6Cda9bcC5B8a next.valSet="[0x27A97C9AaF04f18f3014c32e036dD0Ac76Da5f18 0x93917cADBace5dFCE132B991732c6Cda9bcC5B8a 0x98C1334496614aED49d2E81526D089f7264fED9C 0xcE412f988377e31F4d0fF12d74df73B51C42d0cA]" next.size=4 next.IsProposer=false
INFO [02-08|05:49:49.014] QBFT: handle final committed             address=0xDF8b560be949C229C821731554C33EAD5E3888A4 current.round=0 current.sequence=1741 state="Accept request"
INFO [02-08|05:49:49.014] QBFT: initialize new round               address=0xDF8b560be949C229C821731554C33EAD5E3888A4 current.round=0 current.sequence=1741 target.round=0 lastProposal.number=1741 lastProposal.hash=078bae..fb9f89
INFO [02-08|05:49:49.014] Commit new mining work                   number=1742 sealhash=161604..99ba78 uncles=0 txs=0 gas=0       fees=0 elapsed="275.625µs"
INFO [02-08|05:49:49.014] QBFT: start new round                    address=0xDF8b560be949C229C821731554C33EAD5E3888A4 old.round=0  old.sequence=1741 old.state="Accept request" old.proposer=0x93917cADBace5dFCE132B991732c6Cda9bcC5B8a next.round=0 next.seq=1742 next.proposer=0x98C1334496614aED49d2E81526D089f7264fED9C next.valSet="[0x27A97C9AaF04f18f3014c32e036dD0Ac76Da5f18 0x93917cADBace5dFCE132B991732c6Cda9bcC5B8a 0x98C1334496614aED49d2E81526D089f7264fED9C 0xcE412f988377e31F4d0fF12d74df73B51C42d0cA]" next.size=4 next.IsProposer=false
WARN [02-08|05:49:49.014] Block sealing failed                     err=unauthorized
INFO [02-08|05:49:54.014] Imported new chain segment               blocks=1 txs=0 mgas=0.000 elapsed="819.292µs" mgasps=0.000   number=1742 hash=361066..943164 dirty=1.37KiB
INFO [02-08|05:49:54.014] QBFT: handle final committed             address=0xDF8b560be949C229C821731554C33EAD5E3888A4 current.round=0 current.sequence=1742 state="Accept request"
INFO [02-08|05:49:54.014] QBFT: initialize new round               address=0xDF8b560be949C229C821731554C33EAD5E3888A4 current.round=0 current.sequence=1742 target.round=0 lastProposal.number=1742 lastProposal.hash=361066..943164
WARN [02-08|05:49:54.015] Block sealing failed                     err=unauthorized
INFO [02-08|05:49:59.013] QBFT: start new round                    address=0xDF8b560be949C229C821731554C33EAD5E3888A4 old.round=0  old.sequence=1743 old.state="Accept request" old.proposer=0xcE412f988377e31F4d0fF12d74df73B51C42d0cA next.round=0 next.seq=1744 next.proposer=0x27A97C9AaF04f18f3014c32e036dD0Ac76Da5f18 next.valSet="[0x27A97C9AaF04f18f3014c32e036dD0Ac76Da5f18 0x93917cADBace5dFCE132B991732c6Cda9bcC5B8a 0x98C1334496614aED49d2E81526D089f7264fED9C 0xcE412f988377e31F4d0fF12d74df73B51C42d0cA]" next.size=4 next.IsProposer=false
WARN [02-08|05:49:59.013] Block sealing failed                     err=unauthorized
INFO [02-08|05:50:01.496] Looking for peers                        peercount=4 tried=3 static=8
INFO [02-08|05:50:04.012] Imported new chain segment               blocks=1 txs=0 mgas=0.000 elapsed="936.625µs" mgasps=0.000   number=1744 hash=ae63b1..399601 dirty=1.37KiB
INFO [02-08|05:50:09.017] QBFT: handle final committed             address=0xDF8b560be949C229C821731554C33EAD5E3888A4 current.round=0 current.sequence=1745 state="Accept request"
INFO [02-08|05:50:14.006] Imported new chain segment               blocks=1 txs=0 mgas=0.000 elapsed="508.833µs" mgasps=0.000   number=1746 hash=d6e9dc..00f284 dirty=1.37KiB
INFO [02-08|05:50:19.012] Imported new chain segment               blocks=1 txs=0 mgas=0.000 elapsed="947.833µs" mgasps=0.000   number=1747 hash=cf32bb..028edc dirty=1.37KiB
INFO [02-08|05:50:19.013] QBFT: handle final committed             address=0xDF8b560be949C229C821731554C33EAD5E3888A4 current.round=0 current.sequence=1747 state="Accept request"
INFO [02-08|05:50:19.013] QBFT: initialize new round               address=0xDF8b560be949C229C821731554C33EAD5E3888A4 current.round=0 current.sequence=1747 target.round=0 lastProposal.number=1747 lastProposal.hash=cf32bb..028edc
INFO [02-08|05:50:24.011] Imported new chain segment               blocks=1 txs=0 mgas=0.000 elapsed="940.875µs" mgasps=0.000   number=1748 hash=324326..b05b34 dirty=1.37KiB
INFO [02-08|05:50:29.012] Imported new chain segment               blocks=1 txs=0 mgas=0.000 elapsed=1.683ms     mgasps=0.000   number=1749 hash=2ab975..bc0fba dirty=1.37KiB
INFO [02-08|05:50:34.012] Imported new chain segment               blocks=1 txs=0 mgas=0.000 elapsed="832.25µs"  mgasps=0.000   number=1750 hash=f1d9be..42f115 dirty=1.37KiB
INFO [02-08|05:50:34.013] Commit new mining work                   number=1751 sealhash=12c9b7..21b11c uncles=0 txs=0 gas=0       fees=0 elapsed="329.792µs"
INFO [02-08|05:50:34.013] QBFT: start new round                    address=0xDF8b560be949C229C821731554C33EAD5E3888A4 old.round=0  old.sequence=1750 old.state="Accept request" old.proposer=0x98C1334496614aED49d2E81526D089f7264fED9C next.round=0 next.seq=1751 next.proposer=0xcE412f988377e31F4d0fF12d74df73B51C42d0cA next.valSet="[0x27A97C9AaF04f18f3014c32e036dD0Ac76Da5f18 0x93917cADBace5dFCE132B991732c6Cda9bcC5B8a 0x98C1334496614aED49d2E81526D089f7264fED9C 0xcE412f988377e31F4d0fF12d74df73B51C42d0cA]" next.size=4 next.IsProposer=false
INFO [02-08|05:50:39.012] Imported new chain segment               blocks=1 txs=0 mgas=0.000 elapsed=1.004ms     mgasps=0.000   number=1751 hash=00c374..773afe dirty=1.37KiB
INFO [02-08|05:50:44.014] Imported new chain segment               blocks=1 txs=0 mgas=0.000 elapsed=1.332ms     mgasps=0.000   number=1752 hash=3d340e..f87cf3 dirty=1.37KiB
INFO [02-08|05:50:44.015] QBFT: initialize new round               address=0xDF8b560be949C229C821731554C33EAD5E3888A4 current.round=0 current.sequence=1752 target.round=0 lastProposal.number=1752 lastProposal.hash=3d340e..f87cf3
INFO [02-08|05:50:49.013] QBFT: handle final committed             address=0xDF8b560be949C229C821731554C33EAD5E3888A4 current.round=0 current.sequence=1753 state="Accept request"
INFO [02-08|05:50:54.011] Imported new chain segment               blocks=1 txs=0 mgas=0.000 elapsed="822.25µs"  mgasps=0.000   number=1754 hash=cba1dd..913555 dirty=1.37KiB
INFO [02-08|05:50:59.009] Imported new chain segment               blocks=1 txs=0 mgas=0.000 elapsed="690.584µs" mgasps=0.000   number=1755 hash=d7e010..77144e dirty=1.37KiB
INFO [02-08|05:50:59.009] Commit new mining work                   number=1756 sealhash=989c28..9366dd uncles=0 txs=0 gas=0       fees=0 elapsed="148.125µs"
INFO [02-08|05:50:59.009] QBFT: handle final committed             address=0xDF8b560be949C229C821731554C33EAD5E3888A4 current.round=0 current.sequence=1755 state="Accept request"
INFO [02-08|05:51:04.014] Imported new chain segment               blocks=1 txs=0 mgas=0.000 elapsed=1.033ms     mgasps=0.000   number=1756 hash=35528f..a93b71 dirty=1.37KiB
INFO [02-08|05:51:04.014] QBFT: initialize new round               address=0xDF8b560be949C229C821731554C33EAD5E3888A4 current.round=0 current.sequence=1756 target.round=0 lastProposal.number=1756 lastProposal.hash=35528f..a93b71
INFO [02-08|05:51:14.019] Imported new chain segment               blocks=1 txs=0 mgas=0.000 elapsed=1.053ms     mgasps=0.000   number=1758 hash=344ab4..e69a51 dirty=1.37KiB
INFO [02-08|05:51:19.015] Imported new chain segment               blocks=1 txs=0 mgas=0.000 elapsed="704.625µs" mgasps=0.000   number=1759 hash=f52279..e67ffc dirty=1.37KiB
INFO [02-08|05:51:19.016] QBFT: handle final committed             address=0xDF8b560be949C229C821731554C33EAD5E3888A4 current.round=0 current.sequence=1759 state="Accept request"
INFO [02-08|05:51:19.016] QBFT: initialize new round               address=0xDF8b560be949C229C821731554C33EAD5E3888A4 current.round=0 current.sequence=1759 target.round=0 lastProposal.number=1759 lastProposal.hash=f52279..e67ffc
INFO [02-08|05:51:19.016] QBFT: start new round                    address=0xDF8b560be949C229C821731554C33EAD5E3888A4 old.round=0  old.sequence=1759 old.state="Accept request" old.proposer=0xcE412f988377e31F4d0fF12d74df73B51C42d0cA next.round=0 next.seq=1760 next.proposer=0x27A97C9AaF04f18f3014c32e036dD0Ac76Da5f18 next.valSet="[0x27A97C9AaF04f18f3014c32e036dD0Ac76Da5f18 0x93917cADBace5dFCE132B991732c6Cda9bcC5B8a 0x98C1334496614aED49d2E81526D089f7264fED9C 0xcE412f988377e31F4d0fF12d74df73B51C42d0cA]" next.size=4 next.IsProposer=false
INFO [02-08|05:51:24.008] Imported new chain segment               blocks=1 txs=0 mgas=0.000 elapsed="657.125µs" mgasps=0.000   number=1760 hash=0d20d2..55ed4e dirty=1.37KiB
INFO [02-08|05:51:24.008] Commit new mining work                   number=1761 sealhash=d9ad82..57cd9e uncles=0 txs=0 gas=0       fees=0 elapsed="130.875µs"
INFO [02-08|05:51:24.009] QBFT: handle final committed             address=0xDF8b560be949C229C821731554C33EAD5E3888A4 current.round=0 current.sequence=1760 state="Accept request"
INFO [02-08|07:11:45.376] QBFT: start new round                    address=0xDF8b560be949C229C821731554C33EAD5E3888A4 old.round=0  old.sequence=1761 old.state="Accept request" old.proposer=0x93917cADBace5dFCE132B991732c6Cda9bcC5B8a next.round=0 next.seq=1762 next.proposer=0x98C1334496614aED49d2E81526D089f7264fED9C next.valSet="[0x27A97C9AaF04f18f3014c32e036dD0Ac76Da5f18 0x93917cADBace5dFCE132B991732c6Cda9bcC5B8a 0x98C1334496614aED49d2E81526D089f7264fED9C 0xcE412f988377e31F4d0fF12d74df73B51C42d0cA]" next.size=4 next.IsProposer=false
INFO [02-08|07:11:45.385] Imported new chain segment               blocks=1 txs=0 mgas=0.000 elapsed="472.459µs" mgasps=0.000   number=1762 hash=bb37ed..e27fd3 dirty=1.37KiB
INFO [02-08|07:11:45.385] Commit new mining work                   number=1763 sealhash=21050c..24b278 uncles=0 txs=0 gas=0       fees=0 elapsed="444.125µs"
INFO [02-08|07:11:45.385] QBFT: initialize new round               address=0xDF8b560be949C229C821731554C33EAD5E3888A4 current.round=0 current.sequence=1762 target.round=0 lastProposal.number=1762 lastProposal.hash=bb37ed..e27fd3
INFO [02-08|07:11:45.385] QBFT: start new round                    address=0xDF8b560be949C229C821731554C33EAD5E3888A4 old.round=0  old.sequence=1762 old.state="Accept request" old.proposer=0x98C1334496614aED49d2E81526D089f7264fED9C next.round=0 next.seq=1763 next.proposer=0xcE412f988377e31F4d0fF12d74df73B51C42d0cA next.valSet="[0x27A97C9AaF04f18f3014c32e036dD0Ac76Da5f18 0x93917cADBace5dFCE132B991732c6Cda9bcC5B8a 0x98C1334496614aED49d2E81526D089f7264fED9C 0xcE412f988377e31F4d0fF12d74df73B51C42d0cA]" next.size=4 next.IsProposer=false
WARN [02-08|07:11:45.385] Block sealing failed                     err=unauthorized
INFO [02-08|07:11:50.031] QBFT: initialize new round               address=0xDF8b560be949C229C821731554C33EAD5E3888A4 current.round=0 current.sequence=1763 target.round=0 lastProposal.number=1763 lastProposal.hash=abe508..305056
INFO [02-08|07:11:50.125] QBFT: start new round                    address=0xDF8b560be949C229C821731554C33EAD5E3888A4 old.round=0  old.sequence=1763 old.state="Accept request" old.proposer=0xcE412f988377e31F4d0fF12d74df73B51C42d0cA next.round=0 next.seq=1764 next.proposer=0x27A97C9AaF04f18f3014c32e036dD0Ac76Da5f18 next.valSet="[0x27A97C9AaF04f18f3014c32e036dD0Ac76Da5f18 0x93917cADBace5dFCE132B991732c6Cda9bcC5B8a 0x98C1334496614aED49d2E81526D089f7264fED9C 0xcE412f988377e31F4d0fF12d74df73B51C42d0cA]" next.size=4 next.IsProposer=false
INFO [02-08|07:11:55.015] Imported new chain segment               blocks=1 txs=0 mgas=0.000 elapsed=1.182ms     mgasps=0.000   number=1764 hash=b134da..36464c dirty=1.37KiB
INFO [02-08|07:11:55.016] Commit new mining work                   number=1765 sealhash=06be39..1b5e60 uncles=0 txs=0 gas=0       fees=0 elapsed="277.75µs"
INFO [02-08|07:12:00.011] Imported new chain segment               blocks=1 txs=0 mgas=0.000 elapsed="813.834µs" mgasps=0.000   number=1765 hash=7732e6..fe8279 dirty=1.37KiB
INFO [02-08|07:12:00.011] Commit new mining work                   number=1766 sealhash=d6bdd9..7ab5c1 uncles=0 txs=0 gas=0       fees=0 elapsed="259.958µs"
WARN [02-08|07:12:00.012] Block sealing failed                     err=unauthorized
INFO [02-08|07:12:00.012] QBFT: handle final committed             address=0xDF8b560be949C229C821731554C33EAD5E3888A4 current.round=0 current.sequence=1765 state="Accept request"
INFO [02-08|07:12:00.012] QBFT: initialize new round               address=0xDF8b560be949C229C821731554C33EAD5E3888A4 current.round=0 current.sequence=1765 target.round=0 lastProposal.number=1765 lastProposal.hash=7732e6..fe8279
INFO [02-08|07:12:00.012] QBFT: start new round                    address=0xDF8b560be949C229C821731554C33EAD5E3888A4 old.round=0  old.sequence=1765 old.state="Accept request" old.proposer=0x93917cADBace5dFCE132B991732c6Cda9bcC5B8a next.round=0 next.seq=1766 next.proposer=0x98C1334496614aED49d2E81526D089f7264fED9C next.valSet="[0x27A97C9AaF04f18f3014c32e036dD0Ac76Da5f18 0x93917cADBace5dFCE132B991732c6Cda9bcC5B8a 0x98C1334496614aED49d2E81526D089f7264fED9C 0xcE412f988377e31F4d0fF12d74df73B51C42d0cA]" next.size=4 next.IsProposer=false
INFO [02-08|07:12:02.863] Looking for peers                        peercount=4 tried=3 static=8
INFO [02-08|07:12:05.013] Commit new mining work                   number=1767 sealhash=396f7f..bdb55b uncles=0 txs=0 gas=0       fees=0 elapsed="201.25µs"
WARN [02-08|07:12:05.013] Block sealing failed                     err=unauthorized
INFO [02-08|07:12:05.013] QBFT: handle final committed             address=0xDF8b560be949C229C821731554C33EAD5E3888A4 current.round=0 current.sequence=1766 state="Accept request"
INFO [02-08|07:12:05.013] QBFT: initialize new round               address=0xDF8b560be949C229C821731554C33EAD5E3888A4 current.round=0 current.sequence=1766 target.round=0 lastProposal.number=1766 lastProposal.hash=af16a1..b4c3a0
INFO [02-08|08:08:11.442] Commit new mining work                   number=1769 sealhash=13a518..08ba85 uncles=0 txs=0 gas=0       fees=0 elapsed=1.083ms
INFO [02-08|08:08:11.448] Imported new chain segment               blocks=1 txs=0 mgas=0.000 elapsed="755.333µs" mgasps=0.000   number=1769 hash=5b3580..2692ef dirty=1.37KiB
INFO [02-08|08:08:11.448] Commit new mining work                   number=1770 sealhash=753aab..f56eb3 uncles=0 txs=0 gas=0       fees=0 elapsed="274.541µs"
INFO [02-08|08:08:16.012] Imported new chain segment               blocks=1 txs=0 mgas=0.000 elapsed="943.041µs" mgasps=0.000   number=1770 hash=b4b6cd..93fb65 dirty=1.37KiB
INFO [02-08|08:08:16.012] Commit new mining work                   number=1771 sealhash=67b008..cffc9a uncles=0 txs=0 gas=0       fees=0 elapsed="279.042µs"
INFO [02-08|08:08:31.019] Imported new chain segment               blocks=1 txs=0 mgas=0.000 elapsed="679.417µs" mgasps=0.000   number=1773 hash=294852..4c2be0 dirty=1.37KiB
INFO [02-08|08:08:31.019] Commit new mining work                   number=1774 sealhash=302f1d..2d14fa uncles=0 txs=0 gas=0       fees=0 elapsed="196.667µs"
INFO [02-08|08:08:31.019] QBFT: start new round                    address=0xDF8b560be949C229C821731554C33EAD5E3888A4 old.round=0  old.sequence=1773 old.state="Accept request" old.proposer=0x93917cADBace5dFCE132B991732c6Cda9bcC5B8a next.round=0 next.seq=1774 next.proposer=0x98C1334496614aED49d2E81526D089f7264fED9C next.valSet="[0x27A97C9AaF04f18f3014c32e036dD0Ac76Da5f18 0x93917cADBace5dFCE132B991732c6Cda9bcC5B8a 0x98C1334496614aED49d2E81526D089f7264fED9C 0xcE412f988377e31F4d0fF12d74df73B51C42d0cA]" next.size=4 next.IsProposer=false
INFO [02-08|08:08:34.292] Looking for peers                        peercount=4 tried=3 static=8
INFO [02-08|08:08:36.012] Imported new chain segment               blocks=1 txs=0 mgas=0.000 elapsed="902.25µs"  mgasps=0.000   number=1774 hash=b12f50..562f1f dirty=1.37KiB
INFO [02-08|08:08:36.012] QBFT: initialize new round               address=0xDF8b560be949C229C821731554C33EAD5E3888A4 current.round=0 current.sequence=1774 target.round=0 lastProposal.number=1774 lastProposal.hash=b12f50..562f1f
INFO [02-08|08:08:36.013] Commit new mining work                   number=1775 sealhash=c9c9cc..fce78a uncles=0 txs=0 gas=0       fees=0 elapsed="276.583µs"
INFO [02-08|08:22:56.170] Imported new chain segment               blocks=1 txs=0 mgas=0.000 elapsed="862.5µs"   mgasps=0.000   number=1775 hash=c78ed8..0f59c7 age=14m15s   dirty=1.37KiB
INFO [02-08|08:22:56.170] QBFT: handle final committed             address=0xDF8b560be949C229C821731554C33EAD5E3888A4 current.round=0 current.sequence=1775 state="Accept request"
INFO [02-08|08:22:56.170] QBFT: initialize new round               address=0xDF8b560be949C229C821731554C33EAD5E3888A4 current.round=0 current.sequence=1775 target.round=0 lastProposal.number=1775 lastProposal.hash=c78ed8..0f59c7
INFO [02-08|08:22:56.170] Commit new mining work                   number=1776 sealhash=2fe43c..86706c uncles=0 txs=0 gas=0       fees=0 elapsed="257.917µs"
INFO [02-08|08:22:56.170] QBFT: start new round                    address=0xDF8b560be949C229C821731554C33EAD5E3888A4 old.round=0  old.sequence=1775 old.state="Accept request" old.proposer=0xcE412f988377e31F4d0fF12d74df73B51C42d0cA next.round=0 next.seq=1776 next.proposer=0x27A97C9AaF04f18f3014c32e036dD0Ac76Da5f18 next.valSet="[0x27A97C9AaF04f18f3014c32e036dD0Ac76Da5f18 0x93917cADBace5dFCE132B991732c6Cda9bcC5B8a 0x98C1334496614aED49d2E81526D089f7264fED9C 0xcE412f988377e31F4d0fF12d74df73B51C42d0cA]" next.size=4 next.IsProposer=false
INFO [02-08|08:22:56.690] Imported new chain segment               blocks=1 txs=0 mgas=0.000 elapsed=1.039ms     mgasps=0.000   number=1776 hash=9832c9..53fe2b dirty=1.37KiB
INFO [02-08|08:22:56.691] Commit new mining work                   number=1777 sealhash=3eb019..a0a4fa uncles=0 txs=0 gas=0       fees=0 elapsed="265.708µs"
INFO [02-08|08:22:56.691] QBFT: start new round                    address=0xDF8b560be949C229C821731554C33EAD5E3888A4 old.round=0  old.sequence=1776 old.state="Accept request" old.proposer=0x27A97C9AaF04f18f3014c32e036dD0Ac76Da5f18 next.round=0 next.seq=1777 next.proposer=0x93917cADBace5dFCE132B991732c6Cda9bcC5B8a next.valSet="[0x27A97C9AaF04f18f3014c32e036dD0Ac76Da5f18 0x93917cADBace5dFCE132B991732c6Cda9bcC5B8a 0x98C1334496614aED49d2E81526D089f7264fED9C 0xcE412f988377e31F4d0fF12d74df73B51C42d0cA]" next.size=4 next.IsProposer=false
INFO [02-08|08:23:01.014] Imported new chain segment               blocks=1 txs=0 mgas=0.000 elapsed="666.958µs" mgasps=0.000   number=1777 hash=cc611f..042793 dirty=1.37KiB
INFO [02-08|08:23:06.006] QBFT: handle final committed             address=0xDF8b560be949C229C821731554C33EAD5E3888A4 current.round=0 current.sequence=1778 state="Accept request"
INFO [02-08|08:23:06.006] QBFT: initialize new round               address=0xDF8b560be949C229C821731554C33EAD5E3888A4 current.round=0 current.sequence=1778 target.round=0 lastProposal.number=1778 lastProposal.hash=d3718c..646460
INFO [02-08|08:23:21.005] Imported new chain segment               blocks=1 txs=0 mgas=0.000 elapsed="405.75µs"  mgasps=0.000   number=1781 hash=05c368..29a458 dirty=1.37KiB
INFO [02-08|08:23:21.005] QBFT: initialize new round               address=0xDF8b560be949C229C821731554C33EAD5E3888A4 current.round=0 current.sequence=1781 target.round=0 lastProposal.number=1781 lastProposal.hash=05c368..29a458
INFO [02-08|08:23:21.005] QBFT: start new round                    address=0xDF8b560be949C229C821731554C33EAD5E3888A4 old.round=0  old.sequence=1781 old.state="Accept request" old.proposer=0x93917cADBace5dFCE132B991732c6Cda9bcC5B8a next.round=0 next.seq=1782 next.proposer=0x98C1334496614aED49d2E81526D089f7264fED9C next.valSet="[0x27A97C9AaF04f18f3014c32e036dD0Ac76Da5f18 0x93917cADBace5dFCE132B991732c6Cda9bcC5B8a 0x98C1334496614aED49d2E81526D089f7264fED9C 0xcE412f988377e31F4d0fF12d74df73B51C42d0cA]" next.size=4 next.IsProposer=false
INFO [02-08|08:50:23.029] Looking for peers                        peercount=4 tried=3 static=8
INFO [02-08|08:50:24.611] QBFT: handle final committed             address=0xDF8b560be949C229C821731554C33EAD5E3888A4 current.round=0 current.sequence=1782 state="Accept request"
INFO [02-08|08:50:24.616] QBFT: start new round                    address=0xDF8b560be949C229C821731554C33EAD5E3888A4 old.round=0  old.sequence=1783 old.state="Accept request" old.proposer=0xcE412f988377e31F4d0fF12d74df73B51C42d0cA next.round=0 next.seq=1784 next.proposer=0x27A97C9AaF04f18f3014c32e036dD0Ac76Da5f18 next.valSet="[0x27A97C9AaF04f18f3014c32e036dD0Ac76Da5f18 0x93917cADBace5dFCE132B991732c6Cda9bcC5B8a 0x98C1334496614aED49d2E81526D089f7264fED9C 0xcE412f988377e31F4d0fF12d74df73B51C42d0cA]" next.size=4 next.IsProposer=false
INFO [02-08|08:50:29.005] Imported new chain segment               blocks=1 txs=0 mgas=0.000 elapsed="487µs"     mgasps=0.000   number=1784 hash=0e8b22..d023df dirty=1.37KiB
INFO [02-08|08:50:39.008] Imported new chain segment               blocks=1 txs=0 mgas=0.000 elapsed="595.042µs" mgasps=0.000   number=1786 hash=9fb437..ccf2f4 dirty=1.37KiB
INFO [02-08|08:50:44.012] QBFT: start new round                    address=0xDF8b560be949C229C821731554C33EAD5E3888A4 old.round=0  old.sequence=1787 old.state="Accept request" old.proposer=0xcE412f988377e31F4d0fF12d74df73B51C42d0cA next.round=0 next.seq=1788 next.proposer=0x27A97C9AaF04f18f3014c32e036dD0Ac76Da5f18 next.valSet="[0x27A97C9AaF04f18f3014c32e036dD0Ac76Da5f18 0x93917cADBace5dFCE132B991732c6Cda9bcC5B8a 0x98C1334496614aED49d2E81526D089f7264fED9C 0xcE412f988377e31F4d0fF12d74df73B51C42d0cA]" next.size=4 next.IsProposer=false
INFO [02-08|08:50:44.012] Commit new mining work                   number=1788 sealhash=021e89..5fc4a7 uncles=0 txs=0 gas=0       fees=0 elapsed="299.875µs"
WARN [02-08|08:50:44.012] Block sealing failed                     err=unauthorized
INFO [02-08|08:50:49.014] Imported new chain segment               blocks=1 txs=0 mgas=0.000 elapsed="855.375µs" mgasps=0.000   number=1788 hash=5555ea..a60097 dirty=1.37KiB
WARN [02-08|08:50:49.014] Block sealing failed                     err=unauthorized
INFO [02-08|09:43:42.350] Imported new chain segment               blocks=1 txs=0 mgas=0.000 elapsed="928.292µs" mgasps=0.000   number=1789 hash=8184c4..025964 age=52m48s   dirty=1.37KiB
INFO [02-08|09:43:47.010] Imported new chain segment               blocks=1 txs=0 mgas=0.000 elapsed="841.042µs" mgasps=0.000   number=1791 hash=d7d28f..b23f5e dirty=1.37KiB
INFO [02-08|09:43:47.010] QBFT: handle final committed             address=0xDF8b560be949C229C821731554C33EAD5E3888A4 current.round=0 current.sequence=1791 state="Accept request"
INFO [02-08|09:43:57.020] Commit new mining work                   number=1794 sealhash=bf6c8d..37e8be uncles=0 txs=0 gas=0       fees=0 elapsed="900.583µs"
INFO [02-08|09:44:02.007] QBFT: start new round                    address=0xDF8b560be949C229C821731554C33EAD5E3888A4 old.round=0  old.sequence=1794 old.state="Accept request" old.proposer=0x98C1334496614aED49d2E81526D089f7264fED9C next.round=0 next.seq=1795 next.proposer=0xcE412f988377e31F4d0fF12d74df73B51C42d0cA next.valSet="[0x27A97C9AaF04f18f3014c32e036dD0Ac76Da5f18 0x93917cADBace5dFCE132B991732c6Cda9bcC5B8a 0x98C1334496614aED49d2E81526D089f7264fED9C 0xcE412f988377e31F4d0fF12d74df73B51C42d0cA]" next.size=4 next.IsProposer=false
WARN [02-08|09:44:02.007] Block sealing failed                     err=unauthorized
INFO [02-08|09:44:07.013] Imported new chain segment               blocks=1 txs=0 mgas=0.000 elapsed="858.333µs" mgasps=0.000   number=1795 hash=3ca188..a3a3b1 dirty=1.37KiB
INFO [02-08|10:04:43.016] QBFT: start new round                    address=0xDF8b560be949C229C821731554C33EAD5E3888A4 old.round=0  old.sequence=1797 old.state="Accept request" old.proposer=0x93917cADBace5dFCE132B991732c6Cda9bcC5B8a next.round=0 next.seq=1798 next.proposer=0x98C1334496614aED49d2E81526D089f7264fED9C next.valSet="[0x27A97C9AaF04f18f3014c32e036dD0Ac76Da5f18 0x93917cADBace5dFCE132B991732c6Cda9bcC5B8a 0x98C1334496614aED49d2E81526D089f7264fED9C 0xcE412f988377e31F4d0fF12d74df73B51C42d0cA]" next.size=4 next.IsProposer=false
INFO [02-08|10:04:48.012] QBFT: initialize new round               address=0xDF8b560be949C229C821731554C33EAD5E3888A4 current.round=0 current.sequence=1798 target.round=0 lastProposal.number=1798 lastProposal.hash=9b5fa5..079594
INFO [02-08|10:04:52.376] Looking for peers                        peercount=4 tried=3 static=8
INFO [02-08|10:04:53.007] Imported new chain segment               blocks=1 txs=0 mgas=0.000 elapsed="375.791µs" mgasps=0.000   number=1799 hash=7992bb..28c059 dirty=1.37KiB
WARN [02-08|10:04:53.008] Block sealing failed                     err=unauthorized
INFO [02-08|10:05:03.014] QBFT: initialize new round               address=0xDF8b560be949C229C821731554C33EAD5E3888A4 current.round=0 current.sequence=1801 target.round=0 lastProposal.number=1801 lastProposal.hash=c8cdd8..228351
INFO [02-08|10:05:03.014] Commit new mining work                   number=1802 sealhash=d1aaa8..db81de uncles=0 txs=0 gas=0       fees=0 elapsed="228.584µs"
INFO [02-08|10:05:08.013] Imported new chain segment               blocks=1 txs=0 mgas=0.000 elapsed="919.917µs" mgasps=0.000   number=1802 hash=696b45..731e48 dirty=1.37KiB
INFO [02-08|10:05:08.013] QBFT: handle final committed             address=0xDF8b560be949C229C821731554C33EAD5E3888A4 current.round=0 current.sequence=1802 state="Accept request"
INFO [02-08|10:05:13.011] Imported new chain segment               blocks=1 txs=0 mgas=0.000 elapsed="850.708µs" mgasps=0.000   number=1803 hash=c11b94..22815a dirty=1.37KiB
INFO [02-08|10:05:13.011] QBFT: start new round                    address=0xDF8b560be949C229C821731554C33EAD5E3888A4 old.round=0  old.sequence=1803 old.state="Accept request" old.proposer=0xcE412f988377e31F4d0fF12d74df73B51C42d0cA next.round=0 next.seq=1804 next.proposer=0x27A97C9AaF04f18f3014c32e036dD0Ac76Da5f18 next.valSet="[0x27A97C9AaF04f18f3014c32e036dD0Ac76Da5f18 0x93917cADBace5dFCE132B991732c6Cda9bcC5B8a 0x98C1334496614aED49d2E81526D089f7264fED9C 0xcE412f988377e31F4d0fF12d74df73B51C42d0cA]" next.size=4 next.IsProposer=false
INFO [02-08|10:05:13.011] Commit new mining work                   number=1804 sealhash=9ff51c..80fe1c uncles=0 txs=0 gas=0       fees=0 elapsed="263.584µs"
INFO [02-08|10:05:18.012] Imported new chain segment               blocks=1 txs=0 mgas=0.000 elapsed="833.25µs"  mgasps=0.000   number=1804 hash=04a327..2a8ed7 dirty=1.37KiB
INFO [02-08|10:05:18.012] QBFT: handle final committed             address=0xDF8b560be949C229C821731554C33EAD5E3888A4 current.round=0 current.sequence=1804 state="Accept request"
INFO [02-08|10:05:18.012] QBFT: initialize new round               address=0xDF8b560be949C229C821731554C33EAD5E3888A4 current.round=0 current.sequence=1804 target.round=0 lastProposal.number=1804 lastProposal.hash=04a327..2a8ed7
INFO [02-08|10:05:18.012] Commit new mining work                   number=1805 sealhash=425086..cfa406 uncles=0 txs=0 gas=0       fees=0 elapsed="317.875µs"
INFO [02-08|10:05:23.012] QBFT: handle final committed             address=0xDF8b560be949C229C821731554C33EAD5E3888A4 current.round=0 current.sequence=1805 state="Accept request"
INFO [02-08|10:05:23.012] Commit new mining work                   number=1806 sealhash=e76d18..4fd2bb uncles=0 txs=0 gas=0       fees=0 elapsed="273.583µs"
INFO [02-08|10:05:27.377] Looking for peers                        peercount=4 tried=3 static=8
INFO [02-08|10:05:28.015] Imported new chain segment               blocks=1 txs=0 mgas=0.000 elapsed=2.104ms     mgasps=0.000   number=1806 hash=d00ab2..6b5ee1 dirty=1.37KiB
INFO [02-08|10:05:33.022] Imported new chain segment               blocks=1 txs=0 mgas=0.000 elapsed="899.125µs" mgasps=0.000   number=1807 hash=914477..a7d060 dirty=1.37KiB
INFO [02-08|10:05:38.013] QBFT: handle final committed             address=0xDF8b560be949C229C821731554C33EAD5E3888A4 current.round=0 current.sequence=1808 state="Accept request"
INFO [02-08|10:38:12.451] Imported new chain segment               blocks=1 txs=0 mgas=0.000 elapsed="288.542µs" mgasps=0.000   number=1809 hash=6a6c8f..ec6e33 age=32m29s   dirty=1.37KiB
INFO [02-08|10:38:17.015] Imported new chain segment               blocks=1 txs=0 mgas=0.000 elapsed=1.555ms     mgasps=0.000   number=1811 hash=777456..753bab dirty=1.37KiB
INFO [02-08|10:38:17.016] QBFT: handle final committed             address=0xDF8b560be949C229C821731554C33EAD5E3888A4 current.round=0 current.sequence=1811 state="Accept request"
INFO [02-08|10:38:17.016] QBFT: initialize new round               address=0xDF8b560be949C229C821731554C33EAD5E3888A4 current.round=0 current.sequence=1811 target.round=0 lastProposal.number=1811 lastProposal.hash=777456..753bab
INFO [02-08|10:38:27.012] QBFT: initialize new round               address=0xDF8b560be949C229C821731554C33EAD5E3888A4 current.round=0 current.sequence=1813 target.round=0 lastProposal.number=1813 lastProposal.hash=84fcc2..c0320f
INFO [02-08|10:38:31.822] Looking for peers                        peercount=4 tried=3 static=8
INFO [02-08|11:25:53.464] Imported new chain segment               blocks=1 txs=0 mgas=0.000 elapsed="363.625µs" mgasps=0.000   number=1816 hash=6c89fa..2c531e age=47m11s   dirty=1.37KiB
WARN [02-08|11:25:53.464] Block sealing failed                     err=unauthorized
INFO [02-08|11:25:53.464] QBFT: handle final committed             address=0xDF8b560be949C229C821731554C33EAD5E3888A4 current.round=0 current.sequence=1816 state="Accept request"
INFO [02-08|11:25:53.466] Imported new chain segment               blocks=1 txs=0 mgas=0.000 elapsed="245.167µs" mgasps=0.000   number=1817 hash=4f3a5b..66fe92 dirty=1.37KiB
INFO [02-08|11:25:53.467] QBFT: initialize new round               address=0xDF8b560be949C229C821731554C33EAD5E3888A4 current.round=0 current.sequence=1817 target.round=0 lastProposal.number=1817 lastProposal.hash=4f3a5b..66fe92
INFO [02-08|11:25:58.012] Imported new chain segment               blocks=1 txs=0 mgas=0.000 elapsed="927.709µs" mgasps=0.000   number=1818 hash=620b1d..703110 dirty=1.37KiB
INFO [02-08|11:25:58.012] Commit new mining work                   number=1819 sealhash=66a1de..ecac70 uncles=0 txs=0 gas=0       fees=0 elapsed="247.708µs"
INFO [02-08|11:26:03.011] QBFT: handle final committed             address=0xDF8b560be949C229C821731554C33EAD5E3888A4 current.round=0 current.sequence=1819 state="Accept request"
INFO [02-08|11:26:03.011] QBFT: initialize new round               address=0xDF8b560be949C229C821731554C33EAD5E3888A4 current.round=0 current.sequence=1819 target.round=0 lastProposal.number=1819 lastProposal.hash=422991..b94a04
INFO [02-08|11:26:03.011] Commit new mining work                   number=1820 sealhash=c265cb..5c1859 uncles=0 txs=0 gas=0       fees=0 elapsed="269.333µs"
INFO [02-08|11:26:08.011] Imported new chain segment               blocks=1 txs=0 mgas=0.000 elapsed="989.292µs" mgasps=0.000   number=1820 hash=b3f160..8064fb dirty=1.37KiB
INFO [02-08|11:26:13.021] Imported new chain segment               blocks=1 txs=0 mgas=0.000 elapsed="424.458µs" mgasps=0.000   number=1821 hash=5492ca..4a04b4 dirty=1.37KiB
INFO [02-08|11:26:13.021] QBFT: handle final committed             address=0xDF8b560be949C229C821731554C33EAD5E3888A4 current.round=0 current.sequence=1821 state="Accept request"
INFO [02-08|11:26:13.021] QBFT: initialize new round               address=0xDF8b560be949C229C821731554C33EAD5E3888A4 current.round=0 current.sequence=1821 target.round=0 lastProposal.number=1821 lastProposal.hash=5492ca..4a04b4
INFO [02-08|11:26:18.010] Imported new chain segment               blocks=1 txs=0 mgas=0.000 elapsed="689.75µs"  mgasps=0.000   number=1822 hash=a0b458..8a9096 dirty=1.37KiB
INFO [02-08|11:26:18.011] QBFT: handle final committed             address=0xDF8b560be949C229C821731554C33EAD5E3888A4 current.round=0 current.sequence=1822 state="Accept request"
INFO [02-08|11:26:18.011] QBFT: initialize new round               address=0xDF8b560be949C229C821731554C33EAD5E3888A4 current.round=0 current.sequence=1822 target.round=0 lastProposal.number=1822 lastProposal.hash=a0b458..8a9096
INFO [02-08|11:26:18.283] Looking for peers                        peercount=4 tried=3 static=8
INFO [02-08|12:29:35.207] Imported new chain segment               blocks=1 txs=0 mgas=0.000 elapsed="902.334µs" mgasps=0.000   number=1824 hash=c8dd2a..917d35 dirty=1.37KiB
INFO [02-08|12:29:35.208] QBFT: handle final committed             address=0xDF8b560be949C229C821731554C33EAD5E3888A4 current.round=0 current.sequence=1824 state="Accept request"
INFO [02-08|12:29:40.018] Imported new chain segment               blocks=1 txs=0 mgas=0.000 elapsed="820.917µs" mgasps=0.000   number=1825 hash=fdf00f..6c2b94 dirty=1.37KiB
INFO [02-08|12:29:45.015] Imported new chain segment               blocks=1 txs=0 mgas=0.000 elapsed="895.416µs" mgasps=0.000   number=1826 hash=44166c..b69464 dirty=1.37KiB
WARN [02-08|12:29:45.016] Block sealing failed                     err=unauthorized
INFO [02-08|12:29:50.031] QBFT: start new round                    address=0xDF8b560be949C229C821731554C33EAD5E3888A4 old.round=0  old.sequence=1827 old.state="Accept request" old.proposer=0xcE412f988377e31F4d0fF12d74df73B51C42d0cA next.round=0 next.seq=1828 next.proposer=0x27A97C9AaF04f18f3014c32e036dD0Ac76Da5f18 next.valSet="[0x27A97C9AaF04f18f3014c32e036dD0Ac76Da5f18 0x93917cADBace5dFCE132B991732c6Cda9bcC5B8a 0x98C1334496614aED49d2E81526D089f7264fED9C 0xcE412f988377e31F4d0fF12d74df73B51C42d0cA]" next.size=4 next.IsProposer=false
INFO [02-08|12:29:55.005] Imported new chain segment               blocks=1 txs=0 mgas=0.000 elapsed="325.375µs" mgasps=0.000   number=1828 hash=32a2a5..bb46a2 dirty=1.37KiB
INFO [02-08|12:29:55.005] Commit new mining work                   number=1829 sealhash=318428..0b82ce uncles=0 txs=0 gas=0       fees=0 elapsed="168.791µs"
INFO [02-08|12:29:55.005] QBFT: handle final committed             address=0xDF8b560be949C229C821731554C33EAD5E3888A4 current.round=0 current.sequence=1828 state="Accept request"
INFO [02-08|12:29:55.005] QBFT: initialize new round               address=0xDF8b560be949C229C821731554C33EAD5E3888A4 current.round=0 current.sequence=1828 target.round=0 lastProposal.number=1828 lastProposal.hash=32a2a5..bb46a2
INFO [02-08|13:29:07.455] Imported new chain segment               blocks=1 txs=0 mgas=0.000 elapsed="517.5µs"   mgasps=0.000   number=1830 hash=2cc93e..fa77bf age=59m2s    dirty=1.37KiB
INFO [02-08|13:29:07.455] QBFT: handle final committed             address=0xDF8b560be949C229C821731554C33EAD5E3888A4 current.round=0 current.sequence=1830 state="Accept request"
INFO [02-08|13:29:07.461] Commit new mining work                   number=1832 sealhash=77092c..8f6919 uncles=0 txs=0 gas=0       fees=0 elapsed="135.75µs"
WARN [02-08|13:29:07.461] Block sealing failed                     err=unauthorized
INFO [02-08|13:29:07.461] QBFT: handle final committed             address=0xDF8b560be949C229C821731554C33EAD5E3888A4 current.round=0 current.sequence=1831 state="Accept request"
INFO [02-08|13:29:07.461] QBFT: initialize new round               address=0xDF8b560be949C229C821731554C33EAD5E3888A4 current.round=0 current.sequence=1831 target.round=0 lastProposal.number=1831 lastProposal.hash=56eb49..36d965
INFO [02-08|13:29:07.461] QBFT: start new round                    address=0xDF8b560be949C229C821731554C33EAD5E3888A4 old.round=0  old.sequence=1831 old.state="Accept request" old.proposer=0xcE412f988377e31F4d0fF12d74df73B51C42d0cA next.round=0 next.seq=1832 next.proposer=0x27A97C9AaF04f18f3014c32e036dD0Ac76Da5f18 next.valSet="[0x27A97C9AaF04f18f3014c32e036dD0Ac76Da5f18 0x93917cADBace5dFCE132B991732c6Cda9bcC5B8a 0x98C1334496614aED49d2E81526D089f7264fED9C 0xcE412f988377e31F4d0fF12d74df73B51C42d0cA]" next.size=4 next.IsProposer=false
INFO [02-08|13:29:07.924] Looking for peers                        peercount=4 tried=3 static=8
INFO [02-08|13:29:12.014] Imported new chain segment               blocks=1 txs=0 mgas=0.000 elapsed="942µs"     mgasps=0.000   number=1832 hash=eeffc8..20c0dd dirty=1.37KiB
INFO [02-08|13:29:12.015] QBFT: handle final committed             address=0xDF8b560be949C229C821731554C33EAD5E3888A4 current.round=0 current.sequence=1832 state="Accept request"
INFO [02-08|13:29:17.009] Imported new chain segment               blocks=1 txs=0 mgas=0.000 elapsed="762µs"     mgasps=0.000   number=1833 hash=9e37ff..ad8d0c dirty=1.37KiB
INFO [02-08|13:29:17.010] Commit new mining work                   number=1834 sealhash=f4f510..e986dd uncles=0 txs=0 gas=0       fees=0 elapsed="366.666µs"
INFO [02-08|13:29:22.008] Commit new mining work                   number=1835 sealhash=f9a54d..0c36c9 uncles=0 txs=0 gas=0       fees=0 elapsed="133.375µs"
WARN [02-08|13:29:22.008] Block sealing failed                     err=unauthorized
INFO [02-08|13:29:22.008] QBFT: handle final committed             address=0xDF8b560be949C229C821731554C33EAD5E3888A4 current.round=0 current.sequence=1834 state="Accept request"
INFO [02-08|13:29:22.008] QBFT: initialize new round               address=0xDF8b560be949C229C821731554C33EAD5E3888A4 current.round=0 current.sequence=1834 target.round=0 lastProposal.number=1834 lastProposal.hash=8a2c32..bb10b3
INFO [02-08|13:29:27.019] QBFT: handle final committed             address=0xDF8b560be949C229C821731554C33EAD5E3888A4 current.round=0 current.sequence=1835 state="Accept request"
INFO [02-08|13:29:27.019] QBFT: initialize new round               address=0xDF8b560be949C229C821731554C33EAD5E3888A4 current.round=0 current.sequence=1835 target.round=0 lastProposal.number=1835 lastProposal.hash=28a888..f132a9
INFO [02-08|13:29:32.006] Imported new chain segment               blocks=1 txs=0 mgas=0.000 elapsed="562.959µs" mgasps=0.000   number=1836 hash=22320a..8617ce dirty=1.37KiB
INFO [02-08|13:29:32.006] Commit new mining work                   number=1837 sealhash=d6fb57..696335 uncles=0 txs=0 gas=0       fees=0 elapsed="104.875µs"
INFO [02-08|13:29:32.006] QBFT: start new round                    address=0xDF8b560be949C229C821731554C33EAD5E3888A4 old.round=0  old.sequence=1836 old.state="Accept request" old.proposer=0x27A97C9AaF04f18f3014c32e036dD0Ac76Da5f18 next.round=0 next.seq=1837 next.proposer=0x93917cADBace5dFCE132B991732c6Cda9bcC5B8a next.valSet="[0x27A97C9AaF04f18f3014c32e036dD0Ac76Da5f18 0x93917cADBace5dFCE132B991732c6Cda9bcC5B8a 0x98C1334496614aED49d2E81526D089f7264fED9C 0xcE412f988377e31F4d0fF12d74df73B51C42d0cA]" next.size=4 next.IsProposer=false
INFO [02-08|14:13:49.092] Imported new chain segment               blocks=1 txs=0 mgas=0.000 elapsed="618.125µs" mgasps=0.000   number=1838 hash=b26de5..13cb5a dirty=1.37KiB
INFO [02-08|14:13:49.093] QBFT: handle final committed             address=0xDF8b560be949C229C821731554C33EAD5E3888A4 current.round=0 current.sequence=1838 state="Accept request"
INFO [02-08|14:13:49.093] QBFT: initialize new round               address=0xDF8b560be949C229C821731554C33EAD5E3888A4 current.round=0 current.sequence=1838 target.round=0 lastProposal.number=1838 lastProposal.hash=b26de5..13cb5a
INFO [02-08|14:13:54.016] Commit new mining work                   number=1840 sealhash=e57782..f70bbb uncles=0 txs=0 gas=0       fees=0 elapsed="359.083µs"
INFO [02-08|14:13:54.016] QBFT: start new round                    address=0xDF8b560be949C229C821731554C33EAD5E3888A4 old.round=0  old.sequence=1839 old.state="Accept request" old.proposer=0xcE412f988377e31F4d0fF12d74df73B51C42d0cA next.round=0 next.seq=1840 next.proposer=0x27A97C9AaF04f18f3014c32e036dD0Ac76Da5f18 next.valSet="[0x27A97C9AaF04f18f3014c32e036dD0Ac76Da5f18 0x93917cADBace5dFCE132B991732c6Cda9bcC5B8a 0x98C1334496614aED49d2E81526D089f7264fED9C 0xcE412f988377e31F4d0fF12d74df73B51C42d0cA]" next.size=4 next.IsProposer=false
INFO [02-08|14:13:55.001] Looking for peers                        peercount=4 tried=3 static=8
INFO [02-08|14:13:59.014] Imported new chain segment               blocks=1 txs=0 mgas=0.000 elapsed=1.142ms     mgasps=0.000   number=1840 hash=1e7a61..f489c0 dirty=1.37KiB
INFO [02-08|14:13:59.015] QBFT: start new round                    address=0xDF8b560be949C229C821731554C33EAD5E3888A4 old.round=0  old.sequence=1840 old.state="Accept request" old.proposer=0x27A97C9AaF04f18f3014c32e036dD0Ac76Da5f18 next.round=0 next.seq=1841 next.proposer=0x93917cADBace5dFCE132B991732c6Cda9bcC5B8a next.valSet="[0x27A97C9AaF04f18f3014c32e036dD0Ac76Da5f18 0x93917cADBace5dFCE132B991732c6Cda9bcC5B8a 0x98C1334496614aED49d2E81526D089f7264fED9C 0xcE412f988377e31F4d0fF12d74df73B51C42d0cA]" next.size=4 next.IsProposer=false
INFO [02-08|14:14:04.011] Imported new chain segment               blocks=1 txs=0 mgas=0.000 elapsed="943.208µs" mgasps=0.000   number=1841 hash=fc76ab..5da9f5 dirty=1.37KiB
INFO [02-08|14:14:04.012] QBFT: start new round                    address=0xDF8b560be949C229C821731554C33EAD5E3888A4 old.round=0  old.sequence=1841 old.state="Accept request" old.proposer=0x93917cADBace5dFCE132B991732c6Cda9bcC5B8a next.round=0 next.seq=1842 next.proposer=0x98C1334496614aED49d2E81526D089f7264fED9C next.valSet="[0x27A97C9AaF04f18f3014c32e036dD0Ac76Da5f18 0x93917cADBace5dFCE132B991732c6Cda9bcC5B8a 0x98C1334496614aED49d2E81526D089f7264fED9C 0xcE412f988377e31F4d0fF12d74df73B51C42d0cA]" next.size=4 next.IsProposer=false
INFO [02-08|14:14:09.008] Imported new chain segment               blocks=1 txs=0 mgas=0.000 elapsed=1.153ms     mgasps=0.000   number=1842 hash=b9b2bf..8bf955 dirty=1.37KiB
INFO [02-08|14:14:09.009] QBFT: handle final committed             address=0xDF8b560be949C229C821731554C33EAD5E3888A4 current.round=0 current.sequence=1842 state="Accept request"
WARN [02-08|14:14:09.009] Block sealing failed                     err=unauthorized
INFO [02-08|14:14:14.006] Imported new chain segment               blocks=1 txs=0 mgas=0.000 elapsed="487.041µs" mgasps=0.000   number=1843 hash=54fb84..4b2f40 dirty=1.37KiB
INFO [02-08|14:48:40.035] Imported new chain segment               blocks=1 txs=0 mgas=0.000 elapsed="847.416µs" mgasps=0.000   number=1844 hash=b392ef..721fc8 age=34m21s   dirty=1.37KiB
INFO [02-08|14:48:40.035] Commit new mining work                   number=1845 sealhash=8d39eb..290d7d uncles=0 txs=0 gas=0       fees=0 elapsed="276.875µs"
WARN [02-08|14:48:40.035] Block sealing failed                     err=unauthorized
INFO [02-08|14:48:40.035] QBFT: handle final committed             address=0xDF8b560be949C229C821731554C33EAD5E3888A4 current.round=0 current.sequence=1844 state="Accept request"
INFO [02-08|14:48:40.035] QBFT: initialize new round               address=0xDF8b560be949C229C821731554C33EAD5E3888A4 current.round=0 current.sequence=1844 target.round=0 lastProposal.number=1844 lastProposal.hash=b392ef..721fc8
INFO [02-08|14:48:40.035] QBFT: start new round                    address=0xDF8b560be949C229C821731554C33EAD5E3888A4 old.round=0  old.sequence=1844 old.state="Accept request" old.proposer=0x27A97C9AaF04f18f3014c32e036dD0Ac76Da5f18 next.round=0 next.seq=1845 next.proposer=0x93917cADBace5dFCE132B991732c6Cda9bcC5B8a next.valSet="[0x27A97C9AaF04f18f3014c32e036dD0Ac76Da5f18 0x93917cADBace5dFCE132B991732c6Cda9bcC5B8a 0x98C1334496614aED49d2E81526D089f7264fED9C 0xcE412f988377e31F4d0fF12d74df73B51C42d0cA]" next.size=4 next.IsProposer=false
INFO [02-08|14:48:40.042] Imported new chain segment               blocks=1 txs=0 mgas=0.000 elapsed="724.333µs" mgasps=0.000   number=1845 hash=2d438b..915bf6 dirty=1.37KiB
INFO [02-08|14:48:40.042] Commit new mining work                   number=1846 sealhash=2bb240..391597 uncles=0 txs=0 gas=0       fees=0 elapsed="233.209µs"
INFO [02-08|14:48:45.014] QBFT: initialize new round               address=0xDF8b560be949C229C821731554C33EAD5E3888A4 current.round=0 current.sequence=1846 target.round=0 lastProposal.number=1846 lastProposal.hash=095854..e3705d
INFO [02-08|14:48:50.061] Imported new chain segment               blocks=1 txs=0 mgas=0.000 elapsed=6.984ms     mgasps=0.000   number=1847 hash=85f16c..b0890d dirty=1.37KiB
WARN [02-08|14:48:50.062] Block sealing failed                     err=unauthorized
INFO [02-08|14:48:51.026] Looking for peers                        peercount=4 tried=3 static=8
INFO [02-08|14:49:00.013] Imported new chain segment               blocks=1 txs=0 mgas=0.000 elapsed="817.458µs" mgasps=0.000   number=1849 hash=5cb0d7..198ad6 dirty=1.37KiB
INFO [02-08|14:49:05.011] Imported new chain segment               blocks=1 txs=0 mgas=0.000 elapsed=1.106ms     mgasps=0.000   number=1850 hash=eab7c3..c4144a dirty=1.37KiB
WARN [02-08|14:49:05.011] Block sealing failed                     err=unauthorized
WARN [02-08|14:57:05.443] Block sealing failed                     err=unauthorized
INFO [02-08|14:57:10.015] Imported new chain segment               blocks=1 txs=0 mgas=0.000 elapsed="713.542µs" mgasps=0.000   number=1853 hash=92460f..f298a2 dirty=1.37KiB
INFO [02-08|14:57:10.015] QBFT: start new round                    address=0xDF8b560be949C229C821731554C33EAD5E3888A4 old.round=0  old.sequence=1853 old.state="Accept request" old.proposer=0x93917cADBace5dFCE132B991732c6Cda9bcC5B8a next.round=0 next.seq=1854 next.proposer=0x98C1334496614aED49d2E81526D089f7264fED9C next.valSet="[0x27A97C9AaF04f18f3014c32e036dD0Ac76Da5f18 0x93917cADBace5dFCE132B991732c6Cda9bcC5B8a 0x98C1334496614aED49d2E81526D089f7264fED9C 0xcE412f988377e31F4d0fF12d74df73B51C42d0cA]" next.size=4 next.IsProposer=false
INFO [02-08|14:57:15.005] Imported new chain segment               blocks=1 txs=0 mgas=0.000 elapsed="450.542µs" mgasps=0.000   number=1854 hash=f1c7d4..dd9ee5 dirty=1.37KiB
WARN [02-08|14:57:15.006] Block sealing failed                     err=unauthorized
INFO [02-08|14:57:15.006] QBFT: handle final committed             address=0xDF8b560be949C229C821731554C33EAD5E3888A4 current.round=0 current.sequence=1854 state="Accept request"
INFO [02-08|14:57:20.010] Imported new chain segment               blocks=1 txs=0 mgas=0.000 elapsed="520.583µs" mgasps=0.000   number=1855 hash=b1daf1..5a6de0 dirty=1.37KiB
INFO [02-08|14:57:21.450] Looking for peers                        peercount=4 tried=3 static=8
INFO [02-08|14:57:25.013] Imported new chain segment               blocks=1 txs=0 mgas=0.000 elapsed=1.031ms     mgasps=0.000   number=1856 hash=731523..8a3d54 dirty=1.37KiB
INFO [02-08|14:57:25.013] QBFT: handle final committed             address=0xDF8b560be949C229C821731554C33EAD5E3888A4 current.round=0 current.sequence=1856 state="Accept request"
INFO [02-08|14:57:25.014] QBFT: start new round                    address=0xDF8b560be949C229C821731554C33EAD5E3888A4 old.round=0  old.sequence=1856 old.state="Accept request" old.proposer=0x27A97C9AaF04f18f3014c32e036dD0Ac76Da5f18 next.round=0 next.seq=1857 next.proposer=0x93917cADBace5dFCE132B991732c6Cda9bcC5B8a next.valSet="[0x27A97C9AaF04f18f3014c32e036dD0Ac76Da5f18 0x93917cADBace5dFCE132B991732c6Cda9bcC5B8a 0x98C1334496614aED49d2E81526D089f7264fED9C 0xcE412f988377e31F4d0fF12d74df73B51C42d0cA]" next.size=4 next.IsProposer=false
INFO [02-08|14:57:30.011] Imported new chain segment               blocks=1 txs=0 mgas=0.000 elapsed="855.042µs" mgasps=0.000   number=1857 hash=da3a12..f5bee8 dirty=1.37KiB
INFO [02-08|14:57:35.014] QBFT: handle final committed             address=0xDF8b560be949C229C821731554C33EAD5E3888A4 current.round=0 current.sequence=1858 state="Accept request"
INFO [02-08|14:57:35.014] Commit new mining work                   number=1859 sealhash=03982e..7946c0 uncles=0 txs=0 gas=0       fees=0 elapsed="292.167µs"
INFO [02-08|14:57:40.022] Imported new chain segment               blocks=1 txs=0 mgas=0.000 elapsed="758.667µs" mgasps=0.000   number=1859 hash=f8a9fe..cef270 dirty=1.37KiB
INFO [02-08|14:57:40.022] Commit new mining work                   number=1860 sealhash=ba101f..b9314c uncles=0 txs=0 gas=0       fees=0 elapsed="189.708µs"
INFO [02-08|14:57:45.011] QBFT: start new round                    address=0xDF8b560be949C229C821731554C33EAD5E3888A4 old.round=0  old.sequence=1860 old.state="Accept request" old.proposer=0x27A97C9AaF04f18f3014c32e036dD0Ac76Da5f18 next.round=0 next.seq=1861 next.proposer=0x93917cADBace5dFCE132B991732c6Cda9bcC5B8a next.valSet="[0x27A97C9AaF04f18f3014c32e036dD0Ac76Da5f18 0x93917cADBace5dFCE132B991732c6Cda9bcC5B8a 0x98C1334496614aED49d2E81526D089f7264fED9C 0xcE412f988377e31F4d0fF12d74df73B51C42d0cA]" next.size=4 next.IsProposer=false
INFO [02-08|14:57:50.012] Imported new chain segment               blocks=1 txs=0 mgas=0.000 elapsed=1.082ms     mgasps=0.000   number=1861 hash=4d7cc8..abb04d dirty=1.37KiB
INFO [02-08|14:57:50.013] QBFT: start new round                    address=0xDF8b560be949C229C821731554C33EAD5E3888A4 old.round=0  old.sequence=1861 old.state="Accept request" old.proposer=0x93917cADBace5dFCE132B991732c6Cda9bcC5B8a next.round=0 next.seq=1862 next.proposer=0x98C1334496614aED49d2E81526D089f7264fED9C next.valSet="[0x27A97C9AaF04f18f3014c32e036dD0Ac76Da5f18 0x93917cADBace5dFCE132B991732c6Cda9bcC5B8a 0x98C1334496614aED49d2E81526D089f7264fED9C 0xcE412f988377e31F4d0fF12d74df73B51C42d0cA]" next.size=4 next.IsProposer=false
INFO [02-08|14:57:55.011] Imported new chain segment               blocks=1 txs=0 mgas=0.000 elapsed="883.959µs" mgasps=0.000   number=1862 hash=cd7567..5d56f3 dirty=1.37KiB
INFO [02-08|14:58:00.035] Imported new chain segment               blocks=1 txs=0 mgas=0.000 elapsed=1.432ms     mgasps=0.000   number=1863 hash=2af77a..08b82a dirty=1.37KiB
INFO [02-08|14:58:00.035] QBFT: initialize new round               address=0xDF8b560be949C229C821731554C33EAD5E3888A4 current.round=0 current.sequence=1863 target.round=0 lastProposal.number=1863 lastProposal.hash=2af77a..08b82a
WARN [02-08|14:58:00.035] Block sealing failed                     err=unauthorized
INFO [02-08|14:58:05.018] Imported new chain segment               blocks=1 txs=0 mgas=0.000 elapsed=1.014ms     mgasps=0.000   number=1864 hash=6a4068..dfc137 dirty=1.37KiB
INFO [02-08|14:58:05.018] QBFT: handle final committed             address=0xDF8b560be949C229C821731554C33EAD5E3888A4 current.round=0 current.sequence=1864 state="Accept request"
INFO [02-08|14:58:20.007] Imported new chain segment               blocks=1 txs=0 mgas=0.000 elapsed="537.417µs" mgasps=0.000   number=1867 hash=cd6754..946623 dirty=1.37KiB
INFO [02-08|14:58:20.008] QBFT: start new round                    address=0xDF8b560be949C229C821731554C33EAD5E3888A4 old.round=0  old.sequence=1867 old.state="Accept request" old.proposer=0xcE412f988377e31F4d0fF12d74df73B51C42d0cA next.round=0 next.seq=1868 next.proposer=0x27A97C9AaF04f18f3014c32e036dD0Ac76Da5f18 next.valSet="[0x27A97C9AaF04f18f3014c32e036dD0Ac76Da5f18 0x93917cADBace5dFCE132B991732c6Cda9bcC5B8a 0x98C1334496614aED49d2E81526D089f7264fED9C 0xcE412f988377e31F4d0fF12d74df73B51C42d0cA]" next.size=4 next.IsProposer=false
INFO [02-08|14:58:25.011] Imported new chain segment               blocks=1 txs=0 mgas=0.000 elapsed=1.193ms     mgasps=0.000   number=1868 hash=de4e93..89187f dirty=1.37KiB
INFO [02-08|14:58:25.012] QBFT: handle final committed             address=0xDF8b560be949C229C821731554C33EAD5E3888A4 current.round=0 current.sequence=1868 state="Accept request"
INFO [02-08|14:58:25.012] QBFT: initialize new round               address=0xDF8b560be949C229C821731554C33EAD5E3888A4 current.round=0 current.sequence=1868 target.round=0 lastProposal.number=1868 lastProposal.hash=de4e93..89187f
WARN [02-08|14:58:25.012] Block sealing failed                     err=unauthorized
INFO [02-08|14:58:30.014] Imported new chain segment               blocks=1 txs=0 mgas=0.000 elapsed="990.75µs"  mgasps=0.000   number=1869 hash=685e63..154285 dirty=1.37KiB
INFO [02-08|14:58:30.015] QBFT: handle final committed             address=0xDF8b560be949C229C821731554C33EAD5E3888A4 current.round=0 current.sequence=1869 state="Accept request"
INFO [02-08|14:58:35.023] Imported new chain segment               blocks=1 txs=0 mgas=0.000 elapsed="768.291µs" mgasps=0.000   number=1870 hash=3fd6ab..d3e96e dirty=1.37KiB
INFO [02-08|14:58:40.008] Imported new chain segment               blocks=1 txs=0 mgas=0.000 elapsed="515.292µs" mgasps=0.000   number=1871 hash=9bfa32..d7f8b7 dirty=1.37KiB
INFO [02-08|14:58:45.013] Imported new chain segment               blocks=1 txs=0 mgas=0.000 elapsed=1.068ms     mgasps=0.000   number=1872 hash=d592ae..22cd6a dirty=1.37KiB
INFO [02-08|14:58:45.013] QBFT: start new round                    address=0xDF8b560be949C229C821731554C33EAD5E3888A4 old.round=0  old.sequence=1872 old.state="Accept request" old.proposer=0x27A97C9AaF04f18f3014c32e036dD0Ac76Da5f18 next.round=0 next.seq=1873 next.proposer=0x93917cADBace5dFCE132B991732c6Cda9bcC5B8a next.valSet="[0x27A97C9AaF04f18f3014c32e036dD0Ac76Da5f18 0x93917cADBace5dFCE132B991732c6Cda9bcC5B8a 0x98C1334496614aED49d2E81526D089f7264fED9C 0xcE412f988377e31F4d0fF12d74df73B51C42d0cA]" next.size=4 next.IsProposer=false
WARN [02-08|14:58:50.014] Block sealing failed                     err=unauthorized
INFO [02-08|14:58:55.010] Imported new chain segment               blocks=1 txs=0 mgas=0.000 elapsed=1.050ms     mgasps=0.000   number=1874 hash=551423..055dad dirty=1.37KiB
INFO [02-08|14:58:55.010] QBFT: handle final committed             address=0xDF8b560be949C229C821731554C33EAD5E3888A4 current.round=0 current.sequence=1874 state="Accept request"
INFO [02-08|14:59:00.020] Imported new chain segment               blocks=1 txs=0 mgas=0.000 elapsed="619.125µs" mgasps=0.000   number=1875 hash=a8c6be..4e8111 dirty=1.37KiB
INFO [02-08|14:59:05.015] Imported new chain segment               blocks=1 txs=0 mgas=0.000 elapsed="929.042µs" mgasps=0.000   number=1876 hash=2be02c..5cdc92 dirty=1.37KiB
INFO [02-08|14:59:05.016] Commit new mining work                   number=1877 sealhash=b29be1..6f40c5 uncles=0 txs=0 gas=0       fees=0 elapsed="311.208µs"
INFO [02-08|14:59:06.453] Looking for peers                        peercount=4 tried=3 static=8
INFO [02-08|14:59:10.012] Imported new chain segment               blocks=1 txs=0 mgas=0.000 elapsed="948.042µs" mgasps=0.000   number=1877 hash=ee6bc1..e61ce9 dirty=1.37KiB
INFO [02-08|14:59:10.013] QBFT: start new round                    address=0xDF8b560be949C229C821731554C33EAD5E3888A4 old.round=0  old.sequence=1877 old.state="Accept request" old.proposer=0x93917cADBace5dFCE132B991732c6Cda9bcC5B8a next.round=0 next.seq=1878 next.proposer=0x98C1334496614aED49d2E81526D089f7264fED9C next.valSet="[0x27A97C9AaF04f18f3014c32e036dD0Ac76Da5f18 0x93917cADBace5dFCE132B991732c6Cda9bcC5B8a 0x98C1334496614aED49d2E81526D089f7264fED9C 0xcE412f988377e31F4d0fF12d74df73B51C42d0cA]" next.size=4 next.IsProposer=false
INFO [02-08|14:59:15.014] Imported new chain segment               blocks=1 txs=0 mgas=0.000 elapsed="852.584µs" mgasps=0.000   number=1878 hash=d4fdce..56be79 dirty=1.37KiB
INFO [02-08|14:59:20.015] Imported new chain segment               blocks=1 txs=0 mgas=0.000 elapsed="663.416µs" mgasps=0.000   number=1879 hash=372711..a2f553 dirty=1.37KiB
INFO [02-08|14:59:25.021] Imported new chain segment               blocks=1 txs=0 mgas=0.000 elapsed="614.708µs" mgasps=0.000   number=1880 hash=34438b..18e638 dirty=1.37KiB
INFO [02-08|14:59:25.022] Commit new mining work                   number=1881 sealhash=6f9b6c..97a2cc uncles=0 txs=0 gas=0       fees=0 elapsed="211.459µs"
WARN [02-08|14:59:30.013] Block sealing failed                     err=unauthorized
INFO [02-08|14:59:35.016] QBFT: start new round                    address=0xDF8b560be949C229C821731554C33EAD5E3888A4 old.round=0  old.sequence=1882 old.state="Accept request" old.proposer=0x98C1334496614aED49d2E81526D089f7264fED9C next.round=0 next.seq=1883 next.proposer=0xcE412f988377e31F4d0fF12d74df73B51C42d0cA next.valSet="[0x27A97C9AaF04f18f3014c32e036dD0Ac76Da5f18 0x93917cADBace5dFCE132B991732c6Cda9bcC5B8a 0x98C1334496614aED49d2E81526D089f7264fED9C 0xcE412f988377e31F4d0fF12d74df73B51C42d0cA]" next.size=4 next.IsProposer=false
INFO [02-08|14:59:40.012] Imported new chain segment               blocks=1 txs=0 mgas=0.000 elapsed="966.416µs" mgasps=0.000   number=1883 hash=ddb70c..4a2bc1 dirty=1.37KiB
INFO [02-08|14:59:45.014] QBFT: initialize new round               address=0xDF8b560be949C229C821731554C33EAD5E3888A4 current.round=0 current.sequence=1884 target.round=0 lastProposal.number=1884 lastProposal.hash=860ac9..efdee4
INFO [02-08|14:59:45.014] QBFT: start new round                    address=0xDF8b560be949C229C821731554C33EAD5E3888A4 old.round=0  old.sequence=1884 old.state="Accept request" old.proposer=0x27A97C9AaF04f18f3014c32e036dD0Ac76Da5f18 next.round=0 next.seq=1885 next.proposer=0x93917cADBace5dFCE132B991732c6Cda9bcC5B8a next.valSet="[0x27A97C9AaF04f18f3014c32e036dD0Ac76Da5f18 0x93917cADBace5dFCE132B991732c6Cda9bcC5B8a 0x98C1334496614aED49d2E81526D089f7264fED9C 0xcE412f988377e31F4d0fF12d74df73B51C42d0cA]" next.size=4 next.IsProposer=false
INFO [02-08|14:59:50.014] Imported new chain segment               blocks=1 txs=0 mgas=0.000 elapsed="931.375µs" mgasps=0.000   number=1885 hash=5119f1..61c46c dirty=1.37KiB
WARN [02-08|14:59:50.015] Block sealing failed                     err=unauthorized
INFO [02-08|14:59:55.013] QBFT: start new round                    address=0xDF8b560be949C229C821731554C33EAD5E3888A4 old.round=0  old.sequence=1886 old.state="Accept request" old.proposer=0x98C1334496614aED49d2E81526D089f7264fED9C next.round=0 next.seq=1887 next.proposer=0xcE412f988377e31F4d0fF12d74df73B51C42d0cA next.valSet="[0x27A97C9AaF04f18f3014c32e036dD0Ac76Da5f18 0x93917cADBace5dFCE132B991732c6Cda9bcC5B8a 0x98C1334496614aED49d2E81526D089f7264fED9C 0xcE412f988377e31F4d0fF12d74df73B51C42d0cA]" next.size=4 next.IsProposer=false
INFO [02-08|15:00:00.020] Imported new chain segment               blocks=1 txs=0 mgas=0.000 elapsed="723.75µs"  mgasps=0.000   number=1887 hash=6022df..2fdd48 dirty=1.37KiB
WARN [02-08|15:00:00.021] Block sealing failed                     err=unauthorized
INFO [02-08|15:00:10.014] Imported new chain segment               blocks=1 txs=0 mgas=0.000 elapsed=1.024ms     mgasps=0.000   number=1889 hash=b1d81a..87ec83 dirty=1.37KiB
INFO [02-08|15:00:15.003] Imported new chain segment               blocks=1 txs=0 mgas=0.000 elapsed="265.083µs" mgasps=0.000   number=1890 hash=e7b278..402538 dirty=1.37KiB
INFO [02-08|15:00:16.459] Looking for peers                        peercount=4 tried=3 static=8
INFO [02-08|15:00:20.005] Imported new chain segment               blocks=1 txs=0 mgas=0.000 elapsed="334.875µs" mgasps=0.000   number=1891 hash=28b9e0..7e4d28 dirty=1.37KiB
INFO [02-08|15:00:25.010] Imported new chain segment               blocks=1 txs=0 mgas=0.000 elapsed="856.709µs" mgasps=0.000   number=1892 hash=885d01..6a3432 dirty=1.37KiB
WARN [02-08|15:00:25.011] Block sealing failed                     err=unauthorized
INFO [02-08|15:00:25.011] QBFT: start new round                    address=0xDF8b560be949C229C821731554C33EAD5E3888A4 old.round=0  old.sequence=1892 old.state="Accept request" old.proposer=0x27A97C9AaF04f18f3014c32e036dD0Ac76Da5f18 next.round=0 next.seq=1893 next.proposer=0x93917cADBace5dFCE132B991732c6Cda9bcC5B8a next.valSet="[0x27A97C9AaF04f18f3014c32e036dD0Ac76Da5f18 0x93917cADBace5dFCE132B991732c6Cda9bcC5B8a 0x98C1334496614aED49d2E81526D089f7264fED9C 0xcE412f988377e31F4d0fF12d74df73B51C42d0cA]" next.size=4 next.IsProposer=false
INFO [02-08|15:00:30.011] Commit new mining work                   number=1894 sealhash=fc4972..2baa88 uncles=0 txs=0 gas=0       fees=0 elapsed="302.583µs"
WARN [02-08|15:00:30.011] Block sealing failed                     err=unauthorized
INFO [02-08|15:00:35.012] Imported new chain segment               blocks=1 txs=0 mgas=0.000 elapsed=1.115ms     mgasps=0.000   number=1894 hash=e4682b..2255df dirty=1.37KiB
INFO [02-08|15:00:35.013] Commit new mining work                   number=1895 sealhash=910cc2..0f6c72 uncles=0 txs=0 gas=0       fees=0 elapsed="297.625µs"
INFO [02-08|15:00:40.010] Imported new chain segment               blocks=1 txs=0 mgas=0.000 elapsed="891.167µs" mgasps=0.000   number=1895 hash=846449..e88971 dirty=1.37KiB
INFO [02-08|15:00:45.011] Commit new mining work                   number=1897 sealhash=2260d9..13dc9d uncles=0 txs=0 gas=0       fees=0 elapsed="268.375µs"
INFO [02-08|15:00:45.011] QBFT: handle final committed             address=0xDF8b560be949C229C821731554C33EAD5E3888A4 current.round=0 current.sequence=1896 state="Accept request"
INFO [02-08|15:00:45.011] QBFT: initialize new round               address=0xDF8b560be949C229C821731554C33EAD5E3888A4 current.round=0 current.sequence=1896 target.round=0 lastProposal.number=1896 lastProposal.hash=abaded..c79597
INFO [02-08|15:00:50.016] QBFT: initialize new round               address=0xDF8b560be949C229C821731554C33EAD5E3888A4 current.round=0 current.sequence=1897 target.round=0 lastProposal.number=1897 lastProposal.hash=9fa2ac..fc02aa
INFO [02-08|15:00:55.020] Imported new chain segment               blocks=1 txs=0 mgas=0.000 elapsed="933.584µs" mgasps=0.000   number=1898 hash=60655a..30f51f dirty=1.37KiB
INFO [02-08|15:01:00.024] Imported new chain segment               blocks=1 txs=0 mgas=0.000 elapsed="775.709µs" mgasps=0.000   number=1899 hash=01ac53..69bedf dirty=1.37KiB
INFO [02-08|15:01:00.025] QBFT: handle final committed             address=0xDF8b560be949C229C821731554C33EAD5E3888A4 current.round=0 current.sequence=1899 state="Accept request"
INFO [02-08|15:01:00.025] QBFT: start new round                    address=0xDF8b560be949C229C821731554C33EAD5E3888A4 old.round=0  old.sequence=1899 old.state="Accept request" old.proposer=0xcE412f988377e31F4d0fF12d74df73B51C42d0cA next.round=0 next.seq=1900 next.proposer=0x27A97C9AaF04f18f3014c32e036dD0Ac76Da5f18 next.valSet="[0x27A97C9AaF04f18f3014c32e036dD0Ac76Da5f18 0x93917cADBace5dFCE132B991732c6Cda9bcC5B8a 0x98C1334496614aED49d2E81526D089f7264fED9C 0xcE412f988377e31F4d0fF12d74df73B51C42d0cA]" next.size=4 next.IsProposer=false
INFO [02-08|15:01:05.015] Imported new chain segment               blocks=1 txs=0 mgas=0.000 elapsed=1.137ms     mgasps=0.000   number=1900 hash=b40034..1e93d8 dirty=1.37KiB
INFO [02-08|15:01:05.016] QBFT: start new round                    address=0xDF8b560be949C229C821731554C33EAD5E3888A4 old.round=0  old.sequence=1900 old.state="Accept request" old.proposer=0x27A97C9AaF04f18f3014c32e036dD0Ac76Da5f18 next.round=0 next.seq=1901 next.proposer=0x93917cADBace5dFCE132B991732c6Cda9bcC5B8a next.valSet="[0x27A97C9AaF04f18f3014c32e036dD0Ac76Da5f18 0x93917cADBace5dFCE132B991732c6Cda9bcC5B8a 0x98C1334496614aED49d2E81526D089f7264fED9C 0xcE412f988377e31F4d0fF12d74df73B51C42d0cA]" next.size=4 next.IsProposer=false
INFO [02-08|15:01:10.012] Imported new chain segment               blocks=1 txs=0 mgas=0.000 elapsed="857.5µs"   mgasps=0.000   number=1901 hash=f3b26c..4b22c7 dirty=1.37KiB
INFO [02-08|15:01:10.013] Commit new mining work                   number=1902 sealhash=aefd12..8a9925 uncles=0 txs=0 gas=0       fees=0 elapsed="274.208µs"
INFO [02-08|15:01:15.011] Imported new chain segment               blocks=1 txs=0 mgas=0.000 elapsed="750.417µs" mgasps=0.000   number=1902 hash=1a5f64..34d09d dirty=1.37KiB
INFO [02-08|15:01:15.011] QBFT: handle final committed             address=0xDF8b560be949C229C821731554C33EAD5E3888A4 current.round=0 current.sequence=1902 state="Accept request"
INFO [02-08|15:01:15.011] QBFT: start new round                    address=0xDF8b560be949C229C821731554C33EAD5E3888A4 old.round=0  old.sequence=1902 old.state="Accept request" old.proposer=0x98C1334496614aED49d2E81526D089f7264fED9C next.round=0 next.seq=1903 next.proposer=0xcE412f988377e31F4d0fF12d74df73B51C42d0cA next.valSet="[0x27A97C9AaF04f18f3014c32e036dD0Ac76Da5f18 0x93917cADBace5dFCE132B991732c6Cda9bcC5B8a 0x98C1334496614aED49d2E81526D089f7264fED9C 0xcE412f988377e31F4d0fF12d74df73B51C42d0cA]" next.size=4 next.IsProposer=false
INFO [02-08|15:01:20.015] Imported new chain segment               blocks=1 txs=0 mgas=0.000 elapsed="751.042µs" mgasps=0.000   number=1903 hash=c986b6..6b468a dirty=1.37KiB
INFO [02-08|15:01:20.016] QBFT: start new round                    address=0xDF8b560be949C229C821731554C33EAD5E3888A4 old.round=0  old.sequence=1903 old.state="Accept request" old.proposer=0xcE412f988377e31F4d0fF12d74df73B51C42d0cA next.round=0 next.seq=1904 next.proposer=0x27A97C9AaF04f18f3014c32e036dD0Ac76Da5f18 next.valSet="[0x27A97C9AaF04f18f3014c32e036dD0Ac76Da5f18 0x93917cADBace5dFCE132B991732c6Cda9bcC5B8a 0x98C1334496614aED49d2E81526D089f7264fED9C 0xcE412f988377e31F4d0fF12d74df73B51C42d0cA]" next.size=4 next.IsProposer=false
INFO [02-08|15:01:25.015] Imported new chain segment               blocks=1 txs=0 mgas=0.000 elapsed="971.417µs" mgasps=0.000   number=1904 hash=713191..4627b0 dirty=1.37KiB
INFO [02-08|15:01:25.016] QBFT: start new round                    address=0xDF8b560be949C229C821731554C33EAD5E3888A4 old.round=0  old.sequence=1904 old.state="Accept request" old.proposer=0x27A97C9AaF04f18f3014c32e036dD0Ac76Da5f18 next.round=0 next.seq=1905 next.proposer=0x93917cADBace5dFCE132B991732c6Cda9bcC5B8a next.valSet="[0x27A97C9AaF04f18f3014c32e036dD0Ac76Da5f18 0x93917cADBace5dFCE132B991732c6Cda9bcC5B8a 0x98C1334496614aED49d2E81526D089f7264fED9C 0xcE412f988377e31F4d0fF12d74df73B51C42d0cA]" next.size=4 next.IsProposer=false
INFO [02-08|15:01:26.465] Looking for peers                        peercount=4 tried=3 static=8
INFO [02-08|15:01:30.014] Imported new chain segment               blocks=1 txs=0 mgas=0.000 elapsed=1.396ms     mgasps=0.000   number=1905 hash=3470b4..0c4d26 dirty=1.37KiB
INFO [02-08|15:01:35.014] Imported new chain segment               blocks=1 txs=0 mgas=0.000 elapsed=1.158ms     mgasps=0.000   number=1906 hash=d5075b..5d607d dirty=1.37KiB
INFO [02-08|15:01:40.012] Imported new chain segment               blocks=1 txs=0 mgas=0.000 elapsed="872.75µs"  mgasps=0.000   number=1907 hash=12580d..7db8dc dirty=1.37KiB
INFO [02-08|15:01:40.012] QBFT: handle final committed             address=0xDF8b560be949C229C821731554C33EAD5E3888A4 current.round=0 current.sequence=1907 state="Accept request"
INFO [02-08|15:01:45.010] QBFT: initialize new round               address=0xDF8b560be949C229C821731554C33EAD5E3888A4 current.round=0 current.sequence=1908 target.round=0 lastProposal.number=1908 lastProposal.hash=f36559..82024d
INFO [02-08|15:01:50.017] Imported new chain segment               blocks=1 txs=0 mgas=0.000 elapsed="871.167µs" mgasps=0.000   number=1909 hash=ab6010..7911cd dirty=1.37KiB
INFO [02-08|15:01:50.017] Commit new mining work                   number=1910 sealhash=2a261b..d5b26a uncles=0 txs=0 gas=0       fees=0 elapsed="238.833µs"
INFO [02-08|15:01:55.010] Imported new chain segment               blocks=1 txs=0 mgas=0.000 elapsed=1.168ms     mgasps=0.000   number=1910 hash=e1cd99..1157c6 dirty=1.37KiB
INFO [02-08|15:02:00.024] Imported new chain segment               blocks=1 txs=0 mgas=0.000 elapsed=1.023ms     mgasps=0.000   number=1911 hash=8daa0d..238f4d dirty=1.37KiB
INFO [02-08|15:02:01.470] Looking for peers                        peercount=4 tried=3 static=8
INFO [02-08|15:02:05.015] Imported new chain segment               blocks=1 txs=0 mgas=0.000 elapsed="894.375µs" mgasps=0.000   number=1912 hash=172ca8..b39fe6 dirty=1.37KiB
INFO [02-08|15:02:05.015] Commit new mining work                   number=1913 sealhash=3db882..4fbf2f uncles=0 txs=0 gas=0       fees=0 elapsed="210.25µs"
INFO [02-08|15:02:10.014] Imported new chain segment               blocks=1 txs=0 mgas=0.000 elapsed=1.012ms     mgasps=0.000   number=1913 hash=a551f6..cfd879 dirty=1.37KiB
INFO [02-08|15:02:10.014] Commit new mining work                   number=1914 sealhash=eadb36..948d4d uncles=0 txs=0 gas=0       fees=0 elapsed="306.125µs"
WARN [02-08|15:02:10.014] Block sealing failed                     err=unauthorized
INFO [02-08|15:02:15.015] QBFT: handle final committed             address=0xDF8b560be949C229C821731554C33EAD5E3888A4 current.round=0 current.sequence=1914 state="Accept request"
INFO [02-08|15:02:15.015] QBFT: initialize new round               address=0xDF8b560be949C229C821731554C33EAD5E3888A4 current.round=0 current.sequence=1914 target.round=0 lastProposal.number=1914 lastProposal.hash=b70940..5333c1
WARN [02-08|15:02:15.015] Block sealing failed                     err=unauthorized
INFO [02-08|15:02:20.014] Imported new chain segment               blocks=1 txs=0 mgas=0.000 elapsed="836.167µs" mgasps=0.000   number=1915 hash=c78bf2..2183e3 dirty=1.37KiB
INFO [02-08|15:02:20.014] QBFT: start new round                    address=0xDF8b560be949C229C821731554C33EAD5E3888A4 old.round=0  old.sequence=1915 old.state="Accept request" old.proposer=0xcE412f988377e31F4d0fF12d74df73B51C42d0cA next.round=0 next.seq=1916 next.proposer=0x27A97C9AaF04f18f3014c32e036dD0Ac76Da5f18 next.valSet="[0x27A97C9AaF04f18f3014c32e036dD0Ac76Da5f18 0x93917cADBace5dFCE132B991732c6Cda9bcC5B8a 0x98C1334496614aED49d2E81526D089f7264fED9C 0xcE412f988377e31F4d0fF12d74df73B51C42d0cA]" next.size=4 next.IsProposer=false
INFO [02-08|15:02:25.021] Imported new chain segment               blocks=1 txs=0 mgas=0.000 elapsed=3.568ms     mgasps=0.000   number=1916 hash=f5c217..4806e4 dirty=1.37KiB
INFO [02-08|15:02:25.021] QBFT: start new round                    address=0xDF8b560be949C229C821731554C33EAD5E3888A4 old.round=0  old.sequence=1916 old.state="Accept request" old.proposer=0x27A97C9AaF04f18f3014c32e036dD0Ac76Da5f18 next.round=0 next.seq=1917 next.proposer=0x93917cADBace5dFCE132B991732c6Cda9bcC5B8a next.valSet="[0x27A97C9AaF04f18f3014c32e036dD0Ac76Da5f18 0x93917cADBace5dFCE132B991732c6Cda9bcC5B8a 0x98C1334496614aED49d2E81526D089f7264fED9C 0xcE412f988377e31F4d0fF12d74df73B51C42d0cA]" next.size=4 next.IsProposer=false
INFO [02-08|15:02:30.010] QBFT: handle final committed             address=0xDF8b560be949C229C821731554C33EAD5E3888A4 current.round=0 current.sequence=1917 state="Accept request"
INFO [02-08|15:02:35.012] Imported new chain segment               blocks=1 txs=0 mgas=0.000 elapsed="882.75µs"  mgasps=0.000   number=1918 hash=38ad9b..525a56 dirty=1.37KiB
INFO [02-08|15:02:36.473] Looking for peers                        peercount=4 tried=3 static=8
INFO [02-08|15:02:40.011] Imported new chain segment               blocks=1 txs=0 mgas=0.000 elapsed="855.5µs"   mgasps=0.000   number=1919 hash=41047e..9ed5d9 dirty=1.37KiB
INFO [02-08|15:02:40.012] QBFT: handle final committed             address=0xDF8b560be949C229C821731554C33EAD5E3888A4 current.round=0 current.sequence=1919 state="Accept request"
INFO [02-08|15:02:45.009] Imported new chain segment               blocks=1 txs=0 mgas=0.000 elapsed="534.542µs" mgasps=0.000   number=1920 hash=339344..8e3afd dirty=1.37KiB
INFO [02-08|15:02:45.010] Commit new mining work                   number=1921 sealhash=a452e6..d7089d uncles=0 txs=0 gas=0       fees=0 elapsed="168.25µs"
INFO [02-08|15:02:50.012] Imported new chain segment               blocks=1 txs=0 mgas=0.000 elapsed=1.226ms     mgasps=0.000   number=1921 hash=dc099e..ae6d60 dirty=1.37KiB
INFO [02-08|15:02:55.012] Commit new mining work                   number=1923 sealhash=e53342..acc69e uncles=0 txs=0 gas=0       fees=0 elapsed="240.5µs"
INFO [02-08|15:03:00.011] QBFT: initialize new round               address=0xDF8b560be949C229C821731554C33EAD5E3888A4 current.round=0 current.sequence=1923 target.round=0 lastProposal.number=1923 lastProposal.hash=09a279..50bc30
INFO [02-08|15:03:05.016] Imported new chain segment               blocks=1 txs=0 mgas=0.000 elapsed="871.958µs" mgasps=0.000   number=1924 hash=646c68..97b784 dirty=1.37KiB
INFO [02-08|15:03:10.012] Imported new chain segment               blocks=1 txs=0 mgas=0.000 elapsed="951.958µs" mgasps=0.000   number=1925 hash=30d61f..95415e dirty=1.37KiB
INFO [02-08|15:03:10.012] QBFT: handle final committed             address=0xDF8b560be949C229C821731554C33EAD5E3888A4 current.round=0 current.sequence=1925 state="Accept request"
INFO [02-08|15:03:15.013] Imported new chain segment               blocks=1 txs=0 mgas=0.000 elapsed=1.005ms     mgasps=0.000   number=1926 hash=ffddf1..861e67 dirty=1.37KiB
INFO [02-08|15:03:25.012] Commit new mining work                   number=1929 sealhash=4a791c..909796 uncles=0 txs=0 gas=0       fees=0 elapsed="233.584µs"
INFO [02-08|15:03:30.020] Imported new chain segment               blocks=1 txs=0 mgas=0.000 elapsed=1.288ms     mgasps=0.000   number=1929 hash=70dbff..1bbfa7 dirty=1.37KiB
INFO [02-08|15:03:30.021] QBFT: initialize new round               address=0xDF8b560be949C229C821731554C33EAD5E3888A4 current.round=0 current.sequence=1929 target.round=0 lastProposal.number=1929 lastProposal.hash=70dbff..1bbfa7
WARN [02-08|15:03:30.021] Block sealing failed                     err=unauthorized
WARN [02-08|15:03:35.012] Block sealing failed                     err=unauthorized
INFO [02-08|15:03:40.022] Imported new chain segment               blocks=1 txs=0 mgas=0.000 elapsed=1.147ms     mgasps=0.000   number=1931 hash=ad4436..a3bc66 dirty=1.37KiB
INFO [02-08|15:03:40.022] Commit new mining work                   number=1932 sealhash=50b29d..ae0b4d uncles=0 txs=0 gas=0       fees=0 elapsed="351.625µs"
INFO [02-08|15:03:40.023] QBFT: start new round                    address=0xDF8b560be949C229C821731554C33EAD5E3888A4 old.round=0  old.sequence=1931 old.state="Accept request" old.proposer=0xcE412f988377e31F4d0fF12d74df73B51C42d0cA next.round=0 next.seq=1932 next.proposer=0x27A97C9AaF04f18f3014c32e036dD0Ac76Da5f18 next.valSet="[0x27A97C9AaF04f18f3014c32e036dD0Ac76Da5f18 0x93917cADBace5dFCE132B991732c6Cda9bcC5B8a 0x98C1334496614aED49d2E81526D089f7264fED9C 0xcE412f988377e31F4d0fF12d74df73B51C42d0cA]" next.size=4 next.IsProposer=false
INFO [02-08|15:03:45.017] Imported new chain segment               blocks=1 txs=0 mgas=0.000 elapsed=1.322ms     mgasps=0.000   number=1932 hash=033580..8cba98 dirty=1.37KiB
INFO [02-08|15:03:46.481] Looking for peers                        peercount=4 tried=3 static=8
INFO [02-08|15:03:50.013] Imported new chain segment               blocks=1 txs=0 mgas=0.000 elapsed="863.958µs" mgasps=0.000   number=1933 hash=c7dc46..9e8b15 dirty=1.37KiB
INFO [02-08|15:03:50.014] QBFT: start new round                    address=0xDF8b560be949C229C821731554C33EAD5E3888A4 old.round=0  old.sequence=1933 old.state="Accept request" old.proposer=0x93917cADBace5dFCE132B991732c6Cda9bcC5B8a next.round=0 next.seq=1934 next.proposer=0x98C1334496614aED49d2E81526D089f7264fED9C next.valSet="[0x27A97C9AaF04f18f3014c32e036dD0Ac76Da5f18 0x93917cADBace5dFCE132B991732c6Cda9bcC5B8a 0x98C1334496614aED49d2E81526D089f7264fED9C 0xcE412f988377e31F4d0fF12d74df73B51C42d0cA]" next.size=4 next.IsProposer=false
INFO [02-08|15:03:55.016] Imported new chain segment               blocks=1 txs=0 mgas=0.000 elapsed=1.090ms     mgasps=0.000   number=1934 hash=233383..467f4e dirty=1.37KiB
INFO [02-08|15:04:00.019] Imported new chain segment               blocks=1 txs=0 mgas=0.000 elapsed=1.668ms     mgasps=0.000   number=1935 hash=4e9f51..cf4fbc dirty=1.37KiB
INFO [02-08|15:04:05.009] Imported new chain segment               blocks=1 txs=0 mgas=0.000 elapsed="689.25µs"  mgasps=0.000   number=1936 hash=f8e4ed..3b98ed dirty=1.37KiB
INFO [02-08|15:04:05.009] QBFT: handle final committed             address=0xDF8b560be949C229C821731554C33EAD5E3888A4 current.round=0 current.sequence=1936 state="Accept request"
INFO [02-08|15:04:05.010] QBFT: start new round                    address=0xDF8b560be949C229C821731554C33EAD5E3888A4 old.round=0  old.sequence=1936 old.state="Accept request" old.proposer=0x27A97C9AaF04f18f3014c32e036dD0Ac76Da5f18 next.round=0 next.seq=1937 next.proposer=0x93917cADBace5dFCE132B991732c6Cda9bcC5B8a next.valSet="[0x27A97C9AaF04f18f3014c32e036dD0Ac76Da5f18 0x93917cADBace5dFCE132B991732c6Cda9bcC5B8a 0x98C1334496614aED49d2E81526D089f7264fED9C 0xcE412f988377e31F4d0fF12d74df73B51C42d0cA]" next.size=4 next.IsProposer=false
INFO [02-08|15:04:15.012] Imported new chain segment               blocks=1 txs=0 mgas=0.000 elapsed="917.25µs"  mgasps=0.000   number=1938 hash=2d9713..e65005 dirty=1.37KiB
INFO [02-08|15:04:15.012] QBFT: start new round                    address=0xDF8b560be949C229C821731554C33EAD5E3888A4 old.round=0  old.sequence=1938 old.state="Accept request" old.proposer=0x98C1334496614aED49d2E81526D089f7264fED9C next.round=0 next.seq=1939 next.proposer=0xcE412f988377e31F4d0fF12d74df73B51C42d0cA next.valSet="[0x27A97C9AaF04f18f3014c32e036dD0Ac76Da5f18 0x93917cADBace5dFCE132B991732c6Cda9bcC5B8a 0x98C1334496614aED49d2E81526D089f7264fED9C 0xcE412f988377e31F4d0fF12d74df73B51C42d0cA]" next.size=4 next.IsProposer=false
WARN [02-08|15:04:20.009] Block sealing failed                     err=unauthorized
INFO [02-08|15:04:21.483] Looking for peers                        peercount=4 tried=3 static=8
INFO [02-08|15:04:25.012] Commit new mining work                   number=1941 sealhash=eb9ef3..8cc822 uncles=0 txs=0 gas=0       fees=0 elapsed="260.625µs"
INFO [02-08|15:04:25.012] QBFT: handle final committed             address=0xDF8b560be949C229C821731554C33EAD5E3888A4 current.round=0 current.sequence=1940 state="Accept request"
INFO [02-08|15:04:25.012] QBFT: initialize new round               address=0xDF8b560be949C229C821731554C33EAD5E3888A4 current.round=0 current.sequence=1940 target.round=0 lastProposal.number=1940 lastProposal.hash=35a2a1..fd51b8
INFO [02-08|15:04:30.011] Imported new chain segment               blocks=1 txs=0 mgas=0.000 elapsed="904.125µs" mgasps=0.000   number=1941 hash=b1eff8..f7f0ae dirty=1.37KiB
INFO [02-08|15:04:30.011] Commit new mining work                   number=1942 sealhash=631f26..58f9f6 uncles=0 txs=0 gas=0       fees=0 elapsed="223.791µs"
WARN [02-08|15:04:30.011] Block sealing failed                     err=unauthorized
INFO [02-08|15:04:30.011] QBFT: handle final committed             address=0xDF8b560be949C229C821731554C33EAD5E3888A4 current.round=0 current.sequence=1941 state="Accept request"
INFO [02-08|15:04:30.011] QBFT: initialize new round               address=0xDF8b560be949C229C821731554C33EAD5E3888A4 current.round=0 current.sequence=1941 target.round=0 lastProposal.number=1941 lastProposal.hash=b1eff8..f7f0ae
INFO [02-08|15:04:30.011] QBFT: start new round                    address=0xDF8b560be949C229C821731554C33EAD5E3888A4 old.round=0  old.sequence=1941 old.state="Accept request" old.proposer=0x93917cADBace5dFCE132B991732c6Cda9bcC5B8a next.round=0 next.seq=1942 next.proposer=0x98C1334496614aED49d2E81526D089f7264fED9C next.valSet="[0x27A97C9AaF04f18f3014c32e036dD0Ac76Da5f18 0x93917cADBace5dFCE132B991732c6Cda9bcC5B8a 0x98C1334496614aED49d2E81526D089f7264fED9C 0xcE412f988377e31F4d0fF12d74df73B51C42d0cA]" next.size=4 next.IsProposer=false
INFO [02-08|15:04:35.014] QBFT: handle final committed             address=0xDF8b560be949C229C821731554C33EAD5E3888A4 current.round=0 current.sequence=1942 state="Accept request"
INFO [02-08|15:04:40.013] Imported new chain segment               blocks=1 txs=0 mgas=0.000 elapsed="965.667µs" mgasps=0.000   number=1943 hash=bd8a02..a6d452 dirty=1.37KiB
INFO [02-08|15:04:40.014] QBFT: handle final committed             address=0xDF8b560be949C229C821731554C33EAD5E3888A4 current.round=0 current.sequence=1943 state="Accept request"
INFO [02-08|15:04:45.015] Imported new chain segment               blocks=1 txs=0 mgas=0.000 elapsed="988.25µs"  mgasps=0.000   number=1944 hash=d2a24d..739053 dirty=1.37KiB
INFO [02-08|15:04:45.016] QBFT: initialize new round               address=0xDF8b560be949C229C821731554C33EAD5E3888A4 current.round=0 current.sequence=1944 target.round=0 lastProposal.number=1944 lastProposal.hash=d2a24d..739053
INFO [02-08|15:04:45.016] QBFT: start new round                    address=0xDF8b560be949C229C821731554C33EAD5E3888A4 old.round=0  old.sequence=1944 old.state="Accept request" old.proposer=0x27A97C9AaF04f18f3014c32e036dD0Ac76Da5f18 next.round=0 next.seq=1945 next.proposer=0x93917cADBace5dFCE132B991732c6Cda9bcC5B8a next.valSet="[0x27A97C9AaF04f18f3014c32e036dD0Ac76Da5f18 0x93917cADBace5dFCE132B991732c6Cda9bcC5B8a 0x98C1334496614aED49d2E81526D089f7264fED9C 0xcE412f988377e31F4d0fF12d74df73B51C42d0cA]" next.size=4 next.IsProposer=false
WARN [02-08|15:04:45.016] Block sealing failed                     err=unauthorized
INFO [02-08|15:04:50.016] Imported new chain segment               blocks=1 txs=0 mgas=0.000 elapsed="660.917µs" mgasps=0.000   number=1945 hash=af5ab4..86263a dirty=1.37KiB
INFO [02-08|15:04:50.017] QBFT: handle final committed             address=0xDF8b560be949C229C821731554C33EAD5E3888A4 current.round=0 current.sequence=1945 state="Accept request"
INFO [02-08|15:04:50.017] QBFT: initialize new round               address=0xDF8b560be949C229C821731554C33EAD5E3888A4 current.round=0 current.sequence=1945 target.round=0 lastProposal.number=1945 lastProposal.hash=af5ab4..86263a
INFO [02-08|15:04:55.010] Imported new chain segment               blocks=1 txs=0 mgas=0.000 elapsed="968.083µs" mgasps=0.000   number=1946 hash=1739ba..653495 dirty=1.37KiB
INFO [02-08|15:04:55.011] QBFT: initialize new round               address=0xDF8b560be949C229C821731554C33EAD5E3888A4 current.round=0 current.sequence=1946 target.round=0 lastProposal.number=1946 lastProposal.hash=1739ba..653495
INFO [02-08|15:05:00.021] Imported new chain segment               blocks=1 txs=0 mgas=0.000 elapsed="926.334µs" mgasps=0.000   number=1947 hash=bd61b0..a6325b dirty=1.37KiB
INFO [02-08|15:05:00.021] QBFT: handle final committed             address=0xDF8b560be949C229C821731554C33EAD5E3888A4 current.round=0 current.sequence=1947 state="Accept request"
INFO [02-08|15:05:00.021] QBFT: start new round                    address=0xDF8b560be949C229C821731554C33EAD5E3888A4 old.round=0  old.sequence=1947 old.state="Accept request" old.proposer=0xcE412f988377e31F4d0fF12d74df73B51C42d0cA next.round=0 next.seq=1948 next.proposer=0x27A97C9AaF04f18f3014c32e036dD0Ac76Da5f18 next.valSet="[0x27A97C9AaF04f18f3014c32e036dD0Ac76Da5f18 0x93917cADBace5dFCE132B991732c6Cda9bcC5B8a 0x98C1334496614aED49d2E81526D089f7264fED9C 0xcE412f988377e31F4d0fF12d74df73B51C42d0cA]" next.size=4 next.IsProposer=false
INFO [02-08|15:05:05.019] Commit new mining work                   number=1949 sealhash=cec139..be2437 uncles=0 txs=0 gas=0       fees=0 elapsed="470.458µs"
INFO [02-08|15:05:10.005] QBFT: handle final committed             address=0xDF8b560be949C229C821731554C33EAD5E3888A4 current.round=0 current.sequence=1949 state="Accept request"
INFO [02-08|15:05:15.011] Imported new chain segment               blocks=1 txs=0 mgas=0.000 elapsed="538.583µs" mgasps=0.000   number=1950 hash=b12443..f0b83d dirty=1.37KiB
INFO [02-08|15:05:15.011] Commit new mining work                   number=1951 sealhash=9db628..94dd40 uncles=0 txs=0 gas=0       fees=0 elapsed="130.292µs"
INFO [02-08|15:05:15.012] QBFT: start new round                    address=0xDF8b560be949C229C821731554C33EAD5E3888A4 old.round=0  old.sequence=1950 old.state="Accept request" old.proposer=0x98C1334496614aED49d2E81526D089f7264fED9C next.round=0 next.seq=1951 next.proposer=0xcE412f988377e31F4d0fF12d74df73B51C42d0cA next.valSet="[0x27A97C9AaF04f18f3014c32e036dD0Ac76Da5f18 0x93917cADBace5dFCE132B991732c6Cda9bcC5B8a 0x98C1334496614aED49d2E81526D089f7264fED9C 0xcE412f988377e31F4d0fF12d74df73B51C42d0cA]" next.size=4 next.IsProposer=false
INFO [02-08|15:05:25.006] Imported new chain segment               blocks=1 txs=0 mgas=0.000 elapsed="694.584µs" mgasps=0.000   number=1952 hash=136f34..493d99 dirty=1.37KiB
INFO [02-08|15:05:25.006] QBFT: handle final committed             address=0xDF8b560be949C229C821731554C33EAD5E3888A4 current.round=0 current.sequence=1952 state="Accept request"
INFO [02-08|15:05:25.006] QBFT: initialize new round               address=0xDF8b560be949C229C821731554C33EAD5E3888A4 current.round=0 current.sequence=1952 target.round=0 lastProposal.number=1952 lastProposal.hash=136f34..493d99
INFO [02-08|15:05:30.012] QBFT: handle final committed             address=0xDF8b560be949C229C821731554C33EAD5E3888A4 current.round=0 current.sequence=1953 state="Accept request"
INFO [02-08|15:05:30.012] QBFT: initialize new round               address=0xDF8b560be949C229C821731554C33EAD5E3888A4 current.round=0 current.sequence=1953 target.round=0 lastProposal.number=1953 lastProposal.hash=30689e..a7376f
INFO [02-08|15:05:30.012] Commit new mining work                   number=1954 sealhash=d2111b..7222c5 uncles=0 txs=0 gas=0       fees=0 elapsed="300.916µs"
INFO [02-08|15:05:30.012] QBFT: start new round                    address=0xDF8b560be949C229C821731554C33EAD5E3888A4 old.round=0  old.sequence=1953 old.state="Accept request" old.proposer=0x93917cADBace5dFCE132B991732c6Cda9bcC5B8a next.round=0 next.seq=1954 next.proposer=0x98C1334496614aED49d2E81526D089f7264fED9C next.valSet="[0x27A97C9AaF04f18f3014c32e036dD0Ac76Da5f18 0x93917cADBace5dFCE132B991732c6Cda9bcC5B8a 0x98C1334496614aED49d2E81526D089f7264fED9C 0xcE412f988377e31F4d0fF12d74df73B51C42d0cA]" next.size=4 next.IsProposer=false
WARN [02-08|15:05:30.012] Block sealing failed                     err=unauthorized
INFO [02-08|15:05:31.487] Looking for peers                        peercount=4 tried=3 static=8
INFO [02-08|15:05:35.014] Imported new chain segment               blocks=1 txs=0 mgas=0.000 elapsed="706.584µs" mgasps=0.000   number=1954 hash=5e8550..dda08f dirty=1.37KiB
INFO [02-08|15:05:35.015] Commit new mining work                   number=1955 sealhash=1935ec..7f3d2d uncles=0 txs=0 gas=0       fees=0 elapsed="226.625µs"
INFO [02-08|15:05:35.015] QBFT: handle final committed             address=0xDF8b560be949C229C821731554C33EAD5E3888A4 current.round=0 current.sequence=1954 state="Accept request"
INFO [02-08|15:05:40.014] Imported new chain segment               blocks=1 txs=0 mgas=0.000 elapsed="936.625µs" mgasps=0.000   number=1955 hash=c25d0f..504916 dirty=1.37KiB
WARN [02-08|15:05:40.014] Block sealing failed                     err=unauthorized
INFO [02-08|15:05:45.012] Imported new chain segment               blocks=1 txs=0 mgas=0.000 elapsed=1.116ms     mgasps=0.000   number=1956 hash=6eaea8..3411e8 dirty=1.37KiB
INFO [02-08|15:05:50.012] Imported new chain segment               blocks=1 txs=0 mgas=0.000 elapsed=1.391ms     mgasps=0.000   number=1957 hash=c02869..68de03 dirty=1.37KiB
INFO [02-08|15:05:50.013] QBFT: initialize new round               address=0xDF8b560be949C229C821731554C33EAD5E3888A4 current.round=0 current.sequence=1957 target.round=0 lastProposal.number=1957 lastProposal.hash=c02869..68de03
INFO [02-08|15:05:55.013] Imported new chain segment               blocks=1 txs=0 mgas=0.000 elapsed=1.748ms     mgasps=0.000   number=1958 hash=bd7350..f9ac85 dirty=1.37KiB
INFO [02-08|15:05:55.014] QBFT: start new round                    address=0xDF8b560be949C229C821731554C33EAD5E3888A4 old.round=0  old.sequence=1958 old.state="Accept request" old.proposer=0x98C1334496614aED49d2E81526D089f7264fED9C next.round=0 next.seq=1959 next.proposer=0xcE412f988377e31F4d0fF12d74df73B51C42d0cA next.valSet="[0x27A97C9AaF04f18f3014c32e036dD0Ac76Da5f18 0x93917cADBace5dFCE132B991732c6Cda9bcC5B8a 0x98C1334496614aED49d2E81526D089f7264fED9C 0xcE412f988377e31F4d0fF12d74df73B51C42d0cA]" next.size=4 next.IsProposer=false
INFO [02-08|15:06:05.017] Imported new chain segment               blocks=1 txs=0 mgas=0.000 elapsed="830.625µs" mgasps=0.000   number=1960 hash=26fb24..7f9fa8 dirty=1.37KiB
INFO [02-08|15:06:10.013] Imported new chain segment               blocks=1 txs=0 mgas=0.000 elapsed="919.625µs" mgasps=0.000   number=1961 hash=130d74..31a453 dirty=1.37KiB
INFO [02-08|15:06:10.014] QBFT: handle final committed             address=0xDF8b560be949C229C821731554C33EAD5E3888A4 current.round=0 current.sequence=1961 state="Accept request"
WARN [02-08|15:06:10.014] Block sealing failed                     err=unauthorized
INFO [02-08|15:06:15.010] QBFT: handle final committed             address=0xDF8b560be949C229C821731554C33EAD5E3888A4 current.round=0 current.sequence=1962 state="Accept request"
INFO [02-08|15:06:20.017] Imported new chain segment               blocks=1 txs=0 mgas=0.000 elapsed="797.959µs" mgasps=0.000   number=1963 hash=9ffe0e..a20e5f dirty=1.37KiB
WARN [02-08|15:06:20.018] Block sealing failed                     err=unauthorized
INFO [02-08|15:06:20.018] QBFT: handle final committed             address=0xDF8b560be949C229C821731554C33EAD5E3888A4 current.round=0 current.sequence=1963 state="Accept request"
INFO [02-08|15:06:20.018] QBFT: initialize new round               address=0xDF8b560be949C229C821731554C33EAD5E3888A4 current.round=0 current.sequence=1963 target.round=0 lastProposal.number=1963 lastProposal.hash=9ffe0e..a20e5f
INFO [02-08|15:06:25.007] Imported new chain segment               blocks=1 txs=0 mgas=0.000 elapsed="450.292µs" mgasps=0.000   number=1964 hash=e2e7d1..1f0da1 dirty=1.37KiB
INFO [02-08|15:06:25.008] QBFT: handle final committed             address=0xDF8b560be949C229C821731554C33EAD5E3888A4 current.round=0 current.sequence=1964 state="Accept request"
INFO [02-08|15:06:25.008] QBFT: initialize new round               address=0xDF8b560be949C229C821731554C33EAD5E3888A4 current.round=0 current.sequence=1964 target.round=0 lastProposal.number=1964 lastProposal.hash=e2e7d1..1f0da1
INFO [02-08|15:06:30.009] Imported new chain segment               blocks=1 txs=0 mgas=0.000 elapsed="866.833µs" mgasps=0.000   number=1965 hash=d6d956..2c08ad dirty=1.37KiB
INFO [02-08|15:06:30.010] QBFT: handle final committed             address=0xDF8b560be949C229C821731554C33EAD5E3888A4 current.round=0 current.sequence=1965 state="Accept request"
INFO [02-08|15:06:35.518] Imported new chain segment               blocks=1 txs=0 mgas=0.000 elapsed=1.113ms     mgasps=0.000   number=1966 hash=709ecb..da29b4 dirty=1.37KiB
INFO [02-08|15:06:35.519] Commit new mining work                   number=1967 sealhash=9da811..b00ad6 uncles=0 txs=0 gas=0       fees=0 elapsed="317.792µs"
INFO [02-08|15:06:35.519] QBFT: handle final committed             address=0xDF8b560be949C229C821731554C33EAD5E3888A4 current.round=0 current.sequence=1966 state="Accept request"
INFO [02-08|15:06:35.519] QBFT: start new round                    address=0xDF8b560be949C229C821731554C33EAD5E3888A4 old.round=0  old.sequence=1966 old.state="Accept request" old.proposer=0x98C1334496614aED49d2E81526D089f7264fED9C next.round=0 next.seq=1967 next.proposer=0xcE412f988377e31F4d0fF12d74df73B51C42d0cA next.valSet="[0x27A97C9AaF04f18f3014c32e036dD0Ac76Da5f18 0x93917cADBace5dFCE132B991732c6Cda9bcC5B8a 0x98C1334496614aED49d2E81526D089f7264fED9C 0xcE412f988377e31F4d0fF12d74df73B51C42d0cA]" next.size=4 next.IsProposer=false
INFO [02-08|15:06:40.012] Imported new chain segment               blocks=1 txs=0 mgas=0.000 elapsed="998.416µs" mgasps=0.000   number=1967 hash=9521b4..7d253c dirty=1.37KiB
INFO [02-08|15:06:40.012] QBFT: handle final committed             address=0xDF8b560be949C229C821731554C33EAD5E3888A4 current.round=0 current.sequence=1967 state="Accept request"
INFO [02-08|15:06:41.492] Looking for peers                        peercount=4 tried=3 static=8
INFO [02-08|15:06:45.010] Imported new chain segment               blocks=1 txs=0 mgas=0.000 elapsed="971.083µs" mgasps=0.000   number=1968 hash=0805f8..9eb36c dirty=1.37KiB
WARN [02-08|15:06:45.010] Block sealing failed                     err=unauthorized
INFO [02-08|15:06:50.018] Imported new chain segment               blocks=1 txs=0 mgas=0.000 elapsed=1.052ms     mgasps=0.000   number=1969 hash=6f25e6..e1a4f7 dirty=1.37KiB
INFO [02-08|15:06:50.018] Commit new mining work                   number=1970 sealhash=39f29c..edcc96 uncles=0 txs=0 gas=0       fees=0 elapsed="396.375µs"
INFO [02-08|15:06:55.014] Imported new chain segment               blocks=1 txs=0 mgas=0.000 elapsed="788.75µs"  mgasps=0.000   number=1970 hash=d7fdc2..94cea2 dirty=1.37KiB
INFO [02-08|15:06:55.014] QBFT: handle final committed             address=0xDF8b560be949C229C821731554C33EAD5E3888A4 current.round=0 current.sequence=1970 state="Accept request"
INFO [02-08|15:07:00.021] Imported new chain segment               blocks=1 txs=0 mgas=0.000 elapsed="971.542µs" mgasps=0.000   number=1971 hash=b4b375..18d9ed dirty=1.37KiB
INFO [02-08|15:07:00.022] Commit new mining work                   number=1972 sealhash=c34b0f..24da72 uncles=0 txs=0 gas=0       fees=0 elapsed="247.666µs"
INFO [02-08|15:07:00.022] QBFT: start new round                    address=0xDF8b560be949C229C821731554C33EAD5E3888A4 old.round=0  old.sequence=1971 old.state="Accept request" old.proposer=0xcE412f988377e31F4d0fF12d74df73B51C42d0cA next.round=0 next.seq=1972 next.proposer=0x27A97C9AaF04f18f3014c32e036dD0Ac76Da5f18 next.valSet="[0x27A97C9AaF04f18f3014c32e036dD0Ac76Da5f18 0x93917cADBace5dFCE132B991732c6Cda9bcC5B8a 0x98C1334496614aED49d2E81526D089f7264fED9C 0xcE412f988377e31F4d0fF12d74df73B51C42d0cA]" next.size=4 next.IsProposer=false
INFO [02-08|15:07:05.011] QBFT: initialize new round               address=0xDF8b560be949C229C821731554C33EAD5E3888A4 current.round=0 current.sequence=1972 target.round=0 lastProposal.number=1972 lastProposal.hash=fbbc37..4ca897
INFO [02-08|15:07:15.010] Imported new chain segment               blocks=1 txs=0 mgas=0.000 elapsed=1.072ms     mgasps=0.000   number=1974 hash=18b37b..6d3b61 dirty=1.37KiB
INFO [02-08|15:07:15.010] QBFT: initialize new round               address=0xDF8b560be949C229C821731554C33EAD5E3888A4 current.round=0 current.sequence=1974 target.round=0 lastProposal.number=1974 lastProposal.hash=18b37b..6d3b61
INFO [02-08|15:07:16.494] Looking for peers                        peercount=4 tried=3 static=8
INFO [02-08|15:07:25.015] Commit new mining work                   number=1977 sealhash=c5aa7e..e9f8ed uncles=0 txs=0 gas=0       fees=0 elapsed="246.084µs"
WARN [02-08|15:07:25.015] Block sealing failed                     err=unauthorized
INFO [02-08|15:07:30.013] Imported new chain segment               blocks=1 txs=0 mgas=0.000 elapsed=1.431ms     mgasps=0.000   number=1977 hash=51b17f..86cda4 dirty=1.37KiB
INFO [02-08|15:07:30.015] QBFT: handle final committed             address=0xDF8b560be949C229C821731554C33EAD5E3888A4 current.round=0 current.sequence=1977 state="Accept request"
INFO [02-08|15:07:30.015] QBFT: initialize new round               address=0xDF8b560be949C229C821731554C33EAD5E3888A4 current.round=0 current.sequence=1977 target.round=0 lastProposal.number=1977 lastProposal.hash=51b17f..86cda4
INFO [02-08|15:07:30.015] QBFT: start new round                    address=0xDF8b560be949C229C821731554C33EAD5E3888A4 old.round=0  old.sequence=1977 old.state="Accept request" old.proposer=0x93917cADBace5dFCE132B991732c6Cda9bcC5B8a next.round=0 next.seq=1978 next.proposer=0x98C1334496614aED49d2E81526D089f7264fED9C next.valSet="[0x27A97C9AaF04f18f3014c32e036dD0Ac76Da5f18 0x93917cADBace5dFCE132B991732c6Cda9bcC5B8a 0x98C1334496614aED49d2E81526D089f7264fED9C 0xcE412f988377e31F4d0fF12d74df73B51C42d0cA]" next.size=4 next.IsProposer=false
WARN [02-08|15:07:30.015] Block sealing failed                     err=unauthorized
INFO [02-08|15:07:35.005] QBFT: start new round                    address=0xDF8b560be949C229C821731554C33EAD5E3888A4 old.round=0  old.sequence=1978 old.state="Accept request" old.proposer=0x98C1334496614aED49d2E81526D089f7264fED9C next.round=0 next.seq=1979 next.proposer=0xcE412f988377e31F4d0fF12d74df73B51C42d0cA next.valSet="[0x27A97C9AaF04f18f3014c32e036dD0Ac76Da5f18 0x93917cADBace5dFCE132B991732c6Cda9bcC5B8a 0x98C1334496614aED49d2E81526D089f7264fED9C 0xcE412f988377e31F4d0fF12d74df73B51C42d0cA]" next.size=4 next.IsProposer=false
INFO [02-08|15:07:40.011] Imported new chain segment               blocks=1 txs=0 mgas=0.000 elapsed="884.333µs" mgasps=0.000   number=1979 hash=4273a8..ca457f dirty=1.37KiB
INFO [02-08|15:07:40.012] QBFT: initialize new round               address=0xDF8b560be949C229C821731554C33EAD5E3888A4 current.round=0 current.sequence=1979 target.round=0 lastProposal.number=1979 lastProposal.hash=4273a8..ca457f
INFO [02-08|15:07:45.012] Imported new chain segment               blocks=1 txs=0 mgas=0.000 elapsed=1.095ms     mgasps=0.000   number=1980 hash=211a72..7a9702 dirty=1.37KiB
INFO [02-08|15:07:45.012] QBFT: handle final committed             address=0xDF8b560be949C229C821731554C33EAD5E3888A4 current.round=0 current.sequence=1980 state="Accept request"
INFO [02-08|15:07:45.012] QBFT: initialize new round               address=0xDF8b560be949C229C821731554C33EAD5E3888A4 current.round=0 current.sequence=1980 target.round=0 lastProposal.number=1980 lastProposal.hash=211a72..7a9702
INFO [02-08|15:07:50.048] Imported new chain segment               blocks=1 txs=0 mgas=0.000 elapsed=1.172ms     mgasps=0.000   number=1981 hash=d233f0..497e96 dirty=1.37KiB
INFO [02-08|15:07:50.054] QBFT: start new round                    address=0xDF8b560be949C229C821731554C33EAD5E3888A4 old.round=0  old.sequence=1981 old.state="Accept request" old.proposer=0x93917cADBace5dFCE132B991732c6Cda9bcC5B8a next.round=0 next.seq=1982 next.proposer=0x98C1334496614aED49d2E81526D089f7264fED9C next.valSet="[0x27A97C9AaF04f18f3014c32e036dD0Ac76Da5f18 0x93917cADBace5dFCE132B991732c6Cda9bcC5B8a 0x98C1334496614aED49d2E81526D089f7264fED9C 0xcE412f988377e31F4d0fF12d74df73B51C42d0cA]" next.size=4 next.IsProposer=false
INFO [02-08|15:07:51.498] Looking for peers                        peercount=4 tried=3 static=8
INFO [02-08|15:07:55.015] Imported new chain segment               blocks=1 txs=0 mgas=0.000 elapsed="928.584µs" mgasps=0.000   number=1982 hash=612725..0c52b1 dirty=1.37KiB
INFO [02-08|15:07:55.015] Commit new mining work                   number=1983 sealhash=cb92c6..9dd78c uncles=0 txs=0 gas=0       fees=0 elapsed="331.375µs"
INFO [02-08|15:08:00.027] QBFT: start new round                    address=0xDF8b560be949C229C821731554C33EAD5E3888A4 old.round=0  old.sequence=1983 old.state="Accept request" old.proposer=0xcE412f988377e31F4d0fF12d74df73B51C42d0cA next.round=0 next.seq=1984 next.proposer=0x27A97C9AaF04f18f3014c32e036dD0Ac76Da5f18 next.valSet="[0x27A97C9AaF04f18f3014c32e036dD0Ac76Da5f18 0x93917cADBace5dFCE132B991732c6Cda9bcC5B8a 0x98C1334496614aED49d2E81526D089f7264fED9C 0xcE412f988377e31F4d0fF12d74df73B51C42d0cA]" next.size=4 next.IsProposer=false
INFO [02-08|15:08:05.029] Imported new chain segment               blocks=1 txs=0 mgas=0.000 elapsed=1.145ms     mgasps=0.000   number=1984 hash=544620..90820f dirty=1.37KiB
INFO [02-08|15:08:10.013] QBFT: start new round                    address=0xDF8b560be949C229C821731554C33EAD5E3888A4 old.round=0  old.sequence=1985 old.state="Accept request" old.proposer=0x93917cADBace5dFCE132B991732c6Cda9bcC5B8a next.round=0 next.seq=1986 next.proposer=0x98C1334496614aED49d2E81526D089f7264fED9C next.valSet="[0x27A97C9AaF04f18f3014c32e036dD0Ac76Da5f18 0x93917cADBace5dFCE132B991732c6Cda9bcC5B8a 0x98C1334496614aED49d2E81526D089f7264fED9C 0xcE412f988377e31F4d0fF12d74df73B51C42d0cA]" next.size=4 next.IsProposer=false
INFO [02-08|15:08:15.011] Imported new chain segment               blocks=1 txs=0 mgas=0.000 elapsed=1.080ms     mgasps=0.000   number=1986 hash=73003a..31b0ba dirty=1.37KiB
INFO [02-08|15:08:15.012] QBFT: handle final committed             address=0xDF8b560be949C229C821731554C33EAD5E3888A4 current.round=0 current.sequence=1986 state="Accept request"
INFO [02-08|15:08:20.014] Imported new chain segment               blocks=1 txs=0 mgas=0.000 elapsed="980µs"     mgasps=0.000   number=1987 hash=b0c3bc..3939e5 dirty=1.37KiB
INFO [02-08|15:08:25.012] Imported new chain segment               blocks=1 txs=0 mgas=0.000 elapsed="683.625µs" mgasps=0.000   number=1988 hash=11ced8..cdcd22 dirty=1.37KiB
INFO [02-08|15:08:30.007] Imported new chain segment               blocks=1 txs=0 mgas=0.000 elapsed="844.541µs" mgasps=0.000   number=1989 hash=ee5240..2bd444 dirty=1.37KiB
INFO [02-08|15:08:30.007] Commit new mining work                   number=1990 sealhash=1d89cc..5bb13b uncles=0 txs=0 gas=0       fees=0 elapsed="129.375µs"
WARN [02-08|15:08:30.008] Block sealing failed                     err=unauthorized
INFO [02-08|15:08:35.011] Imported new chain segment               blocks=1 txs=0 mgas=0.000 elapsed=1.036ms     mgasps=0.000   number=1990 hash=b0d104..55c784 dirty=1.37KiB
INFO [02-08|15:08:35.012] QBFT: initialize new round               address=0xDF8b560be949C229C821731554C33EAD5E3888A4 current.round=0 current.sequence=1990 target.round=0 lastProposal.number=1990 lastProposal.hash=b0d104..55c784
INFO [02-08|15:08:40.010] Imported new chain segment               blocks=1 txs=0 mgas=0.000 elapsed="840.5µs"   mgasps=0.000   number=1991 hash=41681e..364c37 dirty=1.37KiB
INFO [02-08|15:08:45.011] Commit new mining work                   number=1993 sealhash=df5e55..2672c6 uncles=0 txs=0 gas=0       fees=0 elapsed="616.375µs"
WARN [02-08|15:08:45.011] Block sealing failed                     err=unauthorized
INFO [02-08|15:08:50.006] QBFT: handle final committed             address=0xDF8b560be949C229C821731554C33EAD5E3888A4 current.round=0 current.sequence=1993 state="Accept request"
INFO [02-08|15:08:55.012] Imported new chain segment               blocks=1 txs=0 mgas=0.000 elapsed=1.008ms     mgasps=0.000   number=1994 hash=528192..c1b821 dirty=1.37KiB
INFO [02-08|15:08:55.012] QBFT: handle final committed             address=0xDF8b560be949C229C821731554C33EAD5E3888A4 current.round=0 current.sequence=1994 state="Accept request"
INFO [02-08|15:09:00.020] Commit new mining work                   number=1996 sealhash=ca175d..ca37dc uncles=0 txs=0 gas=0       fees=0 elapsed="253.708µs"
WARN [02-08|15:09:00.020] Block sealing failed                     err=unauthorized
INFO [02-08|15:09:00.020] QBFT: handle final committed             address=0xDF8b560be949C229C821731554C33EAD5E3888A4 current.round=0 current.sequence=1995 state="Accept request"
INFO [02-08|15:09:00.020] QBFT: initialize new round               address=0xDF8b560be949C229C821731554C33EAD5E3888A4 current.round=0 current.sequence=1995 target.round=0 lastProposal.number=1995 lastProposal.hash=58ba25..c7b2cd
INFO [02-08|15:09:05.015] Imported new chain segment               blocks=1 txs=0 mgas=0.000 elapsed="919.583µs" mgasps=0.000   number=1996 hash=a6431d..59c037 dirty=1.37KiB
INFO [02-08|15:09:05.015] Commit new mining work                   number=1997 sealhash=4b1877..54cf2a uncles=0 txs=0 gas=0       fees=0 elapsed="229.25µs"
INFO [02-08|15:09:20.012] Imported new chain segment               blocks=1 txs=0 mgas=0.000 elapsed="828.417µs" mgasps=0.000   number=1999 hash=81db94..6886eb dirty=1.37KiB
INFO [02-08|15:09:25.011] Imported new chain segment               blocks=1 txs=0 mgas=0.000 elapsed="930.333µs" mgasps=0.000   number=2000 hash=2d188e..4e9ecd dirty=1.37KiB
INFO [02-08|15:09:25.011] QBFT: handle final committed             address=0xDF8b560be949C229C821731554C33EAD5E3888A4 current.round=0 current.sequence=2000 state="Accept request"
INFO [02-08|15:09:30.012] QBFT: handle final committed             address=0xDF8b560be949C229C821731554C33EAD5E3888A4 current.round=0 current.sequence=2001 state="Accept request"
WARN [02-08|15:09:35.006] Block sealing failed                     err=unauthorized
INFO [02-08|15:09:36.505] Looking for peers                        peercount=4 tried=3 static=8
INFO [02-08|15:09:40.018] Imported new chain segment               blocks=1 txs=0 mgas=0.000 elapsed=1.014ms     mgasps=0.000   number=2003 hash=c8641b..48a844 dirty=1.37KiB
INFO [02-08|15:09:40.019] Commit new mining work                   number=2004 sealhash=8de65b..6b9a54 uncles=0 txs=0 gas=0       fees=0 elapsed="252.167µs"
INFO [02-08|15:09:40.019] QBFT: handle final committed             address=0xDF8b560be949C229C821731554C33EAD5E3888A4 current.round=0 current.sequence=2003 state="Accept request"
INFO [02-08|15:09:45.018] Imported new chain segment               blocks=1 txs=0 mgas=0.000 elapsed="404.875µs" mgasps=0.000   number=2004 hash=7dd38f..6dbb4c dirty=1.37KiB
INFO [02-08|15:09:50.015] Imported new chain segment               blocks=1 txs=0 mgas=0.000 elapsed="802.916µs" mgasps=0.000   number=2005 hash=08a854..613b5c dirty=1.37KiB
INFO [02-08|15:09:50.016] QBFT: handle final committed             address=0xDF8b560be949C229C821731554C33EAD5E3888A4 current.round=0 current.sequence=2005 state="Accept request"
INFO [02-08|15:09:50.016] QBFT: initialize new round               address=0xDF8b560be949C229C821731554C33EAD5E3888A4 current.round=0 current.sequence=2005 target.round=0 lastProposal.number=2005 lastProposal.hash=08a854..613b5c
INFO [02-08|15:09:55.012] Imported new chain segment               blocks=1 txs=0 mgas=0.000 elapsed="850.5µs"   mgasps=0.000   number=2006 hash=eb782a..20c1c8 dirty=1.37KiB
INFO [02-08|15:10:00.021] Imported new chain segment               blocks=1 txs=0 mgas=0.000 elapsed="829.666µs" mgasps=0.000   number=2007 hash=ce88b7..213289 dirty=1.37KiB
INFO [02-08|15:10:00.021] QBFT: handle final committed             address=0xDF8b560be949C229C821731554C33EAD5E3888A4 current.round=0 current.sequence=2007 state="Accept request"
INFO [02-08|15:10:05.013] Imported new chain segment               blocks=1 txs=0 mgas=0.000 elapsed="862.333µs" mgasps=0.000   number=2008 hash=f6f3eb..dd3d4e dirty=1.37KiB
INFO [02-08|15:10:10.015] Imported new chain segment               blocks=1 txs=0 mgas=0.000 elapsed=1.090ms     mgasps=0.000   number=2009 hash=b95101..aea320 dirty=1.37KiB
INFO [02-08|15:10:15.006] Imported new chain segment               blocks=1 txs=0 mgas=0.000 elapsed="250.333µs" mgasps=0.000   number=2010 hash=ef726a..a45dc5 dirty=1.37KiB
INFO [02-08|15:10:15.006] Commit new mining work                   number=2011 sealhash=b31c0e..42428d uncles=0 txs=0 gas=0       fees=0 elapsed="73.625µs"
WARN [02-08|15:10:20.011] Block sealing failed                     err=unauthorized
INFO [02-08|15:10:25.004] Imported new chain segment               blocks=1 txs=0 mgas=0.000 elapsed="308.875µs" mgasps=0.000   number=2012 hash=25523b..ac3fcd dirty=1.37KiB
INFO [02-08|15:10:30.010] Imported new chain segment               blocks=1 txs=0 mgas=0.000 elapsed="810.792µs" mgasps=0.000   number=2013 hash=a68c5a..0e87d8 dirty=1.37KiB
INFO [02-08|15:10:35.011] Commit new mining work                   number=2015 sealhash=e146ea..f0db86 uncles=0 txs=0 gas=0       fees=0 elapsed="189.042µs"
INFO [02-08|15:10:40.010] QBFT: handle final committed             address=0xDF8b560be949C229C821731554C33EAD5E3888A4 current.round=0 current.sequence=2015 state="Accept request"
INFO [02-08|15:10:40.010] QBFT: initialize new round               address=0xDF8b560be949C229C821731554C33EAD5E3888A4 current.round=0 current.sequence=2015 target.round=0 lastProposal.number=2015 lastProposal.hash=a13b48..bea6ea
INFO [02-08|15:10:45.011] Imported new chain segment               blocks=1 txs=0 mgas=0.000 elapsed="880.542µs" mgasps=0.000   number=2016 hash=07b75e..565b28 dirty=1.37KiB
INFO [02-08|15:10:45.011] Commit new mining work                   number=2017 sealhash=8af5c5..e73d0c uncles=0 txs=0 gas=0       fees=0 elapsed="198.042µs"
INFO [02-08|15:10:45.011] QBFT: start new round                    address=0xDF8b560be949C229C821731554C33EAD5E3888A4 old.round=0  old.sequence=2016 old.state="Accept request" old.proposer=0x27A97C9AaF04f18f3014c32e036dD0Ac76Da5f18 next.round=0 next.seq=2017 next.proposer=0x93917cADBace5dFCE132B991732c6Cda9bcC5B8a next.valSet="[0x27A97C9AaF04f18f3014c32e036dD0Ac76Da5f18 0x93917cADBace5dFCE132B991732c6Cda9bcC5B8a 0x98C1334496614aED49d2E81526D089f7264fED9C 0xcE412f988377e31F4d0fF12d74df73B51C42d0cA]" next.size=4 next.IsProposer=false
INFO [02-08|15:10:50.016] Imported new chain segment               blocks=1 txs=0 mgas=0.000 elapsed="917µs"     mgasps=0.000   number=2017 hash=17af60..b6342d dirty=1.37KiB
INFO [02-08|15:10:50.017] Commit new mining work                   number=2018 sealhash=627e74..f0b797 uncles=0 txs=0 gas=0       fees=0 elapsed="202.584µs"
INFO [02-08|15:10:55.009] Commit new mining work                   number=2019 sealhash=82cfd0..946432 uncles=0 txs=0 gas=0       fees=0 elapsed="193.709µs"
INFO [02-08|15:11:00.019] Imported new chain segment               blocks=1 txs=0 mgas=0.000 elapsed="494.791µs" mgasps=0.000   number=2019 hash=342772..b69aa9 dirty=1.37KiB
INFO [02-08|15:11:00.019] QBFT: start new round                    address=0xDF8b560be949C229C821731554C33EAD5E3888A4 old.round=0  old.sequence=2019 old.state="Accept request" old.proposer=0xcE412f988377e31F4d0fF12d74df73B51C42d0cA next.round=0 next.seq=2020 next.proposer=0x27A97C9AaF04f18f3014c32e036dD0Ac76Da5f18 next.valSet="[0x27A97C9AaF04f18f3014c32e036dD0Ac76Da5f18 0x93917cADBace5dFCE132B991732c6Cda9bcC5B8a 0x98C1334496614aED49d2E81526D089f7264fED9C 0xcE412f988377e31F4d0fF12d74df73B51C42d0cA]" next.size=4 next.IsProposer=false
INFO [02-08|15:11:05.011] QBFT: handle final committed             address=0xDF8b560be949C229C821731554C33EAD5E3888A4 current.round=0 current.sequence=2020 state="Accept request"
INFO [02-08|15:11:10.012] Imported new chain segment               blocks=1 txs=0 mgas=0.000 elapsed=1.638ms     mgasps=0.000   number=2021 hash=4afd79..c15c1b dirty=1.37KiB
WARN [02-08|15:11:10.013] Block sealing failed                     err=unauthorized
INFO [02-08|15:11:15.011] Imported new chain segment               blocks=1 txs=0 mgas=0.000 elapsed="820.667µs" mgasps=0.000   number=2022 hash=2ff08c..2c0db0 dirty=1.37KiB
INFO [02-08|15:11:15.011] QBFT: initialize new round               address=0xDF8b560be949C229C821731554C33EAD5E3888A4 current.round=0 current.sequence=2022 target.round=0 lastProposal.number=2022 lastProposal.hash=2ff08c..2c0db0
INFO [02-08|15:11:20.015] Imported new chain segment               blocks=1 txs=0 mgas=0.000 elapsed="890.125µs" mgasps=0.000   number=2023 hash=c91262..6a41a7 dirty=1.37KiB
INFO [02-08|15:11:20.015] Commit new mining work                   number=2024 sealhash=1526f2..fb5c1e uncles=0 txs=0 gas=0       fees=0 elapsed="259.75µs"
INFO [02-08|15:11:20.015] QBFT: initialize new round               address=0xDF8b560be949C229C821731554C33EAD5E3888A4 current.round=0 current.sequence=2023 target.round=0 lastProposal.number=2023 lastProposal.hash=c91262..6a41a7
INFO [02-08|15:11:21.514] Looking for peers                        peercount=4 tried=3 static=8
INFO [02-08|15:11:25.011] Imported new chain segment               blocks=1 txs=0 mgas=0.000 elapsed="805.375µs" mgasps=0.000   number=2024 hash=00b329..c50a1b dirty=1.37KiB
INFO [02-08|15:11:30.013] Imported new chain segment               blocks=1 txs=0 mgas=0.000 elapsed="865.083µs" mgasps=0.000   number=2025 hash=aac2e4..1b31ce dirty=1.37KiB
INFO [02-08|15:11:35.012] Commit new mining work                   number=2027 sealhash=99cbfc..29208c uncles=0 txs=0 gas=0       fees=0 elapsed="598.167µs"
INFO [02-08|15:11:40.012] Imported new chain segment               blocks=1 txs=0 mgas=0.000 elapsed="756.042µs" mgasps=0.000   number=2027 hash=4e5eed..3f509f dirty=1.37KiB
INFO [02-08|15:11:40.013] QBFT: handle final committed             address=0xDF8b560be949C229C821731554C33EAD5E3888A4 current.round=0 current.sequence=2027 state="Accept request"
INFO [02-08|15:11:45.013] Imported new chain segment               blocks=1 txs=0 mgas=0.000 elapsed="895.333µs" mgasps=0.000   number=2028 hash=ff4bc9..1c868c dirty=1.37KiB
INFO [02-08|15:11:55.007] Imported new chain segment               blocks=1 txs=0 mgas=0.000 elapsed="282.5µs"   mgasps=0.000   number=2030 hash=60924b..dc6180 dirty=1.37KiB
INFO [02-08|15:11:55.007] QBFT: handle final committed             address=0xDF8b560be949C229C821731554C33EAD5E3888A4 current.round=0 current.sequence=2030 state="Accept request"
INFO [02-08|15:11:55.007] QBFT: start new round                    address=0xDF8b560be949C229C821731554C33EAD5E3888A4 old.round=0  old.sequence=2030 old.state="Accept request" old.proposer=0x98C1334496614aED49d2E81526D089f7264fED9C next.round=0 next.seq=2031 next.proposer=0xcE412f988377e31F4d0fF12d74df73B51C42d0cA next.valSet="[0x27A97C9AaF04f18f3014c32e036dD0Ac76Da5f18 0x93917cADBace5dFCE132B991732c6Cda9bcC5B8a 0x98C1334496614aED49d2E81526D089f7264fED9C 0xcE412f988377e31F4d0fF12d74df73B51C42d0cA]" next.size=4 next.IsProposer=false
INFO [02-08|15:11:56.517] Looking for peers                        peercount=4 tried=3 static=8
INFO [02-08|15:12:00.008] QBFT: handle final committed             address=0xDF8b560be949C229C821731554C33EAD5E3888A4 current.round=0 current.sequence=2031 state="Accept request"
INFO [02-08|15:12:00.008] QBFT: initialize new round               address=0xDF8b560be949C229C821731554C33EAD5E3888A4 current.round=0 current.sequence=2031 target.round=0 lastProposal.number=2031 lastProposal.hash=c7cdd0..20e9b8
INFO [02-08|15:12:05.007] Imported new chain segment               blocks=1 txs=0 mgas=0.000 elapsed="543.125µs" mgasps=0.000   number=2032 hash=6c383c..edfb67 dirty=1.37KiB
INFO [02-08|15:12:05.008] QBFT: handle final committed             address=0xDF8b560be949C229C821731554C33EAD5E3888A4 current.round=0 current.sequence=2032 state="Accept request"
INFO [02-08|15:12:05.008] QBFT: initialize new round               address=0xDF8b560be949C229C821731554C33EAD5E3888A4 current.round=0 current.sequence=2032 target.round=0 lastProposal.number=2032 lastProposal.hash=6c383c..edfb67
WARN [02-08|15:12:05.008] Block sealing failed                     err=unauthorized
INFO [02-08|15:12:15.011] Imported new chain segment               blocks=1 txs=0 mgas=0.000 elapsed="911.667µs" mgasps=0.000   number=2034 hash=5260a4..990917 dirty=1.37KiB
INFO [02-08|15:12:15.012] Commit new mining work                   number=2035 sealhash=dfb8ad..93b81a uncles=0 txs=0 gas=0       fees=0 elapsed="281.5µs"
INFO [02-08|15:12:15.012] QBFT: start new round                    address=0xDF8b560be949C229C821731554C33EAD5E3888A4 old.round=0  old.sequence=2034 old.state="Accept request" old.proposer=0x98C1334496614aED49d2E81526D089f7264fED9C next.round=0 next.seq=2035 next.proposer=0xcE412f988377e31F4d0fF12d74df73B51C42d0cA next.valSet="[0x27A97C9AaF04f18f3014c32e036dD0Ac76Da5f18 0x93917cADBace5dFCE132B991732c6Cda9bcC5B8a 0x98C1334496614aED49d2E81526D089f7264fED9C 0xcE412f988377e31F4d0fF12d74df73B51C42d0cA]" next.size=4 next.IsProposer=false
INFO [02-08|15:12:20.015] QBFT: start new round                    address=0xDF8b560be949C229C821731554C33EAD5E3888A4 old.round=0  old.sequence=2035 old.state="Accept request" old.proposer=0xcE412f988377e31F4d0fF12d74df73B51C42d0cA next.round=0 next.seq=2036 next.proposer=0x27A97C9AaF04f18f3014c32e036dD0Ac76Da5f18 next.valSet="[0x27A97C9AaF04f18f3014c32e036dD0Ac76Da5f18 0x93917cADBace5dFCE132B991732c6Cda9bcC5B8a 0x98C1334496614aED49d2E81526D089f7264fED9C 0xcE412f988377e31F4d0fF12d74df73B51C42d0cA]" next.size=4 next.IsProposer=false
INFO [02-08|15:12:25.017] Imported new chain segment               blocks=1 txs=0 mgas=0.000 elapsed=2.564ms     mgasps=0.000   number=2036 hash=20b4e5..0946e9 dirty=1.37KiB
INFO [02-08|15:12:25.018] QBFT: handle final committed             address=0xDF8b560be949C229C821731554C33EAD5E3888A4 current.round=0 current.sequence=2036 state="Accept request"
INFO [02-08|15:12:30.012] QBFT: handle final committed             address=0xDF8b560be949C229C821731554C33EAD5E3888A4 current.round=0 current.sequence=2037 state="Accept request"
INFO [02-08|15:12:30.012] QBFT: initialize new round               address=0xDF8b560be949C229C821731554C33EAD5E3888A4 current.round=0 current.sequence=2037 target.round=0 lastProposal.number=2037 lastProposal.hash=259e3f..712d8e
INFO [02-08|15:12:30.012] Commit new mining work                   number=2038 sealhash=447077..8fd65e uncles=0 txs=0 gas=0       fees=0 elapsed="332.75µs"
INFO [02-08|15:12:30.012] QBFT: start new round                    address=0xDF8b560be949C229C821731554C33EAD5E3888A4 old.round=0  old.sequence=2037 old.state="Accept request" old.proposer=0x93917cADBace5dFCE132B991732c6Cda9bcC5B8a next.round=0 next.seq=2038 next.proposer=0x98C1334496614aED49d2E81526D089f7264fED9C next.valSet="[0x27A97C9AaF04f18f3014c32e036dD0Ac76Da5f18 0x93917cADBace5dFCE132B991732c6Cda9bcC5B8a 0x98C1334496614aED49d2E81526D089f7264fED9C 0xcE412f988377e31F4d0fF12d74df73B51C42d0cA]" next.size=4 next.IsProposer=false
WARN [02-08|15:12:30.013] Block sealing failed                     err=unauthorized
INFO [02-08|15:12:31.518] Looking for peers                        peercount=4 tried=3 static=8
INFO [02-08|15:12:35.005] Imported new chain segment               blocks=1 txs=0 mgas=0.000 elapsed="326.834µs" mgasps=0.000   number=2038 hash=4c1120..39d68c dirty=1.37KiB
INFO [02-08|15:12:40.010] Imported new chain segment               blocks=1 txs=0 mgas=0.000 elapsed="942.542µs" mgasps=0.000   number=2039 hash=7a6b5b..82237e dirty=1.37KiB
INFO [02-08|15:12:45.012] Imported new chain segment               blocks=1 txs=0 mgas=0.000 elapsed=1.136ms     mgasps=0.000   number=2040 hash=0668c4..f44212 dirty=1.37KiB
INFO [02-08|15:12:50.016] Imported new chain segment               blocks=1 txs=0 mgas=0.000 elapsed="798.334µs" mgasps=0.000   number=2041 hash=0bdad5..7db454 dirty=1.37KiB
INFO [02-08|15:12:50.016] QBFT: handle final committed             address=0xDF8b560be949C229C821731554C33EAD5E3888A4 current.round=0 current.sequence=2041 state="Accept request"
INFO [02-08|15:12:55.005] Imported new chain segment               blocks=1 txs=0 mgas=0.000 elapsed="367.5µs"   mgasps=0.000   number=2042 hash=39beea..fe693a dirty=1.37KiB
INFO [02-08|15:12:55.005] QBFT: handle final committed             address=0xDF8b560be949C229C821731554C33EAD5E3888A4 current.round=0 current.sequence=2042 state="Accept request"
INFO [02-08|15:12:55.005] QBFT: initialize new round               address=0xDF8b560be949C229C821731554C33EAD5E3888A4 current.round=0 current.sequence=2042 target.round=0 lastProposal.number=2042 lastProposal.hash=39beea..fe693a
INFO [02-08|15:12:55.005] QBFT: start new round                    address=0xDF8b560be949C229C821731554C33EAD5E3888A4 old.round=0  old.sequence=2042 old.state="Accept request" old.proposer=0x98C1334496614aED49d2E81526D089f7264fED9C next.round=0 next.seq=2043 next.proposer=0xcE412f988377e31F4d0fF12d74df73B51C42d0cA next.valSet="[0x27A97C9AaF04f18f3014c32e036dD0Ac76Da5f18 0x93917cADBace5dFCE132B991732c6Cda9bcC5B8a 0x98C1334496614aED49d2E81526D089f7264fED9C 0xcE412f988377e31F4d0fF12d74df73B51C42d0cA]" next.size=4 next.IsProposer=false
INFO [02-08|15:12:55.005] Commit new mining work                   number=2043 sealhash=d7a8d5..27c9dc uncles=0 txs=0 gas=0       fees=0 elapsed="253.167µs"
WARN [02-08|15:12:55.006] Block sealing failed                     err=unauthorized
INFO [02-08|15:13:00.530] Imported new chain segment               blocks=1 txs=0 mgas=0.000 elapsed=1.159ms     mgasps=0.000   number=2043 hash=e619b9..9e102f dirty=1.37KiB
INFO [02-08|15:13:05.013] Imported new chain segment               blocks=1 txs=0 mgas=0.000 elapsed="722.041µs" mgasps=0.000   number=2044 hash=13461a..6613b2 dirty=1.37KiB
INFO [02-08|15:13:05.013] QBFT: start new round                    address=0xDF8b560be949C229C821731554C33EAD5E3888A4 old.round=0  old.sequence=2044 old.state="Accept request" old.proposer=0x27A97C9AaF04f18f3014c32e036dD0Ac76Da5f18 next.round=0 next.seq=2045 next.proposer=0x93917cADBace5dFCE132B991732c6Cda9bcC5B8a next.valSet="[0x27A97C9AaF04f18f3014c32e036dD0Ac76Da5f18 0x93917cADBace5dFCE132B991732c6Cda9bcC5B8a 0x98C1334496614aED49d2E81526D089f7264fED9C 0xcE412f988377e31F4d0fF12d74df73B51C42d0cA]" next.size=4 next.IsProposer=false
INFO [02-08|15:13:10.008] Imported new chain segment               blocks=1 txs=0 mgas=0.000 elapsed="900.25µs"  mgasps=0.000   number=2045 hash=0b77c9..3c8a64 dirty=1.37KiB
INFO [02-08|15:13:10.009] QBFT: start new round                    address=0xDF8b560be949C229C821731554C33EAD5E3888A4 old.round=0  old.sequence=2045 old.state="Accept request" old.proposer=0x93917cADBace5dFCE132B991732c6Cda9bcC5B8a next.round=0 next.seq=2046 next.proposer=0x98C1334496614aED49d2E81526D089f7264fED9C next.valSet="[0x27A97C9AaF04f18f3014c32e036dD0Ac76Da5f18 0x93917cADBace5dFCE132B991732c6Cda9bcC5B8a 0x98C1334496614aED49d2E81526D089f7264fED9C 0xcE412f988377e31F4d0fF12d74df73B51C42d0cA]" next.size=4 next.IsProposer=false
INFO [02-08|15:13:15.009] Imported new chain segment               blocks=1 txs=0 mgas=0.000 elapsed="924.5µs"   mgasps=0.000   number=2046 hash=c07924..c746f8 dirty=1.37KiB
INFO [02-08|15:13:15.009] Commit new mining work                   number=2047 sealhash=206744..fed0fd uncles=0 txs=0 gas=0       fees=0 elapsed="279.542µs"
INFO [02-08|15:13:15.009] QBFT: handle final committed             address=0xDF8b560be949C229C821731554C33EAD5E3888A4 current.round=0 current.sequence=2046 state="Accept request"
INFO [02-08|15:13:20.014] QBFT: handle final committed             address=0xDF8b560be949C229C821731554C33EAD5E3888A4 current.round=0 current.sequence=2047 state="Accept request"
INFO [02-08|15:13:20.014] QBFT: initialize new round               address=0xDF8b560be949C229C821731554C33EAD5E3888A4 current.round=0 current.sequence=2047 target.round=0 lastProposal.number=2047 lastProposal.hash=538126..e86ecc
INFO [02-08|15:13:30.011] QBFT: start new round                    address=0xDF8b560be949C229C821731554C33EAD5E3888A4 old.round=0  old.sequence=2049 old.state="Accept request" old.proposer=0x93917cADBace5dFCE132B991732c6Cda9bcC5B8a next.round=0 next.seq=2050 next.proposer=0x98C1334496614aED49d2E81526D089f7264fED9C next.valSet="[0x27A97C9AaF04f18f3014c32e036dD0Ac76Da5f18 0x93917cADBace5dFCE132B991732c6Cda9bcC5B8a 0x98C1334496614aED49d2E81526D089f7264fED9C 0xcE412f988377e31F4d0fF12d74df73B51C42d0cA]" next.size=4 next.IsProposer=false
INFO [02-08|15:13:35.007] Imported new chain segment               blocks=1 txs=0 mgas=0.000 elapsed="414.875µs" mgasps=0.000   number=2050 hash=a876fb..b2de4a dirty=1.37KiB
WARN [02-08|15:13:40.009] Block sealing failed                     err=unauthorized
INFO [02-08|15:13:40.009] QBFT: handle final committed             address=0xDF8b560be949C229C821731554C33EAD5E3888A4 current.round=0 current.sequence=2051 state="Accept request"
INFO [02-08|15:13:41.525] Looking for peers                        peercount=4 tried=3 static=8
WARN [02-08|15:13:45.009] Block sealing failed                     err=unauthorized
INFO [02-08|15:13:55.012] QBFT: initialize new round               address=0xDF8b560be949C229C821731554C33EAD5E3888A4 current.round=0 current.sequence=2054 target.round=0 lastProposal.number=2054 lastProposal.hash=6d8b45..db2011
INFO [02-08|15:14:00.024] Imported new chain segment               blocks=1 txs=0 mgas=0.000 elapsed="872.667µs" mgasps=0.000   number=2055 hash=6b7b9f..4a5c46 dirty=1.37KiB
INFO [02-08|15:14:00.024] Commit new mining work                   number=2056 sealhash=8dabf8..39b0f9 uncles=0 txs=0 gas=0       fees=0 elapsed="321.583µs"
INFO [02-08|15:14:05.016] Imported new chain segment               blocks=1 txs=0 mgas=0.000 elapsed="831.875µs" mgasps=0.000   number=2056 hash=af1eaf..3fe4d5 dirty=1.37KiB
INFO [02-08|15:14:05.017] QBFT: start new round                    address=0xDF8b560be949C229C821731554C33EAD5E3888A4 old.round=0  old.sequence=2056 old.state="Accept request" old.proposer=0x27A97C9AaF04f18f3014c32e036dD0Ac76Da5f18 next.round=0 next.seq=2057 next.proposer=0x93917cADBace5dFCE132B991732c6Cda9bcC5B8a next.valSet="[0x27A97C9AaF04f18f3014c32e036dD0Ac76Da5f18 0x93917cADBace5dFCE132B991732c6Cda9bcC5B8a 0x98C1334496614aED49d2E81526D089f7264fED9C 0xcE412f988377e31F4d0fF12d74df73B51C42d0cA]" next.size=4 next.IsProposer=false
INFO [02-08|15:14:10.018] Imported new chain segment               blocks=1 txs=0 mgas=0.000 elapsed=1.262ms     mgasps=0.000   number=2057 hash=6e90b9..ea127a dirty=1.37KiB
INFO [02-08|15:14:10.019] QBFT: handle final committed             address=0xDF8b560be949C229C821731554C33EAD5E3888A4 current.round=0 current.sequence=2057 state="Accept request"
INFO [02-08|15:14:10.019] QBFT: initialize new round               address=0xDF8b560be949C229C821731554C33EAD5E3888A4 current.round=0 current.sequence=2057 target.round=0 lastProposal.number=2057 lastProposal.hash=6e90b9..ea127a
INFO [02-08|15:14:10.019] QBFT: start new round                    address=0xDF8b560be949C229C821731554C33EAD5E3888A4 old.round=0  old.sequence=2057 old.state="Accept request" old.proposer=0x93917cADBace5dFCE132B991732c6Cda9bcC5B8a next.round=0 next.seq=2058 next.proposer=0x98C1334496614aED49d2E81526D089f7264fED9C next.valSet="[0x27A97C9AaF04f18f3014c32e036dD0Ac76Da5f18 0x93917cADBace5dFCE132B991732c6Cda9bcC5B8a 0x98C1334496614aED49d2E81526D089f7264fED9C 0xcE412f988377e31F4d0fF12d74df73B51C42d0cA]" next.size=4 next.IsProposer=false
INFO [02-08|15:14:15.014] Imported new chain segment               blocks=1 txs=0 mgas=0.000 elapsed="994.625µs" mgasps=0.000   number=2058 hash=f5cf40..4fe34f dirty=1.37KiB
INFO [02-08|15:14:15.015] Commit new mining work                   number=2059 sealhash=666b21..da1bb0 uncles=0 txs=0 gas=0       fees=0 elapsed="201.875µs"
INFO [02-08|15:14:15.015] QBFT: initialize new round               address=0xDF8b560be949C229C821731554C33EAD5E3888A4 current.round=0 current.sequence=2058 target.round=0 lastProposal.number=2058 lastProposal.hash=f5cf40..4fe34f
INFO [02-08|15:14:16.526] Looking for peers                        peercount=4 tried=3 static=8
INFO [02-08|15:14:20.010] Imported new chain segment               blocks=1 txs=0 mgas=0.000 elapsed="265.417µs" mgasps=0.000   number=2059 hash=9b45b8..418cc5 dirty=1.37KiB
INFO [02-08|15:14:25.012] Commit new mining work                   number=2061 sealhash=284e71..ef0c96 uncles=0 txs=0 gas=0       fees=0 elapsed="282.167µs"
INFO [02-08|15:14:30.012] Imported new chain segment               blocks=1 txs=0 mgas=0.000 elapsed="955.208µs" mgasps=0.000   number=2061 hash=78d788..7bee87 dirty=1.37KiB
WARN [02-08|15:14:35.008] Block sealing failed                     err=unauthorized
INFO [02-08|15:14:45.011] Imported new chain segment               blocks=1 txs=0 mgas=0.000 elapsed="788.375µs" mgasps=0.000   number=2064 hash=a22d7e..0c3e99 dirty=1.37KiB
INFO [02-08|15:14:50.014] Imported new chain segment               blocks=1 txs=0 mgas=0.000 elapsed="840.833µs" mgasps=0.000   number=2065 hash=604e60..4c62b4 dirty=1.37KiB
INFO [02-08|15:14:50.014] QBFT: start new round                    address=0xDF8b560be949C229C821731554C33EAD5E3888A4 old.round=0  old.sequence=2065 old.state="Accept request" old.proposer=0x93917cADBace5dFCE132B991732c6Cda9bcC5B8a next.round=0 next.seq=2066 next.proposer=0x98C1334496614aED49d2E81526D089f7264fED9C next.valSet="[0x27A97C9AaF04f18f3014c32e036dD0Ac76Da5f18 0x93917cADBace5dFCE132B991732c6Cda9bcC5B8a 0x98C1334496614aED49d2E81526D089f7264fED9C 0xcE412f988377e31F4d0fF12d74df73B51C42d0cA]" next.size=4 next.IsProposer=false
INFO [02-08|15:14:51.528] Looking for peers                        peercount=4 tried=3 static=8
INFO [02-08|15:14:55.011] Imported new chain segment               blocks=1 txs=0 mgas=0.000 elapsed="782.792µs" mgasps=0.000   number=2066 hash=c1be41..55f46e dirty=1.37KiB
INFO [02-08|15:15:00.016] Imported new chain segment               blocks=1 txs=0 mgas=0.000 elapsed=1.088ms     mgasps=0.000   number=2067 hash=7bd4f7..a730d1 dirty=1.37KiB
INFO [02-08|15:15:05.012] Imported new chain segment               blocks=1 txs=0 mgas=0.000 elapsed="823.125µs" mgasps=0.000   number=2068 hash=90f9a9..a0869c dirty=1.37KiB
INFO [02-08|15:15:10.010] Imported new chain segment               blocks=1 txs=0 mgas=0.000 elapsed="907.75µs"  mgasps=0.000   number=2069 hash=cdcb09..b58358 dirty=1.37KiB
INFO [02-08|15:15:10.011] QBFT: start new round                    address=0xDF8b560be949C229C821731554C33EAD5E3888A4 old.round=0  old.sequence=2069 old.state="Accept request" old.proposer=0x93917cADBace5dFCE132B991732c6Cda9bcC5B8a next.round=0 next.seq=2070 next.proposer=0x98C1334496614aED49d2E81526D089f7264fED9C next.valSet="[0x27A97C9AaF04f18f3014c32e036dD0Ac76Da5f18 0x93917cADBace5dFCE132B991732c6Cda9bcC5B8a 0x98C1334496614aED49d2E81526D089f7264fED9C 0xcE412f988377e31F4d0fF12d74df73B51C42d0cA]" next.size=4 next.IsProposer=false
INFO [02-08|15:15:20.013] Imported new chain segment               blocks=1 txs=0 mgas=0.000 elapsed="758.042µs" mgasps=0.000   number=2071 hash=22d1f3..12bda0 dirty=1.37KiB
INFO [02-08|15:15:25.011] Imported new chain segment               blocks=1 txs=0 mgas=0.000 elapsed="826.209µs" mgasps=0.000   number=2072 hash=c9a786..3847dc dirty=1.37KiB
INFO [02-08|15:15:26.531] Looking for peers                        peercount=4 tried=3 static=8
INFO [02-08|15:15:30.010] Imported new chain segment               blocks=1 txs=0 mgas=0.000 elapsed="867.208µs" mgasps=0.000   number=2073 hash=a73fe4..442bd4 dirty=1.37KiB
INFO [02-08|15:15:40.010] Imported new chain segment               blocks=1 txs=0 mgas=0.000 elapsed="907.292µs" mgasps=0.000   number=2075 hash=ede37e..500845 dirty=1.37KiB
INFO [02-08|15:15:40.010] QBFT: handle final committed             address=0xDF8b560be949C229C821731554C33EAD5E3888A4 current.round=0 current.sequence=2075 state="Accept request"
INFO [02-08|15:15:40.010] QBFT: initialize new round               address=0xDF8b560be949C229C821731554C33EAD5E3888A4 current.round=0 current.sequence=2075 target.round=0 lastProposal.number=2075 lastProposal.hash=ede37e..500845
INFO [02-08|15:15:45.010] QBFT: handle final committed             address=0xDF8b560be949C229C821731554C33EAD5E3888A4 current.round=0 current.sequence=2076 state="Accept request"
INFO [02-08|15:15:45.010] QBFT: initialize new round               address=0xDF8b560be949C229C821731554C33EAD5E3888A4 current.round=0 current.sequence=2076 target.round=0 lastProposal.number=2076 lastProposal.hash=a82481..f66d55
INFO [02-08|15:15:50.014] Imported new chain segment               blocks=1 txs=0 mgas=0.000 elapsed="786.125µs" mgasps=0.000   number=2077 hash=8a0b22..7031b3 dirty=1.37KiB
INFO [02-08|15:16:00.016] Imported new chain segment               blocks=1 txs=0 mgas=0.000 elapsed="855.458µs" mgasps=0.000   number=2079 hash=09aeec..dc719e dirty=1.37KiB
INFO [02-08|15:16:01.533] Looking for peers                        peercount=4 tried=3 static=8
INFO [02-08|15:16:05.013] Imported new chain segment               blocks=1 txs=0 mgas=0.000 elapsed="703.083µs" mgasps=0.000   number=2080 hash=9bd6b2..86eabd dirty=1.37KiB
INFO [02-08|15:16:10.009] Imported new chain segment               blocks=1 txs=0 mgas=0.000 elapsed="871.625µs" mgasps=0.000   number=2081 hash=b950c4..37734e dirty=1.37KiB
INFO [02-08|15:16:10.010] QBFT: start new round                    address=0xDF8b560be949C229C821731554C33EAD5E3888A4 old.round=0  old.sequence=2081 old.state="Accept request" old.proposer=0x93917cADBace5dFCE132B991732c6Cda9bcC5B8a next.round=0 next.seq=2082 next.proposer=0x98C1334496614aED49d2E81526D089f7264fED9C next.valSet="[0x27A97C9AaF04f18f3014c32e036dD0Ac76Da5f18 0x93917cADBace5dFCE132B991732c6Cda9bcC5B8a 0x98C1334496614aED49d2E81526D089f7264fED9C 0xcE412f988377e31F4d0fF12d74df73B51C42d0cA]" next.size=4 next.IsProposer=false
INFO [02-08|15:16:15.012] Imported new chain segment               blocks=1 txs=0 mgas=0.000 elapsed=1.018ms     mgasps=0.000   number=2082 hash=99db84..694f09 dirty=1.37KiB
INFO [02-08|15:16:20.013] Imported new chain segment               blocks=1 txs=0 mgas=0.000 elapsed="709.792µs" mgasps=0.000   number=2083 hash=562b48..6a6542 dirty=1.37KiB
INFO [02-08|15:16:20.013] Commit new mining work                   number=2084 sealhash=6f6f99..a31ca2 uncles=0 txs=0 gas=0       fees=0 elapsed="215.875µs"
INFO [02-08|15:16:20.013] QBFT: initialize new round               address=0xDF8b560be949C229C821731554C33EAD5E3888A4 current.round=0 current.sequence=2083 target.round=0 lastProposal.number=2083 lastProposal.hash=562b48..6a6542
INFO [02-08|15:16:25.010] Imported new chain segment               blocks=1 txs=0 mgas=0.000 elapsed="833.667µs" mgasps=0.000   number=2084 hash=e4d7df..9de66f dirty=1.37KiB
INFO [02-08|15:16:25.011] Commit new mining work                   number=2085 sealhash=1e217b..a203ec uncles=0 txs=0 gas=0       fees=0 elapsed="254.834µs"
INFO [02-08|15:16:25.011] QBFT: start new round                    address=0xDF8b560be949C229C821731554C33EAD5E3888A4 old.round=0  old.sequence=2084 old.state="Accept request" old.proposer=0x27A97C9AaF04f18f3014c32e036dD0Ac76Da5f18 next.round=0 next.seq=2085 next.proposer=0x93917cADBace5dFCE132B991732c6Cda9bcC5B8a next.valSet="[0x27A97C9AaF04f18f3014c32e036dD0Ac76Da5f18 0x93917cADBace5dFCE132B991732c6Cda9bcC5B8a 0x98C1334496614aED49d2E81526D089f7264fED9C 0xcE412f988377e31F4d0fF12d74df73B51C42d0cA]" next.size=4 next.IsProposer=false
INFO [02-08|15:16:30.010] Commit new mining work                   number=2086 sealhash=9986e4..b1c8f3 uncles=0 txs=0 gas=0       fees=0 elapsed="318.625µs"
INFO [02-08|15:16:35.016] Imported new chain segment               blocks=1 txs=0 mgas=0.000 elapsed=1.078ms     mgasps=0.000   number=2086 hash=9cc6e2..5afea6 dirty=1.37KiB
INFO [02-08|15:16:35.017] Commit new mining work                   number=2087 sealhash=eb0887..080695 uncles=0 txs=0 gas=0       fees=0 elapsed="227.375µs"
INFO [02-08|15:16:40.011] Imported new chain segment               blocks=1 txs=0 mgas=0.000 elapsed="847.459µs" mgasps=0.000   number=2087 hash=1044e5..e137dc dirty=1.37KiB
WARN [02-08|15:16:40.011] Block sealing failed                     err=unauthorized
INFO [02-08|15:16:45.015] Imported new chain segment               blocks=1 txs=0 mgas=0.000 elapsed=1.671ms     mgasps=0.000   number=2088 hash=29792c..09bead dirty=1.37KiB
INFO [02-08|15:16:50.014] Imported new chain segment               blocks=1 txs=0 mgas=0.000 elapsed="833.583µs" mgasps=0.000   number=2089 hash=687ca3..42e6a1 dirty=1.37KiB
INFO [02-08|15:16:50.014] Commit new mining work                   number=2090 sealhash=5c537c..dfbf6d uncles=0 txs=0 gas=0       fees=0 elapsed="216.291µs"
INFO [02-08|15:16:55.010] Imported new chain segment               blocks=1 txs=0 mgas=0.000 elapsed="854.792µs" mgasps=0.000   number=2090 hash=6ff6ca..3bdff4 dirty=1.37KiB
INFO [02-08|15:16:55.010] QBFT: handle final committed             address=0xDF8b560be949C229C821731554C33EAD5E3888A4 current.round=0 current.sequence=2090 state="Accept request"
INFO [02-08|15:16:55.010] QBFT: initialize new round               address=0xDF8b560be949C229C821731554C33EAD5E3888A4 current.round=0 current.sequence=2090 target.round=0 lastProposal.number=2090 lastProposal.hash=6ff6ca..3bdff4
WARN [02-08|15:16:55.010] Block sealing failed                     err=unauthorized
INFO [02-08|15:17:00.022] Imported new chain segment               blocks=1 txs=0 mgas=0.000 elapsed="866.417µs" mgasps=0.000   number=2091 hash=06f8e3..d3040b dirty=1.37KiB
INFO [02-08|15:17:05.013] Imported new chain segment               blocks=1 txs=0 mgas=0.000 elapsed="866.834µs" mgasps=0.000   number=2092 hash=5496de..ddd965 dirty=1.37KiB
INFO [02-08|15:17:10.012] Commit new mining work                   number=2094 sealhash=ef8ea2..f0d921 uncles=0 txs=0 gas=0       fees=0 elapsed="386.708µs"
INFO [02-08|15:17:11.538] Looking for peers                        peercount=4 tried=3 static=8
INFO [02-08|15:17:15.009] Imported new chain segment               blocks=1 txs=0 mgas=0.000 elapsed=1.056ms     mgasps=0.000   number=2094 hash=e848d0..84d365 dirty=1.37KiB
INFO [02-08|15:17:15.010] Commit new mining work                   number=2095 sealhash=8692fe..daa97b uncles=0 txs=0 gas=0       fees=0 elapsed="323.167µs"
WARN [02-08|15:17:15.010] Block sealing failed                     err=unauthorized
INFO [02-08|15:17:15.010] QBFT: handle final committed             address=0xDF8b560be949C229C821731554C33EAD5E3888A4 current.round=0 current.sequence=2094 state="Accept request"
INFO [02-08|15:17:15.010] QBFT: initialize new round               address=0xDF8b560be949C229C821731554C33EAD5E3888A4 current.round=0 current.sequence=2094 target.round=0 lastProposal.number=2094 lastProposal.hash=e848d0..84d365
INFO [02-08|15:17:20.015] Imported new chain segment               blocks=1 txs=0 mgas=0.000 elapsed=1.521ms     mgasps=0.000   number=2095 hash=13256a..2bd5b6 dirty=1.37KiB
INFO [02-08|15:17:20.016] QBFT: handle final committed             address=0xDF8b560be949C229C821731554C33EAD5E3888A4 current.round=0 current.sequence=2095 state="Accept request"
INFO [02-08|15:17:20.016] QBFT: initialize new round               address=0xDF8b560be949C229C821731554C33EAD5E3888A4 current.round=0 current.sequence=2095 target.round=0 lastProposal.number=2095 lastProposal.hash=13256a..2bd5b6
INFO [02-08|15:17:20.016] QBFT: start new round                    address=0xDF8b560be949C229C821731554C33EAD5E3888A4 old.round=0  old.sequence=2095 old.state="Accept request" old.proposer=0xcE412f988377e31F4d0fF12d74df73B51C42d0cA next.round=0 next.seq=2096 next.proposer=0x27A97C9AaF04f18f3014c32e036dD0Ac76Da5f18 next.valSet="[0x27A97C9AaF04f18f3014c32e036dD0Ac76Da5f18 0x93917cADBace5dFCE132B991732c6Cda9bcC5B8a 0x98C1334496614aED49d2E81526D089f7264fED9C 0xcE412f988377e31F4d0fF12d74df73B51C42d0cA]" next.size=4 next.IsProposer=false
INFO [02-08|15:17:25.013] Imported new chain segment               blocks=1 txs=0 mgas=0.000 elapsed="957.75µs"  mgasps=0.000   number=2096 hash=4ee240..022220 dirty=1.37KiB
INFO [02-08|15:17:30.021] Imported new chain segment               blocks=1 txs=0 mgas=0.000 elapsed="485.833µs" mgasps=0.000   number=2097 hash=8bc620..c0d679 dirty=1.37KiB
INFO [02-08|15:17:35.017] Imported new chain segment               blocks=1 txs=0 mgas=0.000 elapsed=1.127ms     mgasps=0.000   number=2098 hash=49b0b7..3f9d44 dirty=1.37KiB
INFO [02-08|15:17:35.017] Commit new mining work                   number=2099 sealhash=138959..b33ecc uncles=0 txs=0 gas=0       fees=0 elapsed="225.917µs"
INFO [02-08|15:17:35.018] QBFT: initialize new round               address=0xDF8b560be949C229C821731554C33EAD5E3888A4 current.round=0 current.sequence=2098 target.round=0 lastProposal.number=2098 lastProposal.hash=49b0b7..3f9d44
INFO [02-08|15:17:40.011] Imported new chain segment               blocks=1 txs=0 mgas=0.000 elapsed="814µs"     mgasps=0.000   number=2099 hash=d50372..c35ce1 dirty=1.37KiB
INFO [02-08|15:17:40.012] QBFT: handle final committed             address=0xDF8b560be949C229C821731554C33EAD5E3888A4 current.round=0 current.sequence=2099 state="Accept request"
INFO [02-08|15:17:40.012] QBFT: initialize new round               address=0xDF8b560be949C229C821731554C33EAD5E3888A4 current.round=0 current.sequence=2099 target.round=0 lastProposal.number=2099 lastProposal.hash=d50372..c35ce1
WARN [02-08|15:17:40.012] Block sealing failed                     err=unauthorized
INFO [02-08|15:17:40.012] QBFT: start new round                    address=0xDF8b560be949C229C821731554C33EAD5E3888A4 old.round=0  old.sequence=2099 old.state="Accept request" old.proposer=0xcE412f988377e31F4d0fF12d74df73B51C42d0cA next.round=0 next.seq=2100 next.proposer=0x27A97C9AaF04f18f3014c32e036dD0Ac76Da5f18 next.valSet="[0x27A97C9AaF04f18f3014c32e036dD0Ac76Da5f18 0x93917cADBace5dFCE132B991732c6Cda9bcC5B8a 0x98C1334496614aED49d2E81526D089f7264fED9C 0xcE412f988377e31F4d0fF12d74df73B51C42d0cA]" next.size=4 next.IsProposer=false
INFO [02-08|15:17:40.012] Commit new mining work                   number=2100 sealhash=2e66c4..e30596 uncles=0 txs=0 gas=0       fees=0 elapsed="384.375µs"
INFO [02-08|15:17:45.011] Commit new mining work                   number=2101 sealhash=fede07..9d91ce uncles=0 txs=0 gas=0       fees=0 elapsed="422.875µs"
INFO [02-08|15:17:50.004] Imported new chain segment               blocks=1 txs=0 mgas=0.000 elapsed="281.958µs" mgasps=0.000   number=2101 hash=6bdcdc..422794 dirty=1.37KiB
INFO [02-08|15:17:50.004] Commit new mining work                   number=2102 sealhash=484f19..c58bd4 uncles=0 txs=0 gas=0       fees=0 elapsed="87.666µs"
WARN [02-08|15:17:50.004] Block sealing failed                     err=unauthorized
INFO [02-08|15:17:50.004] QBFT: handle final committed             address=0xDF8b560be949C229C821731554C33EAD5E3888A4 current.round=0 current.sequence=2101 state="Accept request"
INFO [02-08|15:17:50.004] QBFT: initialize new round               address=0xDF8b560be949C229C821731554C33EAD5E3888A4 current.round=0 current.sequence=2101 target.round=0 lastProposal.number=2101 lastProposal.hash=6bdcdc..422794
INFO [02-08|15:17:50.004] QBFT: start new round                    address=0xDF8b560be949C229C821731554C33EAD5E3888A4 old.round=0  old.sequence=2101 old.state="Accept request" old.proposer=0x93917cADBace5dFCE132B991732c6Cda9bcC5B8a next.round=0 next.seq=2102 next.proposer=0x98C1334496614aED49d2E81526D089f7264fED9C next.valSet="[0x27A97C9AaF04f18f3014c32e036dD0Ac76Da5f18 0x93917cADBace5dFCE132B991732c6Cda9bcC5B8a 0x98C1334496614aED49d2E81526D089f7264fED9C 0xcE412f988377e31F4d0fF12d74df73B51C42d0cA]" next.size=4 next.IsProposer=false
INFO [02-08|15:18:00.017] Imported new chain segment               blocks=1 txs=0 mgas=0.000 elapsed="770.792µs" mgasps=0.000   number=2103 hash=6645f2..823373 dirty=1.37KiB
INFO [02-08|15:18:00.017] Commit new mining work                   number=2104 sealhash=ee5fab..b72362 uncles=0 txs=0 gas=0       fees=0 elapsed="221.959µs"
INFO [02-08|15:18:05.013] Imported new chain segment               blocks=1 txs=0 mgas=0.000 elapsed="814.917µs" mgasps=0.000   number=2104 hash=ff6234..10c6d5 dirty=1.37KiB
INFO [02-08|15:18:05.013] Commit new mining work                   number=2105 sealhash=8d50f2..da3555 uncles=0 txs=0 gas=0       fees=0 elapsed="215.875µs"
INFO [02-08|15:18:05.014] QBFT: start new round                    address=0xDF8b560be949C229C821731554C33EAD5E3888A4 old.round=0  old.sequence=2104 old.state="Accept request" old.proposer=0x27A97C9AaF04f18f3014c32e036dD0Ac76Da5f18 next.round=0 next.seq=2105 next.proposer=0x93917cADBace5dFCE132B991732c6Cda9bcC5B8a next.valSet="[0x27A97C9AaF04f18f3014c32e036dD0Ac76Da5f18 0x93917cADBace5dFCE132B991732c6Cda9bcC5B8a 0x98C1334496614aED49d2E81526D089f7264fED9C 0xcE412f988377e31F4d0fF12d74df73B51C42d0cA]" next.size=4 next.IsProposer=false
INFO [02-08|15:18:10.012] Imported new chain segment               blocks=1 txs=0 mgas=0.000 elapsed=1.053ms     mgasps=0.000   number=2105 hash=46ea39..2f9f85 dirty=1.37KiB
INFO [02-08|15:18:15.014] Imported new chain segment               blocks=1 txs=0 mgas=0.000 elapsed=1.189ms     mgasps=0.000   number=2106 hash=de9945..720110 dirty=1.37KiB
INFO [02-08|15:18:15.015] Commit new mining work                   number=2107 sealhash=f78003..7e161d uncles=0 txs=0 gas=0       fees=0 elapsed="307.375µs"
INFO [02-08|15:18:15.015] QBFT: start new round                    address=0xDF8b560be949C229C821731554C33EAD5E3888A4 old.round=0  old.sequence=2106 old.state="Accept request" old.proposer=0x98C1334496614aED49d2E81526D089f7264fED9C next.round=0 next.seq=2107 next.proposer=0xcE412f988377e31F4d0fF12d74df73B51C42d0cA next.valSet="[0x27A97C9AaF04f18f3014c32e036dD0Ac76Da5f18 0x93917cADBace5dFCE132B991732c6Cda9bcC5B8a 0x98C1334496614aED49d2E81526D089f7264fED9C 0xcE412f988377e31F4d0fF12d74df73B51C42d0cA]" next.size=4 next.IsProposer=false
INFO [02-08|15:18:20.517] Imported new chain segment               blocks=1 txs=0 mgas=0.000 elapsed="902.709µs" mgasps=0.000   number=2107 hash=fdb959..c0625d dirty=1.37KiB
WARN [02-08|15:18:20.517] Block sealing failed                     err=unauthorized
INFO [02-08|15:18:25.009] Commit new mining work                   number=2109 sealhash=5a657a..c273c2 uncles=0 txs=0 gas=0       fees=0 elapsed="245.875µs"
INFO [02-08|15:18:30.015] Imported new chain segment               blocks=1 txs=0 mgas=0.000 elapsed="886.542µs" mgasps=0.000   number=2109 hash=6b19f5..9bc3c6 dirty=1.37KiB
INFO [02-08|15:18:30.015] QBFT: handle final committed             address=0xDF8b560be949C229C821731554C33EAD5E3888A4 current.round=0 current.sequence=2109 state="Accept request"
INFO [02-08|15:18:30.015] QBFT: start new round                    address=0xDF8b560be949C229C821731554C33EAD5E3888A4 old.round=0  old.sequence=2109 old.state="Accept request" old.proposer=0x93917cADBace5dFCE132B991732c6Cda9bcC5B8a next.round=0 next.seq=2110 next.proposer=0x98C1334496614aED49d2E81526D089f7264fED9C next.valSet="[0x27A97C9AaF04f18f3014c32e036dD0Ac76Da5f18 0x93917cADBace5dFCE132B991732c6Cda9bcC5B8a 0x98C1334496614aED49d2E81526D089f7264fED9C 0xcE412f988377e31F4d0fF12d74df73B51C42d0cA]" next.size=4 next.IsProposer=false
INFO [02-08|15:18:30.015] Commit new mining work                   number=2110 sealhash=11de86..55baed uncles=0 txs=0 gas=0       fees=0 elapsed="288.166µs"
INFO [02-08|15:18:35.009] Imported new chain segment               blocks=1 txs=0 mgas=0.000 elapsed="889.334µs" mgasps=0.000   number=2110 hash=5c6028..7ec7e8 dirty=1.37KiB
INFO [02-08|15:18:35.010] Commit new mining work                   number=2111 sealhash=417240..c39e78 uncles=0 txs=0 gas=0       fees=0 elapsed="302.167µs"
INFO [02-08|15:18:35.010] QBFT: handle final committed             address=0xDF8b560be949C229C821731554C33EAD5E3888A4 current.round=0 current.sequence=2110 state="Accept request"
INFO [02-08|15:18:35.010] QBFT: initialize new round               address=0xDF8b560be949C229C821731554C33EAD5E3888A4 current.round=0 current.sequence=2110 target.round=0 lastProposal.number=2110 lastProposal.hash=5c6028..7ec7e8
INFO [02-08|15:18:35.010] QBFT: start new round                    address=0xDF8b560be949C229C821731554C33EAD5E3888A4 old.round=0  old.sequence=2110 old.state="Accept request" old.proposer=0x98C1334496614aED49d2E81526D089f7264fED9C next.round=0 next.seq=2111 next.proposer=0xcE412f988377e31F4d0fF12d74df73B51C42d0cA next.valSet="[0x27A97C9AaF04f18f3014c32e036dD0Ac76Da5f18 0x93917cADBace5dFCE132B991732c6Cda9bcC5B8a 0x98C1334496614aED49d2E81526D089f7264fED9C 0xcE412f988377e31F4d0fF12d74df73B51C42d0cA]" next.size=4 next.IsProposer=false
INFO [02-08|15:18:40.014] Imported new chain segment               blocks=1 txs=0 mgas=0.000 elapsed=1.011ms     mgasps=0.000   number=2111 hash=a13458..cd11bf dirty=1.37KiB
INFO [02-08|15:18:40.015] QBFT: initialize new round               address=0xDF8b560be949C229C821731554C33EAD5E3888A4 current.round=0 current.sequence=2111 target.round=0 lastProposal.number=2111 lastProposal.hash=a13458..cd11bf
WARN [02-08|15:18:40.015] Block sealing failed                     err=unauthorized
INFO [02-08|15:18:45.014] QBFT: start new round                    address=0xDF8b560be949C229C821731554C33EAD5E3888A4 old.round=0  old.sequence=2112 old.state="Accept request" old.proposer=0x27A97C9AaF04f18f3014c32e036dD0Ac76Da5f18 next.round=0 next.seq=2113 next.proposer=0x93917cADBace5dFCE132B991732c6Cda9bcC5B8a next.valSet="[0x27A97C9AaF04f18f3014c32e036dD0Ac76Da5f18 0x93917cADBace5dFCE132B991732c6Cda9bcC5B8a 0x98C1334496614aED49d2E81526D089f7264fED9C 0xcE412f988377e31F4d0fF12d74df73B51C42d0cA]" next.size=4 next.IsProposer=false
WARN [02-08|15:18:45.014] Block sealing failed                     err=unauthorized
INFO [02-08|15:18:50.018] Imported new chain segment               blocks=1 txs=0 mgas=0.000 elapsed="486.208µs" mgasps=0.000   number=2113 hash=0efbcc..9a50cf dirty=1.37KiB
INFO [02-08|15:18:55.014] Imported new chain segment               blocks=1 txs=0 mgas=0.000 elapsed="838.625µs" mgasps=0.000   number=2114 hash=cc5820..0c3fa4 dirty=1.37KiB
INFO [02-08|15:18:55.015] Commit new mining work                   number=2115 sealhash=f915ef..208e38 uncles=0 txs=0 gas=0       fees=0 elapsed="274.291µs"
INFO [02-08|15:18:55.015] QBFT: handle final committed             address=0xDF8b560be949C229C821731554C33EAD5E3888A4 current.round=0 current.sequence=2114 state="Accept request"
WARN [02-08|15:18:55.015] Block sealing failed                     err=unauthorized
INFO [02-08|15:18:56.551] Looking for peers                        peercount=4 tried=3 static=8
INFO [02-08|15:19:05.016] Imported new chain segment               blocks=1 txs=0 mgas=0.000 elapsed="975.292µs" mgasps=0.000   number=2116 hash=f66126..53b850 dirty=1.37KiB
INFO [02-08|15:19:05.016] Commit new mining work                   number=2117 sealhash=384f56..ffc329 uncles=0 txs=0 gas=0       fees=0 elapsed="348.75µs"
INFO [02-08|15:19:10.014] Imported new chain segment               blocks=1 txs=0 mgas=0.000 elapsed="923.208µs" mgasps=0.000   number=2117 hash=937d93..b926d1 dirty=1.37KiB
INFO [02-08|15:19:10.015] Commit new mining work                   number=2118 sealhash=3f29bc..da5030 uncles=0 txs=0 gas=0       fees=0 elapsed="332.625µs"
INFO [02-08|15:19:15.013] QBFT: handle final committed             address=0xDF8b560be949C229C821731554C33EAD5E3888A4 current.round=0 current.sequence=2118 state="Accept request"
INFO [02-08|15:19:15.013] QBFT: initialize new round               address=0xDF8b560be949C229C821731554C33EAD5E3888A4 current.round=0 current.sequence=2118 target.round=0 lastProposal.number=2118 lastProposal.hash=158699..68a063
INFO [02-08|15:19:20.016] Imported new chain segment               blocks=1 txs=0 mgas=0.000 elapsed="977.416µs" mgasps=0.000   number=2119 hash=5d5b87..10e95a dirty=1.37KiB
INFO [02-08|15:19:20.016] QBFT: handle final committed             address=0xDF8b560be949C229C821731554C33EAD5E3888A4 current.round=0 current.sequence=2119 state="Accept request"
INFO [02-08|15:19:30.011] Imported new chain segment               blocks=1 txs=0 mgas=0.000 elapsed="798.083µs" mgasps=0.000   number=2121 hash=9a31b3..5fec95 dirty=1.37KiB
INFO [02-08|15:19:31.554] Looking for peers                        peercount=4 tried=3 static=8
INFO [02-08|15:19:35.014] Imported new chain segment               blocks=1 txs=0 mgas=0.000 elapsed="846.667µs" mgasps=0.000   number=2122 hash=40dd44..a1e0ed dirty=1.37KiB
INFO [02-08|15:19:35.014] QBFT: handle final committed             address=0xDF8b560be949C229C821731554C33EAD5E3888A4 current.round=0 current.sequence=2122 state="Accept request"
INFO [02-08|15:19:40.023] Imported new chain segment               blocks=1 txs=0 mgas=0.000 elapsed=1.215ms     mgasps=0.000   number=2123 hash=9d080f..fca870 dirty=1.37KiB
WARN [02-08|15:19:40.024] Block sealing failed                     err=unauthorized
INFO [02-08|15:19:45.006] Imported new chain segment               blocks=1 txs=0 mgas=0.000 elapsed="411.458µs" mgasps=0.000   number=2124 hash=f1892e..a26b41 dirty=1.37KiB
INFO [02-08|15:19:45.007] QBFT: handle final committed             address=0xDF8b560be949C229C821731554C33EAD5E3888A4 current.round=0 current.sequence=2124 state="Accept request"
INFO [02-08|15:19:45.007] QBFT: initialize new round               address=0xDF8b560be949C229C821731554C33EAD5E3888A4 current.round=0 current.sequence=2124 target.round=0 lastProposal.number=2124 lastProposal.hash=f1892e..a26b41
INFO [02-08|15:19:50.012] QBFT: initialize new round               address=0xDF8b560be949C229C821731554C33EAD5E3888A4 current.round=0 current.sequence=2125 target.round=0 lastProposal.number=2125 lastProposal.hash=75a71a..4a5a98
INFO [02-08|15:19:55.515] Imported new chain segment               blocks=1 txs=0 mgas=0.000 elapsed="687.375µs" mgasps=0.000   number=2126 hash=8b4e95..d23e00 dirty=1.37KiB
INFO [02-08|15:19:55.515] Commit new mining work                   number=2127 sealhash=1621ec..1f998e uncles=0 txs=0 gas=0       fees=0 elapsed="250.75µs"
INFO [02-08|15:20:00.019] Imported new chain segment               blocks=1 txs=0 mgas=0.000 elapsed="919.833µs" mgasps=0.000   number=2127 hash=9b09dc..9472fd dirty=1.37KiB
INFO [02-08|15:20:05.020] Imported new chain segment               blocks=1 txs=0 mgas=0.000 elapsed="802.208µs" mgasps=0.000   number=2128 hash=adb4d6..72d124 dirty=1.37KiB
INFO [02-08|15:20:05.020] Commit new mining work                   number=2129 sealhash=a67aa7..8c3756 uncles=0 txs=0 gas=0       fees=0 elapsed="305.292µs"
WARN [02-08|15:20:05.020] Block sealing failed                     err=unauthorized
INFO [02-08|15:20:05.020] QBFT: handle final committed             address=0xDF8b560be949C229C821731554C33EAD5E3888A4 current.round=0 current.sequence=2128 state="Accept request"
INFO [02-08|15:20:05.020] QBFT: initialize new round               address=0xDF8b560be949C229C821731554C33EAD5E3888A4 current.round=0 current.sequence=2128 target.round=0 lastProposal.number=2128 lastProposal.hash=adb4d6..72d124
INFO [02-08|15:20:06.561] Looking for peers                        peercount=4 tried=3 static=8
INFO [02-08|15:20:10.016] QBFT: handle final committed             address=0xDF8b560be949C229C821731554C33EAD5E3888A4 current.round=0 current.sequence=2129 state="Accept request"
INFO [02-08|15:20:15.011] Imported new chain segment               blocks=1 txs=0 mgas=0.000 elapsed="640.25µs"  mgasps=0.000   number=2130 hash=e3c1da..0a0c92 dirty=1.37KiB
INFO [02-08|15:20:15.011] QBFT: initialize new round               address=0xDF8b560be949C229C821731554C33EAD5E3888A4 current.round=0 current.sequence=2130 target.round=0 lastProposal.number=2130 lastProposal.hash=e3c1da..0a0c92
INFO [02-08|15:20:20.014] Imported new chain segment               blocks=1 txs=0 mgas=0.000 elapsed=1.108ms     mgasps=0.000   number=2131 hash=7735f4..befe02 dirty=1.37KiB
INFO [02-08|15:20:20.014] Commit new mining work                   number=2132 sealhash=fd5cd0..3cab0b uncles=0 txs=0 gas=0       fees=0 elapsed="203.625µs"
INFO [02-08|15:20:25.010] Imported new chain segment               blocks=1 txs=0 mgas=0.000 elapsed=1.296ms     mgasps=0.000   number=2132 hash=992d39..bf7fbe dirty=1.37KiB
INFO [02-08|15:20:25.011] QBFT: initialize new round               address=0xDF8b560be949C229C821731554C33EAD5E3888A4 current.round=0 current.sequence=2132 target.round=0 lastProposal.number=2132 lastProposal.hash=992d39..bf7fbe
INFO [02-08|15:20:30.007] Imported new chain segment               blocks=1 txs=0 mgas=0.000 elapsed="684.584µs" mgasps=0.000   number=2133 hash=154c20..12bf0a dirty=1.37KiB
INFO [02-08|15:20:35.020] Imported new chain segment               blocks=1 txs=0 mgas=0.000 elapsed="911.667µs" mgasps=0.000   number=2134 hash=a90300..7aa6bf dirty=1.37KiB
WARN [02-08|15:20:40.007] Block sealing failed                     err=unauthorized
INFO [02-08|15:20:40.007] QBFT: start new round                    address=0xDF8b560be949C229C821731554C33EAD5E3888A4 old.round=0  old.sequence=2135 old.state="Accept request" old.proposer=0xcE412f988377e31F4d0fF12d74df73B51C42d0cA next.round=0 next.seq=2136 next.proposer=0x27A97C9AaF04f18f3014c32e036dD0Ac76Da5f18 next.valSet="[0x27A97C9AaF04f18f3014c32e036dD0Ac76Da5f18 0x93917cADBace5dFCE132B991732c6Cda9bcC5B8a 0x98C1334496614aED49d2E81526D089f7264fED9C 0xcE412f988377e31F4d0fF12d74df73B51C42d0cA]" next.size=4 next.IsProposer=false
INFO [02-08|15:20:41.566] Looking for peers                        peercount=4 tried=3 static=8
INFO [02-08|15:20:45.015] Imported new chain segment               blocks=1 txs=0 mgas=0.000 elapsed=1.976ms     mgasps=0.000   number=2136 hash=2d5a3c..4b6a98 dirty=1.37KiB
INFO [02-08|15:20:55.017] Imported new chain segment               blocks=1 txs=0 mgas=0.000 elapsed=1.027ms     mgasps=0.000   number=2138 hash=aa5599..781ad7 dirty=1.37KiB
INFO [02-08|15:20:55.018] QBFT: initialize new round               address=0xDF8b560be949C229C821731554C33EAD5E3888A4 current.round=0 current.sequence=2138 target.round=0 lastProposal.number=2138 lastProposal.hash=aa5599..781ad7
INFO [02-08|15:21:00.017] Imported new chain segment               blocks=1 txs=0 mgas=0.000 elapsed=1.404ms     mgasps=0.000   number=2139 hash=052c83..c89df5 dirty=1.37KiB
INFO [02-08|15:21:05.008] Imported new chain segment               blocks=1 txs=0 mgas=0.000 elapsed=1.265ms     mgasps=0.000   number=2140 hash=ed251f..d1e8e8 dirty=1.37KiB
INFO [02-08|15:21:05.009] QBFT: handle final committed             address=0xDF8b560be949C229C821731554C33EAD5E3888A4 current.round=0 current.sequence=2140 state="Accept request"
WARN [02-08|15:21:05.009] Block sealing failed                     err=unauthorized
INFO [02-08|15:21:05.009] QBFT: initialize new round               address=0xDF8b560be949C229C821731554C33EAD5E3888A4 current.round=0 current.sequence=2140 target.round=0 lastProposal.number=2140 lastProposal.hash=ed251f..d1e8e8
INFO [02-08|15:21:10.012] Imported new chain segment               blocks=1 txs=0 mgas=0.000 elapsed=1.403ms     mgasps=0.000   number=2141 hash=91456d..c5bdbe dirty=1.37KiB
INFO [02-08|15:21:10.013] Commit new mining work                   number=2142 sealhash=84666b..93d2ea uncles=0 txs=0 gas=0       fees=0 elapsed="200.542µs"
INFO [02-08|15:21:10.013] QBFT: initialize new round               address=0xDF8b560be949C229C821731554C33EAD5E3888A4 current.round=0 current.sequence=2141 target.round=0 lastProposal.number=2141 lastProposal.hash=91456d..c5bdbe
INFO [02-08|15:21:15.016] Imported new chain segment               blocks=1 txs=0 mgas=0.000 elapsed=1.242ms     mgasps=0.000   number=2142 hash=b4adfe..4f18d9 dirty=1.37KiB
INFO [02-08|15:21:16.568] Looking for peers                        peercount=4 tried=3 static=8
WARN [02-08|15:21:20.014] Block sealing failed                     err=unauthorized
INFO [02-08|15:21:25.005] Commit new mining work                   number=2145 sealhash=e1d8ac..58c9d4 uncles=0 txs=0 gas=0       fees=0 elapsed="72.709µs"
INFO [02-08|15:21:25.005] QBFT: handle final committed             address=0xDF8b560be949C229C821731554C33EAD5E3888A4 current.round=0 current.sequence=2144 state="Accept request"
INFO [02-08|15:21:25.005] QBFT: initialize new round               address=0xDF8b560be949C229C821731554C33EAD5E3888A4 current.round=0 current.sequence=2144 target.round=0 lastProposal.number=2144 lastProposal.hash=42367e..ae83d5
INFO [02-08|15:21:30.010] Imported new chain segment               blocks=1 txs=0 mgas=0.000 elapsed="693.084µs" mgasps=0.000   number=2145 hash=8325d5..6c2606 dirty=1.37KiB
INFO [02-08|15:21:30.010] QBFT: handle final committed             address=0xDF8b560be949C229C821731554C33EAD5E3888A4 current.round=0 current.sequence=2145 state="Accept request"
INFO [02-08|15:21:30.010] QBFT: initialize new round               address=0xDF8b560be949C229C821731554C33EAD5E3888A4 current.round=0 current.sequence=2145 target.round=0 lastProposal.number=2145 lastProposal.hash=8325d5..6c2606
INFO [02-08|15:21:35.017] Imported new chain segment               blocks=1 txs=0 mgas=0.000 elapsed="738.084µs" mgasps=0.000   number=2146 hash=b4199a..d7fd1b dirty=1.37KiB
INFO [02-08|15:21:35.017] QBFT: handle final committed             address=0xDF8b560be949C229C821731554C33EAD5E3888A4 current.round=0 current.sequence=2146 state="Accept request"
INFO [02-08|15:21:35.017] QBFT: initialize new round               address=0xDF8b560be949C229C821731554C33EAD5E3888A4 current.round=0 current.sequence=2146 target.round=0 lastProposal.number=2146 lastProposal.hash=b4199a..d7fd1b
INFO [02-08|15:21:40.007] Imported new chain segment               blocks=1 txs=0 mgas=0.000 elapsed=1.070ms     mgasps=0.000   number=2147 hash=c40a0d..7d7537 dirty=1.37KiB
INFO [02-08|15:21:45.018] Imported new chain segment               blocks=1 txs=0 mgas=0.000 elapsed="705.167µs" mgasps=0.000   number=2148 hash=6fac16..55baf6 dirty=1.37KiB
INFO [02-08|15:21:45.018] Commit new mining work                   number=2149 sealhash=728c61..95d0c0 uncles=0 txs=0 gas=0       fees=0 elapsed="238.708µs"
WARN [02-08|15:21:45.018] Block sealing failed                     err=unauthorized
INFO [02-08|15:21:45.018] QBFT: handle final committed             address=0xDF8b560be949C229C821731554C33EAD5E3888A4 current.round=0 current.sequence=2148 state="Accept request"
INFO [02-08|15:21:45.018] QBFT: initialize new round               address=0xDF8b560be949C229C821731554C33EAD5E3888A4 current.round=0 current.sequence=2148 target.round=0 lastProposal.number=2148 lastProposal.hash=6fac16..55baf6
INFO [02-08|15:21:50.012] Imported new chain segment               blocks=1 txs=0 mgas=0.000 elapsed="919.958µs" mgasps=0.000   number=2149 hash=f61f77..f02a8e dirty=1.37KiB
INFO [02-08|15:21:50.013] Commit new mining work                   number=2150 sealhash=af8a2e..4fd752 uncles=0 txs=0 gas=0       fees=0 elapsed="300.458µs"
INFO [02-08|15:21:55.011] Imported new chain segment               blocks=1 txs=0 mgas=0.000 elapsed="994.041µs" mgasps=0.000   number=2150 hash=652669..751247 dirty=1.37KiB
INFO [02-08|15:22:00.023] Commit new mining work                   number=2152 sealhash=119d8c..f63977 uncles=0 txs=0 gas=0       fees=0 elapsed="244µs"
INFO [02-08|15:22:00.023] QBFT: handle final committed             address=0xDF8b560be949C229C821731554C33EAD5E3888A4 current.round=0 current.sequence=2151 state="Accept request"
INFO [02-08|15:22:05.008] Imported new chain segment               blocks=1 txs=0 mgas=0.000 elapsed="705.875µs" mgasps=0.000   number=2152 hash=4c6925..2e44f5 dirty=1.37KiB
INFO [02-08|15:22:05.009] QBFT: initialize new round               address=0xDF8b560be949C229C821731554C33EAD5E3888A4 current.round=0 current.sequence=2152 target.round=0 lastProposal.number=2152 lastProposal.hash=4c6925..2e44f5
INFO [02-08|15:22:05.009] QBFT: start new round                    address=0xDF8b560be949C229C821731554C33EAD5E3888A4 old.round=0  old.sequence=2152 old.state="Accept request" old.proposer=0x27A97C9AaF04f18f3014c32e036dD0Ac76Da5f18 next.round=0 next.seq=2153 next.proposer=0x93917cADBace5dFCE132B991732c6Cda9bcC5B8a next.valSet="[0x27A97C9AaF04f18f3014c32e036dD0Ac76Da5f18 0x93917cADBace5dFCE132B991732c6Cda9bcC5B8a 0x98C1334496614aED49d2E81526D089f7264fED9C 0xcE412f988377e31F4d0fF12d74df73B51C42d0cA]" next.size=4 next.IsProposer=false
INFO [02-08|15:22:10.013] Imported new chain segment               blocks=1 txs=0 mgas=0.000 elapsed="883.708µs" mgasps=0.000   number=2153 hash=39779a..06ab8f dirty=1.37KiB
INFO [02-08|15:22:15.012] Imported new chain segment               blocks=1 txs=0 mgas=0.000 elapsed="827.25µs"  mgasps=0.000   number=2154 hash=8fa985..b0732b dirty=1.37KiB
INFO [02-08|15:22:20.014] Imported new chain segment               blocks=1 txs=0 mgas=0.000 elapsed="809.458µs" mgasps=0.000   number=2155 hash=9fcb81..510ed0 dirty=1.37KiB
INFO [02-08|15:22:25.011] Imported new chain segment               blocks=1 txs=0 mgas=0.000 elapsed="994.833µs" mgasps=0.000   number=2156 hash=04d0a1..94bbc8 dirty=1.37KiB
INFO [02-08|15:22:25.012] QBFT: initialize new round               address=0xDF8b560be949C229C821731554C33EAD5E3888A4 current.round=0 current.sequence=2156 target.round=0 lastProposal.number=2156 lastProposal.hash=04d0a1..94bbc8
WARN [02-08|15:22:25.012] Block sealing failed                     err=unauthorized
INFO [02-08|15:22:25.012] QBFT: start new round                    address=0xDF8b560be949C229C821731554C33EAD5E3888A4 old.round=0  old.sequence=2156 old.state="Accept request" old.proposer=0x27A97C9AaF04f18f3014c32e036dD0Ac76Da5f18 next.round=0 next.seq=2157 next.proposer=0x93917cADBace5dFCE132B991732c6Cda9bcC5B8a next.valSet="[0x27A97C9AaF04f18f3014c32e036dD0Ac76Da5f18 0x93917cADBace5dFCE132B991732c6Cda9bcC5B8a 0x98C1334496614aED49d2E81526D089f7264fED9C 0xcE412f988377e31F4d0fF12d74df73B51C42d0cA]" next.size=4 next.IsProposer=false
INFO [02-08|15:22:26.571] Looking for peers                        peercount=4 tried=3 static=8
INFO [02-08|15:22:30.012] Imported new chain segment               blocks=1 txs=0 mgas=0.000 elapsed=1.124ms     mgasps=0.000   number=2157 hash=4933a1..575410 dirty=1.37KiB
INFO [02-08|15:22:30.012] QBFT: initialize new round               address=0xDF8b560be949C229C821731554C33EAD5E3888A4 current.round=0 current.sequence=2157 target.round=0 lastProposal.number=2157 lastProposal.hash=4933a1..575410
INFO [02-08|15:22:35.014] Imported new chain segment               blocks=1 txs=0 mgas=0.000 elapsed="849.417µs" mgasps=0.000   number=2158 hash=ed66b9..c08632 dirty=1.37KiB
INFO [02-08|15:22:35.014] Commit new mining work                   number=2159 sealhash=d4dc5c..fb9b8c uncles=0 txs=0 gas=0       fees=0 elapsed="266.625µs"
INFO [02-08|15:22:35.014] QBFT: initialize new round               address=0xDF8b560be949C229C821731554C33EAD5E3888A4 current.round=0 current.sequence=2158 target.round=0 lastProposal.number=2158 lastProposal.hash=ed66b9..c08632
INFO [02-08|15:22:40.015] Imported new chain segment               blocks=1 txs=0 mgas=0.000 elapsed="705.125µs" mgasps=0.000   number=2159 hash=06ac5b..f984c7 dirty=1.37KiB
INFO [02-08|15:22:45.007] Commit new mining work                   number=2161 sealhash=2e2d2d..c91aff uncles=0 txs=0 gas=0       fees=0 elapsed="121.834µs"
INFO [02-08|15:22:50.008] Imported new chain segment               blocks=1 txs=0 mgas=0.000 elapsed="588.958µs" mgasps=0.000   number=2161 hash=0edf7d..c0a336 dirty=1.37KiB
INFO [02-08|15:22:50.009] QBFT: handle final committed             address=0xDF8b560be949C229C821731554C33EAD5E3888A4 current.round=0 current.sequence=2161 state="Accept request"
INFO [02-08|15:22:50.009] Commit new mining work                   number=2162 sealhash=f214e1..d8e6e1 uncles=0 txs=0 gas=0       fees=0 elapsed="159.291µs"
INFO [02-08|15:22:55.016] Imported new chain segment               blocks=1 txs=0 mgas=0.000 elapsed="879.333µs" mgasps=0.000   number=2162 hash=940a52..c6eac5 dirty=1.37KiB
INFO [02-08|15:22:55.017] QBFT: handle final committed             address=0xDF8b560be949C229C821731554C33EAD5E3888A4 current.round=0 current.sequence=2162 state="Accept request"
INFO [02-08|15:23:00.021] Imported new chain segment               blocks=1 txs=0 mgas=0.000 elapsed="651.291µs" mgasps=0.000   number=2163 hash=3b60b4..77e9a1 dirty=1.37KiB
INFO [02-08|15:23:00.022] Commit new mining work                   number=2164 sealhash=4ea5f9..7c6992 uncles=0 txs=0 gas=0       fees=0 elapsed="216.5µs"
INFO [02-08|15:23:01.572] Looking for peers                        peercount=4 tried=3 static=8
INFO [02-08|15:23:05.010] Imported new chain segment               blocks=1 txs=0 mgas=0.000 elapsed=1.607ms     mgasps=0.000   number=2164 hash=3b35c1..d29933 dirty=1.37KiB
INFO [02-08|15:23:05.010] Commit new mining work                   number=2165 sealhash=d74c2b..1561cf uncles=0 txs=0 gas=0       fees=0 elapsed="226.75µs"
INFO [02-08|15:23:05.010] QBFT: handle final committed             address=0xDF8b560be949C229C821731554C33EAD5E3888A4 current.round=0 current.sequence=2164 state="Accept request"
INFO [02-08|15:23:05.010] QBFT: initialize new round               address=0xDF8b560be949C229C821731554C33EAD5E3888A4 current.round=0 current.sequence=2164 target.round=0 lastProposal.number=2164 lastProposal.hash=3b35c1..d29933
INFO [02-08|15:23:05.010] QBFT: start new round                    address=0xDF8b560be949C229C821731554C33EAD5E3888A4 old.round=0  old.sequence=2164 old.state="Accept request" old.proposer=0x27A97C9AaF04f18f3014c32e036dD0Ac76Da5f18 next.round=0 next.seq=2165 next.proposer=0x93917cADBace5dFCE132B991732c6Cda9bcC5B8a next.valSet="[0x27A97C9AaF04f18f3014c32e036dD0Ac76Da5f18 0x93917cADBace5dFCE132B991732c6Cda9bcC5B8a 0x98C1334496614aED49d2E81526D089f7264fED9C 0xcE412f988377e31F4d0fF12d74df73B51C42d0cA]" next.size=4 next.IsProposer=false
INFO [02-08|15:23:10.014] Imported new chain segment               blocks=1 txs=0 mgas=0.000 elapsed="931.375µs" mgasps=0.000   number=2165 hash=c5957a..ca39a3 dirty=1.37KiB
INFO [02-08|15:23:10.014] Commit new mining work                   number=2166 sealhash=265f3b..cef058 uncles=0 txs=0 gas=0       fees=0 elapsed="317.333µs"
INFO [02-08|15:23:10.014] QBFT: handle final committed             address=0xDF8b560be949C229C821731554C33EAD5E3888A4 current.round=0 current.sequence=2165 state="Accept request"
INFO [02-08|15:23:10.014] QBFT: initialize new round               address=0xDF8b560be949C229C821731554C33EAD5E3888A4 current.round=0 current.sequence=2165 target.round=0 lastProposal.number=2165 lastProposal.hash=c5957a..ca39a3
INFO [02-08|15:23:15.014] Imported new chain segment               blocks=1 txs=0 mgas=0.000 elapsed="860.958µs" mgasps=0.000   number=2166 hash=ca775a..4b5329 dirty=1.37KiB
INFO [02-08|15:23:15.015] QBFT: initialize new round               address=0xDF8b560be949C229C821731554C33EAD5E3888A4 current.round=0 current.sequence=2166 target.round=0 lastProposal.number=2166 lastProposal.hash=ca775a..4b5329
WARN [02-08|15:23:15.015] Block sealing failed                     err=unauthorized
INFO [02-08|15:23:20.014] Imported new chain segment               blocks=1 txs=0 mgas=0.000 elapsed=1.023ms     mgasps=0.000   number=2167 hash=24d7f2..fb60fd dirty=1.37KiB
INFO [02-08|15:23:20.014] QBFT: handle final committed             address=0xDF8b560be949C229C821731554C33EAD5E3888A4 current.round=0 current.sequence=2167 state="Accept request"
INFO [02-08|15:23:20.014] QBFT: initialize new round               address=0xDF8b560be949C229C821731554C33EAD5E3888A4 current.round=0 current.sequence=2167 target.round=0 lastProposal.number=2167 lastProposal.hash=24d7f2..fb60fd
INFO [02-08|15:23:25.010] Imported new chain segment               blocks=1 txs=0 mgas=0.000 elapsed="648µs"     mgasps=0.000   number=2168 hash=d9b77d..f602d6 dirty=1.37KiB
INFO [02-08|15:23:30.005] Imported new chain segment               blocks=1 txs=0 mgas=0.000 elapsed="264.708µs" mgasps=0.000   number=2169 hash=8dfa02..3032d9 dirty=1.37KiB
INFO [02-08|15:23:30.005] Commit new mining work                   number=2170 sealhash=3026d0..ce2bb4 uncles=0 txs=0 gas=0       fees=0 elapsed="82.708µs"
WARN [02-08|15:23:30.005] Block sealing failed                     err=unauthorized
INFO [02-08|15:23:35.015] Commit new mining work                   number=2171 sealhash=e5bfe3..e8d637 uncles=0 txs=0 gas=0       fees=0 elapsed="270.875µs"
INFO [02-08|15:23:40.015] Imported new chain segment               blocks=1 txs=0 mgas=0.000 elapsed=1.053ms     mgasps=0.000   number=2171 hash=2c29ad..68dbb2 dirty=1.37KiB
INFO [02-08|15:23:40.015] Commit new mining work                   number=2172 sealhash=f804a3..b77073 uncles=0 txs=0 gas=0       fees=0 elapsed="263.667µs"
INFO [02-08|15:23:40.016] QBFT: start new round                    address=0xDF8b560be949C229C821731554C33EAD5E3888A4 old.round=0  old.sequence=2171 old.state="Accept request" old.proposer=0xcE412f988377e31F4d0fF12d74df73B51C42d0cA next.round=0 next.seq=2172 next.proposer=0x27A97C9AaF04f18f3014c32e036dD0Ac76Da5f18 next.valSet="[0x27A97C9AaF04f18f3014c32e036dD0Ac76Da5f18 0x93917cADBace5dFCE132B991732c6Cda9bcC5B8a 0x98C1334496614aED49d2E81526D089f7264fED9C 0xcE412f988377e31F4d0fF12d74df73B51C42d0cA]" next.size=4 next.IsProposer=false
INFO [02-08|15:23:45.012] Imported new chain segment               blocks=1 txs=0 mgas=0.000 elapsed="965.5µs"   mgasps=0.000   number=2172 hash=75cb24..2fb541 dirty=1.37KiB
INFO [02-08|15:23:45.013] QBFT: handle final committed             address=0xDF8b560be949C229C821731554C33EAD5E3888A4 current.round=0 current.sequence=2172 state="Accept request"
INFO [02-08|15:23:50.009] Imported new chain segment               blocks=1 txs=0 mgas=0.000 elapsed="428.834µs" mgasps=0.000   number=2173 hash=b3bd05..890adc dirty=1.37KiB
WARN [02-08|15:23:50.009] Block sealing failed                     err=unauthorized
INFO [02-08|15:23:55.007] Commit new mining work                   number=2175 sealhash=75ada7..546816 uncles=0 txs=0 gas=0       fees=0 elapsed="125µs"
INFO [02-08|15:24:00.021] Imported new chain segment               blocks=1 txs=0 mgas=0.000 elapsed="528.5µs"   mgasps=0.000   number=2175 hash=47df1f..91e4ed dirty=1.37KiB
INFO [02-08|15:24:00.021] Commit new mining work                   number=2176 sealhash=f4c04e..02e33f uncles=0 txs=0 gas=0       fees=0 elapsed="210.167µs"
INFO [02-08|15:24:05.008] Imported new chain segment               blocks=1 txs=0 mgas=0.000 elapsed="685.125µs" mgasps=0.000   number=2176 hash=df3722..daae54 dirty=1.37KiB
INFO [02-08|15:24:05.008] QBFT: handle final committed             address=0xDF8b560be949C229C821731554C33EAD5E3888A4 current.round=0 current.sequence=2176 state="Accept request"
INFO [02-08|15:24:10.015] QBFT: handle final committed             address=0xDF8b560be949C229C821731554C33EAD5E3888A4 current.round=0 current.sequence=2177 state="Accept request"
INFO [02-08|15:24:11.579] Looking for peers                        peercount=4 tried=3 static=8
INFO [02-08|15:24:15.021] Imported new chain segment               blocks=1 txs=0 mgas=0.000 elapsed=1.145ms     mgasps=0.000   number=2178 hash=0190d0..c7800e dirty=1.37KiB
INFO [02-08|15:24:15.022] QBFT: handle final committed             address=0xDF8b560be949C229C821731554C33EAD5E3888A4 current.round=0 current.sequence=2178 state="Accept request"
INFO [02-08|15:24:20.014] QBFT: handle final committed             address=0xDF8b560be949C229C821731554C33EAD5E3888A4 current.round=0 current.sequence=2179 state="Accept request"
INFO [02-08|15:24:25.015] Imported new chain segment               blocks=1 txs=0 mgas=0.000 elapsed="962.459µs" mgasps=0.000   number=2180 hash=73348c..91fc9c dirty=1.37KiB
INFO [02-08|15:24:25.015] QBFT: initialize new round               address=0xDF8b560be949C229C821731554C33EAD5E3888A4 current.round=0 current.sequence=2180 target.round=0 lastProposal.number=2180 lastProposal.hash=73348c..91fc9c
INFO [02-08|15:24:30.004] Imported new chain segment               blocks=1 txs=0 mgas=0.000 elapsed="274.75µs"  mgasps=0.000   number=2181 hash=45af5f..f432b7 dirty=1.37KiB
INFO [02-08|15:24:30.004] Commit new mining work                   number=2182 sealhash=584b8f..2e44b8 uncles=0 txs=0 gas=0       fees=0 elapsed="95.5µs"
WARN [02-08|15:24:30.004] Block sealing failed                     err=unauthorized
INFO [02-08|15:24:30.004] QBFT: handle final committed             address=0xDF8b560be949C229C821731554C33EAD5E3888A4 current.round=0 current.sequence=2181 state="Accept request"
INFO [02-08|15:24:30.004] QBFT: initialize new round               address=0xDF8b560be949C229C821731554C33EAD5E3888A4 current.round=0 current.sequence=2181 target.round=0 lastProposal.number=2181 lastProposal.hash=45af5f..f432b7
INFO [02-08|15:24:30.004] QBFT: start new round                    address=0xDF8b560be949C229C821731554C33EAD5E3888A4 old.round=0  old.sequence=2181 old.state="Accept request" old.proposer=0x93917cADBace5dFCE132B991732c6Cda9bcC5B8a next.round=0 next.seq=2182 next.proposer=0x98C1334496614aED49d2E81526D089f7264fED9C next.valSet="[0x27A97C9AaF04f18f3014c32e036dD0Ac76Da5f18 0x93917cADBace5dFCE132B991732c6Cda9bcC5B8a 0x98C1334496614aED49d2E81526D089f7264fED9C 0xcE412f988377e31F4d0fF12d74df73B51C42d0cA]" next.size=4 next.IsProposer=false
INFO [02-08|15:24:35.017] Imported new chain segment               blocks=1 txs=0 mgas=0.000 elapsed="924.583µs" mgasps=0.000   number=2182 hash=61ce4a..208eac dirty=1.37KiB
INFO [02-08|15:24:40.015] Imported new chain segment               blocks=1 txs=0 mgas=0.000 elapsed="904.542µs" mgasps=0.000   number=2183 hash=268cb6..7d58d6 dirty=1.37KiB
INFO [02-08|15:24:40.015] QBFT: handle final committed             address=0xDF8b560be949C229C821731554C33EAD5E3888A4 current.round=0 current.sequence=2183 state="Accept request"
INFO [02-08|15:24:45.013] Imported new chain segment               blocks=1 txs=0 mgas=0.000 elapsed="949.667µs" mgasps=0.000   number=2184 hash=b8f5b3..404a75 dirty=1.37KiB
WARN [02-08|15:24:45.013] Block sealing failed                     err=unauthorized
INFO [02-08|15:24:46.583] Looking for peers                        peercount=4 tried=3 static=8
INFO [02-08|15:24:50.005] Imported new chain segment               blocks=1 txs=0 mgas=0.000 elapsed="421.667µs" mgasps=0.000   number=2185 hash=87c513..3e37d9 dirty=1.37KiB
INFO [02-08|15:24:50.005] QBFT: handle final committed             address=0xDF8b560be949C229C821731554C33EAD5E3888A4 current.round=0 current.sequence=2185 state="Accept request"
INFO [02-08|15:24:50.005] QBFT: initialize new round               address=0xDF8b560be949C229C821731554C33EAD5E3888A4 current.round=0 current.sequence=2185 target.round=0 lastProposal.number=2185 lastProposal.hash=87c513..3e37d9
INFO [02-08|15:24:50.005] QBFT: start new round                    address=0xDF8b560be949C229C821731554C33EAD5E3888A4 old.round=0  old.sequence=2185 old.state="Accept request" old.proposer=0x93917cADBace5dFCE132B991732c6Cda9bcC5B8a next.round=0 next.seq=2186 next.proposer=0x98C1334496614aED49d2E81526D089f7264fED9C next.valSet="[0x27A97C9AaF04f18f3014c32e036dD0Ac76Da5f18 0x93917cADBace5dFCE132B991732c6Cda9bcC5B8a 0x98C1334496614aED49d2E81526D089f7264fED9C 0xcE412f988377e31F4d0fF12d74df73B51C42d0cA]" next.size=4 next.IsProposer=false
INFO [02-08|15:24:55.015] Imported new chain segment               blocks=1 txs=0 mgas=0.000 elapsed="929.708µs" mgasps=0.000   number=2186 hash=eb0083..ca1f3c dirty=1.37KiB
INFO [02-08|15:24:55.015] Commit new mining work                   number=2187 sealhash=07f00a..836933 uncles=0 txs=0 gas=0       fees=0 elapsed="282.708µs"
WARN [02-08|15:24:55.016] Block sealing failed                     err=unauthorized
INFO [02-08|15:24:55.016] QBFT: handle final committed             address=0xDF8b560be949C229C821731554C33EAD5E3888A4 current.round=0 current.sequence=2186 state="Accept request"
INFO [02-08|15:24:55.016] QBFT: initialize new round               address=0xDF8b560be949C229C821731554C33EAD5E3888A4 current.round=0 current.sequence=2186 target.round=0 lastProposal.number=2186 lastProposal.hash=eb0083..ca1f3c
INFO [02-08|15:25:05.006] Imported new chain segment               blocks=1 txs=0 mgas=0.000 elapsed="400µs"     mgasps=0.000   number=2188 hash=d6747f..9725c5 dirty=1.37KiB
INFO [02-08|15:25:05.006] QBFT: start new round                    address=0xDF8b560be949C229C821731554C33EAD5E3888A4 old.round=0  old.sequence=2188 old.state="Accept request" old.proposer=0x27A97C9AaF04f18f3014c32e036dD0Ac76Da5f18 next.round=0 next.seq=2189 next.proposer=0x93917cADBace5dFCE132B991732c6Cda9bcC5B8a next.valSet="[0x27A97C9AaF04f18f3014c32e036dD0Ac76Da5f18 0x93917cADBace5dFCE132B991732c6Cda9bcC5B8a 0x98C1334496614aED49d2E81526D089f7264fED9C 0xcE412f988377e31F4d0fF12d74df73B51C42d0cA]" next.size=4 next.IsProposer=false
INFO [02-08|15:25:10.011] QBFT: initialize new round               address=0xDF8b560be949C229C821731554C33EAD5E3888A4 current.round=0 current.sequence=2189 target.round=0 lastProposal.number=2189 lastProposal.hash=106574..c8c3e3
INFO [02-08|15:25:10.012] QBFT: start new round                    address=0xDF8b560be949C229C821731554C33EAD5E3888A4 old.round=0  old.sequence=2189 old.state="Accept request" old.proposer=0x93917cADBace5dFCE132B991732c6Cda9bcC5B8a next.round=0 next.seq=2190 next.proposer=0x98C1334496614aED49d2E81526D089f7264fED9C next.valSet="[0x27A97C9AaF04f18f3014c32e036dD0Ac76Da5f18 0x93917cADBace5dFCE132B991732c6Cda9bcC5B8a 0x98C1334496614aED49d2E81526D089f7264fED9C 0xcE412f988377e31F4d0fF12d74df73B51C42d0cA]" next.size=4 next.IsProposer=false
INFO [02-08|15:25:15.015] Imported new chain segment               blocks=1 txs=0 mgas=0.000 elapsed="922.208µs" mgasps=0.000   number=2190 hash=6a86ce..775580 dirty=1.37KiB
INFO [02-08|15:25:15.015] Commit new mining work                   number=2191 sealhash=2bc468..64f1b2 uncles=0 txs=0 gas=0       fees=0 elapsed="234.208µs"
INFO [02-08|15:25:20.016] Imported new chain segment               blocks=1 txs=0 mgas=0.000 elapsed="859.75µs"  mgasps=0.000   number=2191 hash=3c9132..23acee dirty=1.37KiB
INFO [02-08|15:25:21.586] Looking for peers                        peercount=4 tried=3 static=8
WARN [02-08|15:25:25.015] Block sealing failed                     err=unauthorized
INFO [02-08|15:25:30.014] Imported new chain segment               blocks=1 txs=0 mgas=0.000 elapsed="939.666µs" mgasps=0.000   number=2193 hash=b7c6f3..c0f2cf dirty=1.37KiB
INFO [02-08|15:25:35.016] Imported new chain segment               blocks=1 txs=0 mgas=0.000 elapsed="810.75µs"  mgasps=0.000   number=2194 hash=3d577d..2348e2 dirty=1.37KiB
INFO [02-08|15:25:40.017] Imported new chain segment               blocks=1 txs=0 mgas=0.000 elapsed="969.042µs" mgasps=0.000   number=2195 hash=3c9809..ddd8aa dirty=1.37KiB
WARN [02-08|15:25:40.017] Block sealing failed                     err=unauthorized
INFO [02-08|15:25:45.011] Imported new chain segment               blocks=1 txs=0 mgas=0.000 elapsed=1.639ms     mgasps=0.000   number=2196 hash=37766f..e57c67 dirty=1.37KiB
INFO [02-08|15:25:45.012] QBFT: handle final committed             address=0xDF8b560be949C229C821731554C33EAD5E3888A4 current.round=0 current.sequence=2196 state="Accept request"
INFO [02-08|15:25:50.008] Imported new chain segment               blocks=1 txs=0 mgas=0.000 elapsed="458.833µs" mgasps=0.000   number=2197 hash=61a77e..149f5d dirty=1.37KiB
INFO [02-08|15:25:50.008] QBFT: handle final committed             address=0xDF8b560be949C229C821731554C33EAD5E3888A4 current.round=0 current.sequence=2197 state="Accept request"
INFO [02-08|15:25:50.008] QBFT: initialize new round               address=0xDF8b560be949C229C821731554C33EAD5E3888A4 current.round=0 current.sequence=2197 target.round=0 lastProposal.number=2197 lastProposal.hash=61a77e..149f5d
INFO [02-08|15:25:50.008] QBFT: start new round                    address=0xDF8b560be949C229C821731554C33EAD5E3888A4 old.round=0  old.sequence=2197 old.state="Accept request" old.proposer=0x93917cADBace5dFCE132B991732c6Cda9bcC5B8a next.round=0 next.seq=2198 next.proposer=0x98C1334496614aED49d2E81526D089f7264fED9C next.valSet="[0x27A97C9AaF04f18f3014c32e036dD0Ac76Da5f18 0x93917cADBace5dFCE132B991732c6Cda9bcC5B8a 0x98C1334496614aED49d2E81526D089f7264fED9C 0xcE412f988377e31F4d0fF12d74df73B51C42d0cA]" next.size=4 next.IsProposer=false
INFO [02-08|15:25:55.012] Imported new chain segment               blocks=1 txs=0 mgas=0.000 elapsed="943.666µs" mgasps=0.000   number=2198 hash=1896a4..3ac771 dirty=1.37KiB
INFO [02-08|15:25:55.012] Commit new mining work                   number=2199 sealhash=fb3862..f29f75 uncles=0 txs=0 gas=0       fees=0 elapsed="322.667µs"
WARN [02-08|15:25:55.012] Block sealing failed                     err=unauthorized
INFO [02-08|15:25:55.013] QBFT: handle final committed             address=0xDF8b560be949C229C821731554C33EAD5E3888A4 current.round=0 current.sequence=2198 state="Accept request"
INFO [02-08|15:25:55.013] QBFT: initialize new round               address=0xDF8b560be949C229C821731554C33EAD5E3888A4 current.round=0 current.sequence=2198 target.round=0 lastProposal.number=2198 lastProposal.hash=1896a4..3ac771
INFO [02-08|15:25:56.588] Looking for peers                        peercount=4 tried=3 static=8
INFO [02-08|15:26:00.016] Imported new chain segment               blocks=1 txs=0 mgas=0.000 elapsed=1.004ms     mgasps=0.000   number=2199 hash=4c9277..0c2b8b dirty=1.37KiB
INFO [02-08|15:26:05.008] Imported new chain segment               blocks=1 txs=0 mgas=0.000 elapsed="561µs"     mgasps=0.000   number=2200 hash=254439..9e3904 dirty=1.37KiB
INFO [02-08|15:26:05.008] QBFT: start new round                    address=0xDF8b560be949C229C821731554C33EAD5E3888A4 old.round=0  old.sequence=2200 old.state="Accept request" old.proposer=0x27A97C9AaF04f18f3014c32e036dD0Ac76Da5f18 next.round=0 next.seq=2201 next.proposer=0x93917cADBace5dFCE132B991732c6Cda9bcC5B8a next.valSet="[0x27A97C9AaF04f18f3014c32e036dD0Ac76Da5f18 0x93917cADBace5dFCE132B991732c6Cda9bcC5B8a 0x98C1334496614aED49d2E81526D089f7264fED9C 0xcE412f988377e31F4d0fF12d74df73B51C42d0cA]" next.size=4 next.IsProposer=false
INFO [02-08|15:26:10.014] Imported new chain segment               blocks=1 txs=0 mgas=0.000 elapsed=1.019ms     mgasps=0.000   number=2201 hash=44787c..e6f9ee dirty=1.37KiB
INFO [02-08|15:26:15.010] Imported new chain segment               blocks=1 txs=0 mgas=0.000 elapsed="934.5µs"   mgasps=0.000   number=2202 hash=500baa..f3e68e dirty=1.37KiB
INFO [02-08|15:26:15.010] QBFT: handle final committed             address=0xDF8b560be949C229C821731554C33EAD5E3888A4 current.round=0 current.sequence=2202 state="Accept request"
INFO [02-08|15:26:15.010] Commit new mining work                   number=2203 sealhash=b16481..07b146 uncles=0 txs=0 gas=0       fees=0 elapsed="252.5µs"
INFO [02-08|15:26:20.017] Imported new chain segment               blocks=1 txs=0 mgas=0.000 elapsed=1.033ms     mgasps=0.000   number=2203 hash=93345e..ff7090 dirty=1.37KiB
INFO [02-08|15:26:20.018] QBFT: start new round                    address=0xDF8b560be949C229C821731554C33EAD5E3888A4 old.round=0  old.sequence=2203 old.state="Accept request" old.proposer=0xcE412f988377e31F4d0fF12d74df73B51C42d0cA next.round=0 next.seq=2204 next.proposer=0x27A97C9AaF04f18f3014c32e036dD0Ac76Da5f18 next.valSet="[0x27A97C9AaF04f18f3014c32e036dD0Ac76Da5f18 0x93917cADBace5dFCE132B991732c6Cda9bcC5B8a 0x98C1334496614aED49d2E81526D089f7264fED9C 0xcE412f988377e31F4d0fF12d74df73B51C42d0cA]" next.size=4 next.IsProposer=false
INFO [02-08|15:26:25.013] Imported new chain segment               blocks=1 txs=0 mgas=0.000 elapsed="911.416µs" mgasps=0.000   number=2204 hash=c749b0..e70401 dirty=1.37KiB
INFO [02-08|15:26:30.017] Imported new chain segment               blocks=1 txs=0 mgas=0.000 elapsed=1.008ms     mgasps=0.000   number=2205 hash=ae510d..ab159a dirty=1.37KiB
INFO [02-08|15:26:35.014] Imported new chain segment               blocks=1 txs=0 mgas=0.000 elapsed=1.945ms     mgasps=0.000   number=2206 hash=9bda9a..80f9a2 dirty=1.37KiB
INFO [02-08|15:26:40.043] Imported new chain segment               blocks=1 txs=0 mgas=0.000 elapsed="431.5µs"   mgasps=0.000   number=2207 hash=b36e2f..0dacbc dirty=1.37KiB
INFO [02-08|15:26:40.043] Commit new mining work                   number=2208 sealhash=e83447..b17797 uncles=0 txs=0 gas=0       fees=0 elapsed="174.042µs"
INFO [02-08|15:26:40.044] QBFT: initialize new round               address=0xDF8b560be949C229C821731554C33EAD5E3888A4 current.round=0 current.sequence=2207 target.round=0 lastProposal.number=2207 lastProposal.hash=b36e2f..0dacbc
WARN [02-08|15:26:45.005] Block sealing failed                     err=unauthorized
INFO [02-08|15:26:50.006] Imported new chain segment               blocks=1 txs=0 mgas=0.000 elapsed="471.375µs" mgasps=0.000   number=2209 hash=aa2db9..1591b9 dirty=1.37KiB
INFO [02-08|15:26:50.007] QBFT: initialize new round               address=0xDF8b560be949C229C821731554C33EAD5E3888A4 current.round=0 current.sequence=2209 target.round=0 lastProposal.number=2209 lastProposal.hash=aa2db9..1591b9
INFO [02-08|15:26:55.005] Imported new chain segment               blocks=1 txs=0 mgas=0.000 elapsed="436.917µs" mgasps=0.000   number=2210 hash=a0e1b0..a8da39 dirty=1.37KiB
INFO [02-08|15:26:55.005] QBFT: initialize new round               address=0xDF8b560be949C229C821731554C33EAD5E3888A4 current.round=0 current.sequence=2210 target.round=0 lastProposal.number=2210 lastProposal.hash=a0e1b0..a8da39
INFO [02-08|15:27:00.017] Imported new chain segment               blocks=1 txs=0 mgas=0.000 elapsed="956.625µs" mgasps=0.000   number=2211 hash=cd7ce5..e562fe dirty=1.37KiB
INFO [02-08|15:27:05.010] Imported new chain segment               blocks=1 txs=0 mgas=0.000 elapsed="618.791µs" mgasps=0.000   number=2212 hash=9907e5..5f4eb4 dirty=1.37KiB
INFO [02-08|15:27:05.010] QBFT: handle final committed             address=0xDF8b560be949C229C821731554C33EAD5E3888A4 current.round=0 current.sequence=2212 state="Accept request"
INFO [02-08|15:27:10.012] Imported new chain segment               blocks=1 txs=0 mgas=0.000 elapsed=1.008ms     mgasps=0.000   number=2213 hash=552efd..08cb9e dirty=1.37KiB
WARN [02-08|15:27:10.013] Block sealing failed                     err=unauthorized
INFO [02-08|15:27:10.013] QBFT: handle final committed             address=0xDF8b560be949C229C821731554C33EAD5E3888A4 current.round=0 current.sequence=2213 state="Accept request"
INFO [02-08|15:27:10.013] QBFT: start new round                    address=0xDF8b560be949C229C821731554C33EAD5E3888A4 old.round=0  old.sequence=2213 old.state="Accept request" old.proposer=0x93917cADBace5dFCE132B991732c6Cda9bcC5B8a next.round=0 next.seq=2214 next.proposer=0x98C1334496614aED49d2E81526D089f7264fED9C next.valSet="[0x27A97C9AaF04f18f3014c32e036dD0Ac76Da5f18 0x93917cADBace5dFCE132B991732c6Cda9bcC5B8a 0x98C1334496614aED49d2E81526D089f7264fED9C 0xcE412f988377e31F4d0fF12d74df73B51C42d0cA]" next.size=4 next.IsProposer=false
INFO [02-08|15:27:15.011] Imported new chain segment               blocks=1 txs=0 mgas=0.000 elapsed="943.875µs" mgasps=0.000   number=2214 hash=947527..56f2b8 dirty=1.37KiB
INFO [02-08|15:27:15.011] QBFT: initialize new round               address=0xDF8b560be949C229C821731554C33EAD5E3888A4 current.round=0 current.sequence=2214 target.round=0 lastProposal.number=2214 lastProposal.hash=947527..56f2b8
INFO [02-08|15:27:20.019] Imported new chain segment               blocks=1 txs=0 mgas=0.000 elapsed="784.917µs" mgasps=0.000   number=2215 hash=a5d031..fca1b8 dirty=1.37KiB
INFO [02-08|15:27:20.019] QBFT: handle final committed             address=0xDF8b560be949C229C821731554C33EAD5E3888A4 current.round=0 current.sequence=2215 state="Accept request"
INFO [02-08|15:27:25.012] Imported new chain segment               blocks=1 txs=0 mgas=0.000 elapsed=1.145ms     mgasps=0.000   number=2216 hash=4445e2..d80334 dirty=1.37KiB
INFO [02-08|15:27:25.012] QBFT: start new round                    address=0xDF8b560be949C229C821731554C33EAD5E3888A4 old.round=0  old.sequence=2216 old.state="Accept request" old.proposer=0x27A97C9AaF04f18f3014c32e036dD0Ac76Da5f18 next.round=0 next.seq=2217 next.proposer=0x93917cADBace5dFCE132B991732c6Cda9bcC5B8a next.valSet="[0x27A97C9AaF04f18f3014c32e036dD0Ac76Da5f18 0x93917cADBace5dFCE132B991732c6Cda9bcC5B8a 0x98C1334496614aED49d2E81526D089f7264fED9C 0xcE412f988377e31F4d0fF12d74df73B51C42d0cA]" next.size=4 next.IsProposer=false
WARN [02-08|15:27:25.012] Block sealing failed                     err=unauthorized
INFO [02-08|15:27:30.017] Commit new mining work                   number=2218 sealhash=2ea142..02ec20 uncles=0 txs=0 gas=0       fees=0 elapsed="363.167µs"
INFO [02-08|15:27:35.017] Imported new chain segment               blocks=1 txs=0 mgas=0.000 elapsed=1.049ms     mgasps=0.000   number=2218 hash=0c98d5..8eb3f9 dirty=1.37KiB
INFO [02-08|15:27:40.016] Imported new chain segment               blocks=1 txs=0 mgas=0.000 elapsed="938.209µs" mgasps=0.000   number=2219 hash=33edb5..c755ea dirty=1.37KiB
WARN [02-08|15:27:40.017] Block sealing failed                     err=unauthorized
INFO [02-08|15:27:40.017] QBFT: start new round                    address=0xDF8b560be949C229C821731554C33EAD5E3888A4 old.round=0  old.sequence=2219 old.state="Accept request" old.proposer=0xcE412f988377e31F4d0fF12d74df73B51C42d0cA next.round=0 next.seq=2220 next.proposer=0x27A97C9AaF04f18f3014c32e036dD0Ac76Da5f18 next.valSet="[0x27A97C9AaF04f18f3014c32e036dD0Ac76Da5f18 0x93917cADBace5dFCE132B991732c6Cda9bcC5B8a 0x98C1334496614aED49d2E81526D089f7264fED9C 0xcE412f988377e31F4d0fF12d74df73B51C42d0cA]" next.size=4 next.IsProposer=false
INFO [02-08|15:27:41.600] Looking for peers                        peercount=4 tried=3 static=8
INFO [02-08|15:27:45.014] QBFT: initialize new round               address=0xDF8b560be949C229C821731554C33EAD5E3888A4 current.round=0 current.sequence=2220 target.round=0 lastProposal.number=2220 lastProposal.hash=f0add1..573c79
INFO [02-08|15:27:50.010] QBFT: start new round                    address=0xDF8b560be949C229C821731554C33EAD5E3888A4 old.round=0  old.sequence=2221 old.state="Accept request" old.proposer=0x93917cADBace5dFCE132B991732c6Cda9bcC5B8a next.round=0 next.seq=2222 next.proposer=0x98C1334496614aED49d2E81526D089f7264fED9C next.valSet="[0x27A97C9AaF04f18f3014c32e036dD0Ac76Da5f18 0x93917cADBace5dFCE132B991732c6Cda9bcC5B8a 0x98C1334496614aED49d2E81526D089f7264fED9C 0xcE412f988377e31F4d0fF12d74df73B51C42d0cA]" next.size=4 next.IsProposer=false
INFO [02-08|15:27:55.012] QBFT: handle final committed             address=0xDF8b560be949C229C821731554C33EAD5E3888A4 current.round=0 current.sequence=2222 state="Accept request"
INFO [02-08|15:27:55.012] QBFT: initialize new round               address=0xDF8b560be949C229C821731554C33EAD5E3888A4 current.round=0 current.sequence=2222 target.round=0 lastProposal.number=2222 lastProposal.hash=4f3f87..cd9c42
INFO [02-08|15:28:00.030] QBFT: start new round                    address=0xDF8b560be949C229C821731554C33EAD5E3888A4 old.round=0  old.sequence=2223 old.state="Accept request" old.proposer=0xcE412f988377e31F4d0fF12d74df73B51C42d0cA next.round=0 next.seq=2224 next.proposer=0x27A97C9AaF04f18f3014c32e036dD0Ac76Da5f18 next.valSet="[0x27A97C9AaF04f18f3014c32e036dD0Ac76Da5f18 0x93917cADBace5dFCE132B991732c6Cda9bcC5B8a 0x98C1334496614aED49d2E81526D089f7264fED9C 0xcE412f988377e31F4d0fF12d74df73B51C42d0cA]" next.size=4 next.IsProposer=false
INFO [02-08|15:28:05.020] Commit new mining work                   number=2225 sealhash=cb2c85..a7b0b6 uncles=0 txs=0 gas=0       fees=0 elapsed="255.75µs"
INFO [02-08|15:28:15.012] Imported new chain segment               blocks=1 txs=0 mgas=0.000 elapsed="926.041µs" mgasps=0.000   number=2226 hash=923dc9..211b26 dirty=1.37KiB
WARN [02-08|15:28:15.012] Block sealing failed                     err=unauthorized
INFO [02-08|15:28:16.605] Looking for peers                        peercount=4 tried=3 static=8
INFO [02-08|15:28:20.014] Imported new chain segment               blocks=1 txs=0 mgas=0.000 elapsed="883µs"     mgasps=0.000   number=2227 hash=69230b..5b70fb dirty=1.37KiB
INFO [02-08|15:28:25.017] Imported new chain segment               blocks=1 txs=0 mgas=0.000 elapsed="898.125µs" mgasps=0.000   number=2228 hash=930cf1..795e9d dirty=1.37KiB
WARN [02-08|15:28:25.017] Block sealing failed                     err=unauthorized
INFO [02-08|15:28:30.013] Imported new chain segment               blocks=1 txs=0 mgas=0.000 elapsed=1.567ms     mgasps=0.000   number=2229 hash=65b68d..650071 dirty=1.37KiB
INFO [02-08|15:28:35.006] Imported new chain segment               blocks=1 txs=0 mgas=0.000 elapsed="236.667µs" mgasps=0.000   number=2230 hash=bef44b..41956b dirty=1.37KiB
INFO [02-08|15:28:35.006] Commit new mining work                   number=2231 sealhash=e2d5c1..6da097 uncles=0 txs=0 gas=0       fees=0 elapsed="82.042µs"
INFO [02-08|15:28:35.006] QBFT: handle final committed             address=0xDF8b560be949C229C821731554C33EAD5E3888A4 current.round=0 current.sequence=2230 state="Accept request"
INFO [02-08|15:28:35.006] QBFT: initialize new round               address=0xDF8b560be949C229C821731554C33EAD5E3888A4 current.round=0 current.sequence=2230 target.round=0 lastProposal.number=2230 lastProposal.hash=bef44b..41956b
INFO [02-08|15:28:40.012] Imported new chain segment               blocks=1 txs=0 mgas=0.000 elapsed="889.625µs" mgasps=0.000   number=2231 hash=18413d..79e131 dirty=1.37KiB
INFO [02-08|15:28:40.013] QBFT: start new round                    address=0xDF8b560be949C229C821731554C33EAD5E3888A4 old.round=0  old.sequence=2231 old.state="Accept request" old.proposer=0xcE412f988377e31F4d0fF12d74df73B51C42d0cA next.round=0 next.seq=2232 next.proposer=0x27A97C9AaF04f18f3014c32e036dD0Ac76Da5f18 next.valSet="[0x27A97C9AaF04f18f3014c32e036dD0Ac76Da5f18 0x93917cADBace5dFCE132B991732c6Cda9bcC5B8a 0x98C1334496614aED49d2E81526D089f7264fED9C 0xcE412f988377e31F4d0fF12d74df73B51C42d0cA]" next.size=4 next.IsProposer=false
INFO [02-08|15:28:45.012] Imported new chain segment               blocks=1 txs=0 mgas=0.000 elapsed=1.092ms     mgasps=0.000   number=2232 hash=592bd3..53003a dirty=1.37KiB
INFO [02-08|15:28:50.015] Imported new chain segment               blocks=1 txs=0 mgas=0.000 elapsed="894.166µs" mgasps=0.000   number=2233 hash=ff6bc8..5ffd79 dirty=1.37KiB
INFO [02-08|15:28:51.610] Looking for peers                        peercount=4 tried=3 static=8
INFO [02-08|15:28:55.007] Imported new chain segment               blocks=1 txs=0 mgas=0.000 elapsed="899.125µs" mgasps=0.000   number=2234 hash=1f5446..fa9699 dirty=1.37KiB
INFO [02-08|15:29:00.006] Imported new chain segment               blocks=1 txs=0 mgas=0.000 elapsed="428.625µs" mgasps=0.000   number=2235 hash=e79ebd..2f1cd6 dirty=1.37KiB
INFO [02-08|15:29:00.006] QBFT: handle final committed             address=0xDF8b560be949C229C821731554C33EAD5E3888A4 current.round=0 current.sequence=2235 state="Accept request"
WARN [02-08|15:29:00.006] Block sealing failed                     err=unauthorized
INFO [02-08|15:29:00.006] QBFT: initialize new round               address=0xDF8b560be949C229C821731554C33EAD5E3888A4 current.round=0 current.sequence=2235 target.round=0 lastProposal.number=2235 lastProposal.hash=e79ebd..2f1cd6
INFO [02-08|15:29:05.009] Imported new chain segment               blocks=1 txs=0 mgas=0.000 elapsed="460.667µs" mgasps=0.000   number=2236 hash=8d74b9..61557b dirty=1.37KiB
INFO [02-08|15:29:05.010] QBFT: initialize new round               address=0xDF8b560be949C229C821731554C33EAD5E3888A4 current.round=0 current.sequence=2236 target.round=0 lastProposal.number=2236 lastProposal.hash=8d74b9..61557b
INFO [02-08|15:29:05.010] QBFT: start new round                    address=0xDF8b560be949C229C821731554C33EAD5E3888A4 old.round=0  old.sequence=2236 old.state="Accept request" old.proposer=0x27A97C9AaF04f18f3014c32e036dD0Ac76Da5f18 next.round=0 next.seq=2237 next.proposer=0x93917cADBace5dFCE132B991732c6Cda9bcC5B8a next.valSet="[0x27A97C9AaF04f18f3014c32e036dD0Ac76Da5f18 0x93917cADBace5dFCE132B991732c6Cda9bcC5B8a 0x98C1334496614aED49d2E81526D089f7264fED9C 0xcE412f988377e31F4d0fF12d74df73B51C42d0cA]" next.size=4 next.IsProposer=false
INFO [02-08|15:29:10.014] Imported new chain segment               blocks=1 txs=0 mgas=0.000 elapsed="847.083µs" mgasps=0.000   number=2237 hash=ffcefd..16e0b9 dirty=1.37KiB
INFO [02-08|15:29:10.015] Commit new mining work                   number=2238 sealhash=204e63..1bbb5d uncles=0 txs=0 gas=0       fees=0 elapsed="261.25µs"
INFO [02-08|15:29:10.015] QBFT: handle final committed             address=0xDF8b560be949C229C821731554C33EAD5E3888A4 current.round=0 current.sequence=2237 state="Accept request"
INFO [02-08|15:29:15.015] Imported new chain segment               blocks=1 txs=0 mgas=0.000 elapsed="915µs"     mgasps=0.000   number=2238 hash=58f6bb..5e7af7 dirty=1.37KiB
INFO [02-08|15:29:20.014] Imported new chain segment               blocks=1 txs=0 mgas=0.000 elapsed=1.016ms     mgasps=0.000   number=2239 hash=0e3274..122f5c dirty=1.37KiB
INFO [02-08|15:29:20.014] QBFT: start new round                    address=0xDF8b560be949C229C821731554C33EAD5E3888A4 old.round=0  old.sequence=2239 old.state="Accept request" old.proposer=0xcE412f988377e31F4d0fF12d74df73B51C42d0cA next.round=0 next.seq=2240 next.proposer=0x27A97C9AaF04f18f3014c32e036dD0Ac76Da5f18 next.valSet="[0x27A97C9AaF04f18f3014c32e036dD0Ac76Da5f18 0x93917cADBace5dFCE132B991732c6Cda9bcC5B8a 0x98C1334496614aED49d2E81526D089f7264fED9C 0xcE412f988377e31F4d0fF12d74df73B51C42d0cA]" next.size=4 next.IsProposer=false
INFO [02-08|15:29:25.013] Imported new chain segment               blocks=1 txs=0 mgas=0.000 elapsed=1.068ms     mgasps=0.000   number=2240 hash=9b8085..fa9e70 dirty=1.37KiB
INFO [02-08|15:29:25.014] Commit new mining work                   number=2241 sealhash=eec268..9a6c88 uncles=0 txs=0 gas=0       fees=0 elapsed="294.75µs"
WARN [02-08|15:29:25.014] Block sealing failed                     err=unauthorized
INFO [02-08|15:29:26.614] Looking for peers                        peercount=4 tried=3 static=8
INFO [02-08|15:29:30.015] Imported new chain segment               blocks=1 txs=0 mgas=0.000 elapsed=1.003ms     mgasps=0.000   number=2241 hash=145acb..e4776f dirty=1.37KiB
INFO [02-08|15:29:35.015] Imported new chain segment               blocks=1 txs=0 mgas=0.000 elapsed="928.375µs" mgasps=0.000   number=2242 hash=ddc46b..e3e379 dirty=1.37KiB
INFO [02-08|15:29:35.015] QBFT: initialize new round               address=0xDF8b560be949C229C821731554C33EAD5E3888A4 current.round=0 current.sequence=2242 target.round=0 lastProposal.number=2242 lastProposal.hash=ddc46b..e3e379
INFO [02-08|15:29:35.016] Commit new mining work                   number=2243 sealhash=fb6b8c..46ba06 uncles=0 txs=0 gas=0       fees=0 elapsed="295.375µs"
INFO [02-08|15:29:40.017] Imported new chain segment               blocks=1 txs=0 mgas=0.000 elapsed="842.167µs" mgasps=0.000   number=2243 hash=f5d955..b6c485 dirty=1.37KiB
INFO [02-08|15:29:40.017] QBFT: initialize new round               address=0xDF8b560be949C229C821731554C33EAD5E3888A4 current.round=0 current.sequence=2243 target.round=0 lastProposal.number=2243 lastProposal.hash=f5d955..b6c485
INFO [02-08|15:29:40.017] Commit new mining work                   number=2244 sealhash=0f14cf..d2bfb9 uncles=0 txs=0 gas=0       fees=0 elapsed="292.542µs"
INFO [02-08|15:29:45.023] Imported new chain segment               blocks=1 txs=0 mgas=0.000 elapsed="842.583µs" mgasps=0.000   number=2244 hash=b6221e..5e0aeb dirty=1.37KiB
INFO [02-08|15:29:50.008] Imported new chain segment               blocks=1 txs=0 mgas=0.000 elapsed="686.208µs" mgasps=0.000   number=2245 hash=0e50c2..c0e8a4 dirty=1.37KiB
INFO [02-08|15:29:50.008] Commit new mining work                   number=2246 sealhash=94a059..50e118 uncles=0 txs=0 gas=0       fees=0 elapsed="176.125µs"
WARN [02-08|15:29:50.008] Block sealing failed                     err=unauthorized
INFO [02-08|15:29:50.008] QBFT: handle final committed             address=0xDF8b560be949C229C821731554C33EAD5E3888A4 current.round=0 current.sequence=2245 state="Accept request"
INFO [02-08|15:29:55.011] Imported new chain segment               blocks=1 txs=0 mgas=0.000 elapsed="584.084µs" mgasps=0.000   number=2246 hash=a49868..c4f1e5 dirty=1.37KiB
INFO [02-08|15:30:00.023] Imported new chain segment               blocks=1 txs=0 mgas=0.000 elapsed=2.403ms     mgasps=0.000   number=2247 hash=811baa..37a1f2 dirty=1.37KiB
INFO [02-08|15:30:00.024] QBFT: handle final committed             address=0xDF8b560be949C229C821731554C33EAD5E3888A4 current.round=0 current.sequence=2247 state="Accept request"
INFO [02-08|15:30:00.024] QBFT: initialize new round               address=0xDF8b560be949C229C821731554C33EAD5E3888A4 current.round=0 current.sequence=2247 target.round=0 lastProposal.number=2247 lastProposal.hash=811baa..37a1f2
INFO [02-08|15:30:10.014] Imported new chain segment               blocks=1 txs=0 mgas=0.000 elapsed=1.546ms     mgasps=0.000   number=2249 hash=ce989e..6354eb dirty=1.37KiB
INFO [02-08|15:30:10.015] QBFT: handle final committed             address=0xDF8b560be949C229C821731554C33EAD5E3888A4 current.round=0 current.sequence=2249 state="Accept request"
INFO [02-08|15:30:10.015] QBFT: initialize new round               address=0xDF8b560be949C229C821731554C33EAD5E3888A4 current.round=0 current.sequence=2249 target.round=0 lastProposal.number=2249 lastProposal.hash=ce989e..6354eb
INFO [02-08|15:30:15.020] Imported new chain segment               blocks=1 txs=0 mgas=0.000 elapsed=1.168ms     mgasps=0.000   number=2250 hash=f9dc1c..88b3b1 dirty=1.37KiB
INFO [02-08|15:30:15.020] QBFT: handle final committed             address=0xDF8b560be949C229C821731554C33EAD5E3888A4 current.round=0 current.sequence=2250 state="Accept request"
INFO [02-08|15:30:15.020] QBFT: initialize new round               address=0xDF8b560be949C229C821731554C33EAD5E3888A4 current.round=0 current.sequence=2250 target.round=0 lastProposal.number=2250 lastProposal.hash=f9dc1c..88b3b1
INFO [02-08|15:30:20.020] Imported new chain segment               blocks=1 txs=0 mgas=0.000 elapsed=2.747ms     mgasps=0.000   number=2251 hash=5324d2..86b6c7 dirty=1.37KiB
INFO [02-08|15:30:25.014] Imported new chain segment               blocks=1 txs=0 mgas=0.000 elapsed="820.583µs" mgasps=0.000   number=2252 hash=5c5d73..b3a4bf dirty=1.37KiB
INFO [02-08|15:30:30.013] Imported new chain segment               blocks=1 txs=0 mgas=0.000 elapsed=1.010ms     mgasps=0.000   number=2253 hash=340bb1..5a98ba dirty=1.37KiB
INFO [02-08|15:30:30.014] QBFT: handle final committed             address=0xDF8b560be949C229C821731554C33EAD5E3888A4 current.round=0 current.sequence=2253 state="Accept request"
INFO [02-08|15:30:30.014] QBFT: initialize new round               address=0xDF8b560be949C229C821731554C33EAD5E3888A4 current.round=0 current.sequence=2253 target.round=0 lastProposal.number=2253 lastProposal.hash=340bb1..5a98ba
INFO [02-08|15:30:35.014] Commit new mining work                   number=2255 sealhash=7d2d68..313013 uncles=0 txs=0 gas=0       fees=0 elapsed="280.167µs"
INFO [02-08|15:30:35.014] QBFT: handle final committed             address=0xDF8b560be949C229C821731554C33EAD5E3888A4 current.round=0 current.sequence=2254 state="Accept request"
INFO [02-08|15:30:40.518] Imported new chain segment               blocks=1 txs=0 mgas=0.000 elapsed=1.475ms     mgasps=0.000   number=2255 hash=88f21c..0c358f dirty=1.37KiB
INFO [02-08|15:30:45.015] Imported new chain segment               blocks=1 txs=0 mgas=0.000 elapsed="849.917µs" mgasps=0.000   number=2256 hash=1b57ec..27b24c dirty=1.37KiB
INFO [02-08|15:30:45.015] QBFT: initialize new round               address=0xDF8b560be949C229C821731554C33EAD5E3888A4 current.round=0 current.sequence=2256 target.round=0 lastProposal.number=2256 lastProposal.hash=1b57ec..27b24c
INFO [02-08|15:30:50.017] Imported new chain segment               blocks=1 txs=0 mgas=0.000 elapsed="884.625µs" mgasps=0.000   number=2257 hash=8276fd..32b270 dirty=1.37KiB
INFO [02-08|15:30:50.018] QBFT: initialize new round               address=0xDF8b560be949C229C821731554C33EAD5E3888A4 current.round=0 current.sequence=2257 target.round=0 lastProposal.number=2257 lastProposal.hash=8276fd..32b270
INFO [02-08|15:30:55.011] Imported new chain segment               blocks=1 txs=0 mgas=0.000 elapsed=1.370ms     mgasps=0.000   number=2258 hash=fce3af..be1300 dirty=1.37KiB
INFO [02-08|15:30:55.012] QBFT: handle final committed             address=0xDF8b560be949C229C821731554C33EAD5E3888A4 current.round=0 current.sequence=2258 state="Accept request"
INFO [02-08|15:30:55.012] QBFT: initialize new round               address=0xDF8b560be949C229C821731554C33EAD5E3888A4 current.round=0 current.sequence=2258 target.round=0 lastProposal.number=2258 lastProposal.hash=fce3af..be1300
INFO [02-08|15:31:00.008] Imported new chain segment               blocks=1 txs=0 mgas=0.000 elapsed="322.75µs"  mgasps=0.000   number=2259 hash=8e4386..426e04 dirty=1.37KiB
INFO [02-08|15:31:05.005] Commit new mining work                   number=2261 sealhash=2d41d0..4d01ed uncles=0 txs=0 gas=0       fees=0 elapsed="173.625µs"
WARN [02-08|15:31:05.005] Block sealing failed                     err=unauthorized
INFO [02-08|15:31:05.005] QBFT: handle final committed             address=0xDF8b560be949C229C821731554C33EAD5E3888A4 current.round=0 current.sequence=2260 state="Accept request"
INFO [02-08|15:31:10.011] Imported new chain segment               blocks=1 txs=0 mgas=0.000 elapsed=1.084ms     mgasps=0.000   number=2261 hash=bf8c23..8053aa dirty=1.37KiB
INFO [02-08|15:31:10.012] Commit new mining work                   number=2262 sealhash=a2836a..13e3e3 uncles=0 txs=0 gas=0       fees=0 elapsed="289.875µs"
INFO [02-08|15:31:11.618] Looking for peers                        peercount=4 tried=3 static=8
INFO [02-08|15:31:15.015] Imported new chain segment               blocks=1 txs=0 mgas=0.000 elapsed="814.417µs" mgasps=0.000   number=2262 hash=64e96f..f3ea43 dirty=1.37KiB
INFO [02-08|15:31:20.016] Imported new chain segment               blocks=1 txs=0 mgas=0.000 elapsed="863.208µs" mgasps=0.000   number=2263 hash=66e8a4..80a7c8 dirty=1.37KiB
INFO [02-08|15:31:25.007] Imported new chain segment               blocks=1 txs=0 mgas=0.000 elapsed="371.083µs" mgasps=0.000   number=2264 hash=32eaf1..fe14b6 dirty=1.37KiB
INFO [02-08|15:31:30.014] Imported new chain segment               blocks=1 txs=0 mgas=0.000 elapsed=1.269ms     mgasps=0.000   number=2265 hash=aaa24f..c91cca dirty=1.37KiB
INFO [02-08|15:31:30.014] QBFT: handle final committed             address=0xDF8b560be949C229C821731554C33EAD5E3888A4 current.round=0 current.sequence=2265 state="Accept request"
INFO [02-08|15:31:35.012] Imported new chain segment               blocks=1 txs=0 mgas=0.000 elapsed="757.834µs" mgasps=0.000   number=2266 hash=79f556..0b6569 dirty=1.37KiB
INFO [02-08|15:31:35.012] QBFT: handle final committed             address=0xDF8b560be949C229C821731554C33EAD5E3888A4 current.round=0 current.sequence=2266 state="Accept request"
INFO [02-08|15:31:35.012] QBFT: initialize new round               address=0xDF8b560be949C229C821731554C33EAD5E3888A4 current.round=0 current.sequence=2266 target.round=0 lastProposal.number=2266 lastProposal.hash=79f556..0b6569
INFO [02-08|15:31:35.012] QBFT: start new round                    address=0xDF8b560be949C229C821731554C33EAD5E3888A4 old.round=0  old.sequence=2266 old.state="Accept request" old.proposer=0x98C1334496614aED49d2E81526D089f7264fED9C next.round=0 next.seq=2267 next.proposer=0xcE412f988377e31F4d0fF12d74df73B51C42d0cA next.valSet="[0x27A97C9AaF04f18f3014c32e036dD0Ac76Da5f18 0x93917cADBace5dFCE132B991732c6Cda9bcC5B8a 0x98C1334496614aED49d2E81526D089f7264fED9C 0xcE412f988377e31F4d0fF12d74df73B51C42d0cA]" next.size=4 next.IsProposer=false
INFO [02-08|15:31:35.012] Commit new mining work                   number=2267 sealhash=ad6800..348952 uncles=0 txs=0 gas=0       fees=0 elapsed="233.333µs"
WARN [02-08|15:31:35.012] Block sealing failed                     err=unauthorized
INFO [02-08|15:31:40.015] Imported new chain segment               blocks=1 txs=0 mgas=0.000 elapsed="891µs"     mgasps=0.000   number=2267 hash=61c4fa..bb1049 dirty=1.37KiB
INFO [02-08|15:31:40.015] Commit new mining work                   number=2268 sealhash=286915..32141c uncles=0 txs=0 gas=0       fees=0 elapsed="302.041µs"
INFO [02-08|15:31:40.015] QBFT: handle final committed             address=0xDF8b560be949C229C821731554C33EAD5E3888A4 current.round=0 current.sequence=2267 state="Accept request"
INFO [02-08|15:31:40.015] QBFT: start new round                    address=0xDF8b560be949C229C821731554C33EAD5E3888A4 old.round=0  old.sequence=2267 old.state="Accept request" old.proposer=0xcE412f988377e31F4d0fF12d74df73B51C42d0cA next.round=0 next.seq=2268 next.proposer=0x27A97C9AaF04f18f3014c32e036dD0Ac76Da5f18 next.valSet="[0x27A97C9AaF04f18f3014c32e036dD0Ac76Da5f18 0x93917cADBace5dFCE132B991732c6Cda9bcC5B8a 0x98C1334496614aED49d2E81526D089f7264fED9C 0xcE412f988377e31F4d0fF12d74df73B51C42d0cA]" next.size=4 next.IsProposer=false
WARN [02-08|15:31:40.015] Block sealing failed                     err=unauthorized
INFO [02-08|15:31:45.016] Imported new chain segment               blocks=1 txs=0 mgas=0.000 elapsed="822.416µs" mgasps=0.000   number=2268 hash=b8f6cc..c57aff dirty=1.37KiB
INFO [02-08|15:31:45.016] QBFT: initialize new round               address=0xDF8b560be949C229C821731554C33EAD5E3888A4 current.round=0 current.sequence=2268 target.round=0 lastProposal.number=2268 lastProposal.hash=b8f6cc..c57aff
INFO [02-08|15:31:46.620] Looking for peers                        peercount=4 tried=3 static=8
INFO [02-08|15:31:50.014] Imported new chain segment               blocks=1 txs=0 mgas=0.000 elapsed="863.834µs" mgasps=0.000   number=2269 hash=6a3da6..705303 dirty=1.37KiB
INFO [02-08|15:31:50.015] Commit new mining work                   number=2270 sealhash=da0e93..cdf917 uncles=0 txs=0 gas=0       fees=0 elapsed="228.041µs"
WARN [02-08|15:31:50.015] Block sealing failed                     err=unauthorized
INFO [02-08|15:31:50.015] QBFT: handle final committed             address=0xDF8b560be949C229C821731554C33EAD5E3888A4 current.round=0 current.sequence=2269 state="Accept request"
INFO [02-08|15:31:50.015] QBFT: initialize new round               address=0xDF8b560be949C229C821731554C33EAD5E3888A4 current.round=0 current.sequence=2269 target.round=0 lastProposal.number=2269 lastProposal.hash=6a3da6..705303
INFO [02-08|15:31:55.011] Imported new chain segment               blocks=1 txs=0 mgas=0.000 elapsed="913.875µs" mgasps=0.000   number=2270 hash=3ebfff..b750d7 dirty=1.37KiB
INFO [02-08|15:31:55.011] QBFT: handle final committed             address=0xDF8b560be949C229C821731554C33EAD5E3888A4 current.round=0 current.sequence=2270 state="Accept request"
INFO [02-08|15:32:00.012] Imported new chain segment               blocks=1 txs=0 mgas=0.000 elapsed="762.5µs"   mgasps=0.000   number=2271 hash=81272b..ad25b1 dirty=1.37KiB
INFO [02-08|15:32:00.012] QBFT: handle final committed             address=0xDF8b560be949C229C821731554C33EAD5E3888A4 current.round=0 current.sequence=2271 state="Accept request"
INFO [02-08|15:32:00.012] QBFT: initialize new round               address=0xDF8b560be949C229C821731554C33EAD5E3888A4 current.round=0 current.sequence=2271 target.round=0 lastProposal.number=2271 lastProposal.hash=81272b..ad25b1
INFO [02-08|15:32:05.004] Imported new chain segment               blocks=1 txs=0 mgas=0.000 elapsed="277.417µs" mgasps=0.000   number=2272 hash=623ffe..36c6a0 dirty=1.37KiB
INFO [02-08|15:32:10.011] Imported new chain segment               blocks=1 txs=0 mgas=0.000 elapsed="899.5µs"   mgasps=0.000   number=2273 hash=575b51..efc099 dirty=1.37KiB
INFO [02-08|15:32:10.012] QBFT: start new round                    address=0xDF8b560be949C229C821731554C33EAD5E3888A4 old.round=0  old.sequence=2273 old.state="Accept request" old.proposer=0x93917cADBace5dFCE132B991732c6Cda9bcC5B8a next.round=0 next.seq=2274 next.proposer=0x98C1334496614aED49d2E81526D089f7264fED9C next.valSet="[0x27A97C9AaF04f18f3014c32e036dD0Ac76Da5f18 0x93917cADBace5dFCE132B991732c6Cda9bcC5B8a 0x98C1334496614aED49d2E81526D089f7264fED9C 0xcE412f988377e31F4d0fF12d74df73B51C42d0cA]" next.size=4 next.IsProposer=false
INFO [02-08|15:32:15.016] Imported new chain segment               blocks=1 txs=0 mgas=0.000 elapsed=1.120ms     mgasps=0.000   number=2274 hash=f6af9b..d5aef9 dirty=1.37KiB
INFO [02-08|15:32:15.017] QBFT: handle final committed             address=0xDF8b560be949C229C821731554C33EAD5E3888A4 current.round=0 current.sequence=2274 state="Accept request"
INFO [02-08|15:32:15.017] QBFT: start new round                    address=0xDF8b560be949C229C821731554C33EAD5E3888A4 old.round=0  old.sequence=2274 old.state="Accept request" old.proposer=0x98C1334496614aED49d2E81526D089f7264fED9C next.round=0 next.seq=2275 next.proposer=0xcE412f988377e31F4d0fF12d74df73B51C42d0cA next.valSet="[0x27A97C9AaF04f18f3014c32e036dD0Ac76Da5f18 0x93917cADBace5dFCE132B991732c6Cda9bcC5B8a 0x98C1334496614aED49d2E81526D089f7264fED9C 0xcE412f988377e31F4d0fF12d74df73B51C42d0cA]" next.size=4 next.IsProposer=false
INFO [02-08|15:32:20.017] Commit new mining work                   number=2276 sealhash=1df1cb..f9c91b uncles=0 txs=0 gas=0       fees=0 elapsed="284.75µs"
INFO [02-08|15:32:20.019] QBFT: start new round                    address=0xDF8b560be949C229C821731554C33EAD5E3888A4 old.round=0  old.sequence=2275 old.state="Accept request" old.proposer=0xcE412f988377e31F4d0fF12d74df73B51C42d0cA next.round=0 next.seq=2276 next.proposer=0x27A97C9AaF04f18f3014c32e036dD0Ac76Da5f18 next.valSet="[0x27A97C9AaF04f18f3014c32e036dD0Ac76Da5f18 0x93917cADBace5dFCE132B991732c6Cda9bcC5B8a 0x98C1334496614aED49d2E81526D089f7264fED9C 0xcE412f988377e31F4d0fF12d74df73B51C42d0cA]" next.size=4 next.IsProposer=false
INFO [02-08|15:32:25.015] Imported new chain segment               blocks=1 txs=0 mgas=0.000 elapsed=1.064ms     mgasps=0.000   number=2276 hash=01a687..d904bf dirty=1.37KiB
WARN [02-08|15:32:25.016] Block sealing failed                     err=unauthorized
INFO [02-08|15:32:30.015] Imported new chain segment               blocks=1 txs=0 mgas=0.000 elapsed=2.619ms     mgasps=0.000   number=2277 hash=825721..7dba62 dirty=1.37KiB
INFO [02-08|15:32:30.015] QBFT: handle final committed             address=0xDF8b560be949C229C821731554C33EAD5E3888A4 current.round=0 current.sequence=2277 state="Accept request"
INFO [02-08|15:32:35.015] Imported new chain segment               blocks=1 txs=0 mgas=0.000 elapsed="905.833µs" mgasps=0.000   number=2278 hash=8f9892..df531e dirty=1.37KiB
INFO [02-08|15:32:40.014] Commit new mining work                   number=2280 sealhash=cbde2c..f6fff0 uncles=0 txs=0 gas=0       fees=0 elapsed="259.542µs"
INFO [02-08|15:32:45.010] QBFT: handle final committed             address=0xDF8b560be949C229C821731554C33EAD5E3888A4 current.round=0 current.sequence=2280 state="Accept request"
INFO [02-08|15:32:45.010] QBFT: initialize new round               address=0xDF8b560be949C229C821731554C33EAD5E3888A4 current.round=0 current.sequence=2280 target.round=0 lastProposal.number=2280 lastProposal.hash=ebc226..1a0a30
INFO [02-08|15:32:50.016] Imported new chain segment               blocks=1 txs=0 mgas=0.000 elapsed="816.667µs" mgasps=0.000   number=2281 hash=62ca92..5514fa dirty=1.37KiB
INFO [02-08|15:32:51.392] Writing clean trie cache to disk         path=/data/geth/triecache threads=1
INFO [02-08|15:32:51.396] Persisted the clean trie cache           path=/data/geth/triecache elapsed=3.821ms
INFO [02-08|15:32:55.012] QBFT: handle final committed             address=0xDF8b560be949C229C821731554C33EAD5E3888A4 current.round=0 current.sequence=2282 state="Accept request"
INFO [02-08|15:32:55.012] QBFT: initialize new round               address=0xDF8b560be949C229C821731554C33EAD5E3888A4 current.round=0 current.sequence=2282 target.round=0 lastProposal.number=2282 lastProposal.hash=16fbef..88cb38
INFO [02-08|15:32:55.012] QBFT: start new round                    address=0xDF8b560be949C229C821731554C33EAD5E3888A4 old.round=0  old.sequence=2282 old.state="Accept request" old.proposer=0x98C1334496614aED49d2E81526D089f7264fED9C next.round=0 next.seq=2283 next.proposer=0xcE412f988377e31F4d0fF12d74df73B51C42d0cA next.valSet="[0x27A97C9AaF04f18f3014c32e036dD0Ac76Da5f18 0x93917cADBace5dFCE132B991732c6Cda9bcC5B8a 0x98C1334496614aED49d2E81526D089f7264fED9C 0xcE412f988377e31F4d0fF12d74df73B51C42d0cA]" next.size=4 next.IsProposer=false
INFO [02-08|15:32:56.628] Looking for peers                        peercount=4 tried=3 static=8
INFO [02-08|15:33:00.003] Imported new chain segment               blocks=1 txs=0 mgas=0.000 elapsed="293.083µs" mgasps=0.000   number=2283 hash=40bf9e..0e2c73 dirty=1.37KiB
INFO [02-08|15:33:00.004] QBFT: handle final committed             address=0xDF8b560be949C229C821731554C33EAD5E3888A4 current.round=0 current.sequence=2283 state="Accept request"
INFO [02-08|15:33:00.004] QBFT: initialize new round               address=0xDF8b560be949C229C821731554C33EAD5E3888A4 current.round=0 current.sequence=2283 target.round=0 lastProposal.number=2283 lastProposal.hash=40bf9e..0e2c73
INFO [02-08|15:33:05.008] Imported new chain segment               blocks=1 txs=0 mgas=0.000 elapsed="743.75µs"  mgasps=0.000   number=2284 hash=93da08..c1a673 dirty=1.37KiB
INFO [02-08|15:33:05.008] QBFT: handle final committed             address=0xDF8b560be949C229C821731554C33EAD5E3888A4 current.round=0 current.sequence=2284 state="Accept request"
INFO [02-08|15:33:05.008] QBFT: initialize new round               address=0xDF8b560be949C229C821731554C33EAD5E3888A4 current.round=0 current.sequence=2284 target.round=0 lastProposal.number=2284 lastProposal.hash=93da08..c1a673
INFO [02-08|15:33:15.013] QBFT: handle final committed             address=0xDF8b560be949C229C821731554C33EAD5E3888A4 current.round=0 current.sequence=2286 state="Accept request"
INFO [02-08|15:33:20.018] Imported new chain segment               blocks=1 txs=0 mgas=0.000 elapsed="792.083µs" mgasps=0.000   number=2287 hash=57957f..5ad6c1 dirty=1.37KiB
INFO [02-08|15:33:20.018] QBFT: handle final committed             address=0xDF8b560be949C229C821731554C33EAD5E3888A4 current.round=0 current.sequence=2287 state="Accept request"
INFO [02-08|15:33:25.012] Imported new chain segment               blocks=1 txs=0 mgas=0.000 elapsed="987.084µs" mgasps=0.000   number=2288 hash=dc2530..e0c4f2 dirty=1.37KiB
INFO [02-08|15:33:25.013] QBFT: handle final committed             address=0xDF8b560be949C229C821731554C33EAD5E3888A4 current.round=0 current.sequence=2288 state="Accept request"
INFO [02-08|15:33:30.010] Imported new chain segment               blocks=1 txs=0 mgas=0.000 elapsed=1.077ms     mgasps=0.000   number=2289 hash=e55639..936f86 dirty=1.37KiB
INFO [02-08|15:33:30.010] QBFT: handle final committed             address=0xDF8b560be949C229C821731554C33EAD5E3888A4 current.round=0 current.sequence=2289 state="Accept request"
INFO [02-08|15:33:30.011] QBFT: initialize new round               address=0xDF8b560be949C229C821731554C33EAD5E3888A4 current.round=0 current.sequence=2289 target.round=0 lastProposal.number=2289 lastProposal.hash=e55639..936f86
WARN [02-08|15:33:30.011] Block sealing failed                     err=unauthorized
INFO [02-08|15:33:35.011] Imported new chain segment               blocks=1 txs=0 mgas=0.000 elapsed="835.875µs" mgasps=0.000   number=2290 hash=d5573b..0cfe54 dirty=1.37KiB
WARN [02-08|15:33:35.012] Block sealing failed                     err=unauthorized
INFO [02-08|15:33:40.006] Commit new mining work                   number=2292 sealhash=6f9811..426615 uncles=0 txs=0 gas=0       fees=0 elapsed="75.709µs"
WARN [02-08|15:33:40.006] Block sealing failed                     err=unauthorized
INFO [02-08|15:33:45.013] Imported new chain segment               blocks=1 txs=0 mgas=0.000 elapsed=1.045ms     mgasps=0.000   number=2292 hash=2605bb..fe71c0 dirty=1.37KiB
INFO [02-08|15:33:45.013] QBFT: handle final committed             address=0xDF8b560be949C229C821731554C33EAD5E3888A4 current.round=0 current.sequence=2292 state="Accept request"
INFO [02-08|15:33:45.014] QBFT: initialize new round               address=0xDF8b560be949C229C821731554C33EAD5E3888A4 current.round=0 current.sequence=2292 target.round=0 lastProposal.number=2292 lastProposal.hash=2605bb..fe71c0
WARN [02-08|15:33:45.014] Block sealing failed                     err=unauthorized
INFO [02-08|15:33:50.016] Imported new chain segment               blocks=1 txs=0 mgas=0.000 elapsed="703.25µs"  mgasps=0.000   number=2293 hash=73b3b7..557a20 dirty=1.37KiB
INFO [02-08|15:33:50.016] Commit new mining work                   number=2294 sealhash=7449e2..1625ee uncles=0 txs=0 gas=0       fees=0 elapsed="170.5µs"
INFO [02-08|15:33:55.011] Imported new chain segment               blocks=1 txs=0 mgas=0.000 elapsed="847.875µs" mgasps=0.000   number=2294 hash=dc8a1c..fab6e0 dirty=1.37KiB
INFO [02-08|15:34:05.006] Commit new mining work                   number=2297 sealhash=2e3e5e..25de8b uncles=0 txs=0 gas=0       fees=0 elapsed="203.75µs"
WARN [02-08|15:34:05.006] Block sealing failed                     err=unauthorized
INFO [02-08|15:34:06.575] Looking for peers                        peercount=4 tried=3 static=8
INFO [02-08|15:34:10.009] Imported new chain segment               blocks=1 txs=0 mgas=0.000 elapsed="926.75µs"  mgasps=0.000   number=2297 hash=095be0..fc8a80 dirty=1.37KiB
INFO [02-08|15:34:10.009] Commit new mining work                   number=2298 sealhash=1f1648..4bfa9b uncles=0 txs=0 gas=0       fees=0 elapsed="205.083µs"
INFO [02-08|15:34:15.015] QBFT: handle final committed             address=0xDF8b560be949C229C821731554C33EAD5E3888A4 current.round=0 current.sequence=2298 state="Accept request"
INFO [02-08|15:34:15.015] QBFT: initialize new round               address=0xDF8b560be949C229C821731554C33EAD5E3888A4 current.round=0 current.sequence=2298 target.round=0 lastProposal.number=2298 lastProposal.hash=6cde45..ba2e83
INFO [02-08|15:34:20.011] QBFT: start new round                    address=0xDF8b560be949C229C821731554C33EAD5E3888A4 old.round=0  old.sequence=2299 old.state="Accept request" old.proposer=0xcE412f988377e31F4d0fF12d74df73B51C42d0cA next.round=0 next.seq=2300 next.proposer=0x27A97C9AaF04f18f3014c32e036dD0Ac76Da5f18 next.valSet="[0x27A97C9AaF04f18f3014c32e036dD0Ac76Da5f18 0x93917cADBace5dFCE132B991732c6Cda9bcC5B8a 0x98C1334496614aED49d2E81526D089f7264fED9C 0xcE412f988377e31F4d0fF12d74df73B51C42d0cA]" next.size=4 next.IsProposer=false
WARN [02-08|15:34:20.011] Block sealing failed                     err=unauthorized
INFO [02-08|15:34:25.011] Imported new chain segment               blocks=1 txs=0 mgas=0.000 elapsed=1.273ms     mgasps=0.000   number=2300 hash=dd9815..f2a92c dirty=1.37KiB
INFO [02-08|15:34:30.012] Imported new chain segment               blocks=1 txs=0 mgas=0.000 elapsed="964.292µs" mgasps=0.000   number=2301 hash=77949e..a06496 dirty=1.37KiB
INFO [02-08|15:34:30.013] Commit new mining work                   number=2302 sealhash=0f8f78..511470 uncles=0 txs=0 gas=0       fees=0 elapsed="255.125µs"
INFO [02-08|15:34:30.013] QBFT: handle final committed             address=0xDF8b560be949C229C821731554C33EAD5E3888A4 current.round=0 current.sequence=2301 state="Accept request"
INFO [02-08|15:34:30.013] QBFT: initialize new round               address=0xDF8b560be949C229C821731554C33EAD5E3888A4 current.round=0 current.sequence=2301 target.round=0 lastProposal.number=2301 lastProposal.hash=77949e..a06496
INFO [02-08|15:34:30.013] QBFT: start new round                    address=0xDF8b560be949C229C821731554C33EAD5E3888A4 old.round=0  old.sequence=2301 old.state="Accept request" old.proposer=0x93917cADBace5dFCE132B991732c6Cda9bcC5B8a next.round=0 next.seq=2302 next.proposer=0x98C1334496614aED49d2E81526D089f7264fED9C next.valSet="[0x27A97C9AaF04f18f3014c32e036dD0Ac76Da5f18 0x93917cADBace5dFCE132B991732c6Cda9bcC5B8a 0x98C1334496614aED49d2E81526D089f7264fED9C 0xcE412f988377e31F4d0fF12d74df73B51C42d0cA]" next.size=4 next.IsProposer=false
INFO [02-08|15:34:35.524] Imported new chain segment               blocks=1 txs=0 mgas=0.000 elapsed=1.102ms     mgasps=0.000   number=2302 hash=e43dc2..f074d8 dirty=1.37KiB
INFO [02-08|15:34:35.524] QBFT: handle final committed             address=0xDF8b560be949C229C821731554C33EAD5E3888A4 current.round=0 current.sequence=2302 state="Accept request"
INFO [02-08|15:34:35.524] QBFT: start new round                    address=0xDF8b560be949C229C821731554C33EAD5E3888A4 old.round=0  old.sequence=2302 old.state="Accept request" old.proposer=0x98C1334496614aED49d2E81526D089f7264fED9C next.round=0 next.seq=2303 next.proposer=0xcE412f988377e31F4d0fF12d74df73B51C42d0cA next.valSet="[0x27A97C9AaF04f18f3014c32e036dD0Ac76Da5f18 0x93917cADBace5dFCE132B991732c6Cda9bcC5B8a 0x98C1334496614aED49d2E81526D089f7264fED9C 0xcE412f988377e31F4d0fF12d74df73B51C42d0cA]" next.size=4 next.IsProposer=false
INFO [02-08|15:34:35.524] Commit new mining work                   number=2303 sealhash=dd0cb1..72dbe4 uncles=0 txs=0 gas=0       fees=0 elapsed="400µs"
INFO [02-08|15:34:40.012] Imported new chain segment               blocks=1 txs=0 mgas=0.000 elapsed="890.125µs" mgasps=0.000   number=2303 hash=089a2d..54f798 dirty=1.37KiB
INFO [02-08|15:34:40.012] QBFT: handle final committed             address=0xDF8b560be949C229C821731554C33EAD5E3888A4 current.round=0 current.sequence=2303 state="Accept request"
INFO [02-08|15:34:40.012] QBFT: initialize new round               address=0xDF8b560be949C229C821731554C33EAD5E3888A4 current.round=0 current.sequence=2303 target.round=0 lastProposal.number=2303 lastProposal.hash=089a2d..54f798
WARN [02-08|15:34:40.012] Block sealing failed                     err=unauthorized
INFO [02-08|15:34:41.576] Looking for peers                        peercount=4 tried=3 static=8
INFO [02-08|15:34:45.013] Imported new chain segment               blocks=1 txs=0 mgas=0.000 elapsed=1.039ms     mgasps=0.000   number=2304 hash=c2f93a..0b98c3 dirty=1.37KiB
INFO [02-08|15:34:45.013] QBFT: handle final committed             address=0xDF8b560be949C229C821731554C33EAD5E3888A4 current.round=0 current.sequence=2304 state="Accept request"
INFO [02-08|15:34:50.014] Imported new chain segment               blocks=1 txs=0 mgas=0.000 elapsed=1.192ms     mgasps=0.000   number=2305 hash=33374d..29f203 dirty=1.37KiB
INFO [02-08|15:34:50.015] Commit new mining work                   number=2306 sealhash=a6ac66..e4d779 uncles=0 txs=0 gas=0       fees=0 elapsed="257.75µs"
INFO [02-08|15:34:55.010] Imported new chain segment               blocks=1 txs=0 mgas=0.000 elapsed="916.583µs" mgasps=0.000   number=2306 hash=cfc57f..5bb87b dirty=1.37KiB
INFO [02-08|15:35:00.016] Imported new chain segment               blocks=1 txs=0 mgas=0.000 elapsed="587.875µs" mgasps=0.000   number=2307 hash=5af1a8..9a89d1 dirty=1.37KiB
WARN [02-08|15:35:00.017] Block sealing failed                     err=unauthorized
INFO [02-08|15:35:00.017] QBFT: start new round                    address=0xDF8b560be949C229C821731554C33EAD5E3888A4 old.round=0  old.sequence=2307 old.state="Accept request" old.proposer=0xcE412f988377e31F4d0fF12d74df73B51C42d0cA next.round=0 next.seq=2308 next.proposer=0x27A97C9AaF04f18f3014c32e036dD0Ac76Da5f18 next.valSet="[0x27A97C9AaF04f18f3014c32e036dD0Ac76Da5f18 0x93917cADBace5dFCE132B991732c6Cda9bcC5B8a 0x98C1334496614aED49d2E81526D089f7264fED9C 0xcE412f988377e31F4d0fF12d74df73B51C42d0cA]" next.size=4 next.IsProposer=false
INFO [02-08|15:35:05.014] Imported new chain segment               blocks=1 txs=0 mgas=0.000 elapsed="847.208µs" mgasps=0.000   number=2308 hash=9316e6..25ad77 dirty=1.37KiB
INFO [02-08|15:35:05.014] Commit new mining work                   number=2309 sealhash=f4ad0d..d49f94 uncles=0 txs=0 gas=0       fees=0 elapsed="211.334µs"
INFO [02-08|15:35:10.011] Imported new chain segment               blocks=1 txs=0 mgas=0.000 elapsed="744.708µs" mgasps=0.000   number=2309 hash=cc8a72..bc46cd dirty=1.37KiB
INFO [02-08|15:35:10.012] QBFT: handle final committed             address=0xDF8b560be949C229C821731554C33EAD5E3888A4 current.round=0 current.sequence=2309 state="Accept request"
INFO [02-08|15:35:20.021] Imported new chain segment               blocks=1 txs=0 mgas=0.000 elapsed=1.114ms     mgasps=0.000   number=2311 hash=2d0a6d..f4222c dirty=1.37KiB
INFO [02-08|15:35:20.022] Commit new mining work                   number=2312 sealhash=01407a..080ea5 uncles=0 txs=0 gas=0       fees=0 elapsed="225.75µs"
INFO [02-08|15:35:20.022] QBFT: handle final committed             address=0xDF8b560be949C229C821731554C33EAD5E3888A4 current.round=0 current.sequence=2311 state="Accept request"
INFO [02-08|15:35:20.022] QBFT: start new round                    address=0xDF8b560be949C229C821731554C33EAD5E3888A4 old.round=0  old.sequence=2311 old.state="Accept request" old.proposer=0xcE412f988377e31F4d0fF12d74df73B51C42d0cA next.round=0 next.seq=2312 next.proposer=0x27A97C9AaF04f18f3014c32e036dD0Ac76Da5f18 next.valSet="[0x27A97C9AaF04f18f3014c32e036dD0Ac76Da5f18 0x93917cADBace5dFCE132B991732c6Cda9bcC5B8a 0x98C1334496614aED49d2E81526D089f7264fED9C 0xcE412f988377e31F4d0fF12d74df73B51C42d0cA]" next.size=4 next.IsProposer=false
INFO [02-08|15:35:25.012] Imported new chain segment               blocks=1 txs=0 mgas=0.000 elapsed="979.167µs" mgasps=0.000   number=2312 hash=f0bf80..1e39e6 dirty=1.37KiB
INFO [02-08|15:35:25.013] Commit new mining work                   number=2313 sealhash=373e40..43ca72 uncles=0 txs=0 gas=0       fees=0 elapsed="247.834µs"
INFO [02-08|15:35:25.013] QBFT: initialize new round               address=0xDF8b560be949C229C821731554C33EAD5E3888A4 current.round=0 current.sequence=2312 target.round=0 lastProposal.number=2312 lastProposal.hash=f0bf80..1e39e6
INFO [02-08|15:35:25.013] QBFT: start new round                    address=0xDF8b560be949C229C821731554C33EAD5E3888A4 old.round=0  old.sequence=2312 old.state="Accept request" old.proposer=0x27A97C9AaF04f18f3014c32e036dD0Ac76Da5f18 next.round=0 next.seq=2313 next.proposer=0x93917cADBace5dFCE132B991732c6Cda9bcC5B8a next.valSet="[0x27A97C9AaF04f18f3014c32e036dD0Ac76Da5f18 0x93917cADBace5dFCE132B991732c6Cda9bcC5B8a 0x98C1334496614aED49d2E81526D089f7264fED9C 0xcE412f988377e31F4d0fF12d74df73B51C42d0cA]" next.size=4 next.IsProposer=false
INFO [02-08|15:35:30.012] Imported new chain segment               blocks=1 txs=0 mgas=0.000 elapsed="931.542µs" mgasps=0.000   number=2313 hash=9d02bc..58d6e7 dirty=1.37KiB
INFO [02-08|15:35:30.012] QBFT: initialize new round               address=0xDF8b560be949C229C821731554C33EAD5E3888A4 current.round=0 current.sequence=2313 target.round=0 lastProposal.number=2313 lastProposal.hash=9d02bc..58d6e7
INFO [02-08|15:35:45.013] Imported new chain segment               blocks=1 txs=0 mgas=0.000 elapsed="930.166µs" mgasps=0.000   number=2316 hash=c1b4c0..5c7edc dirty=1.37KiB
INFO [02-08|15:35:45.014] Commit new mining work                   number=2317 sealhash=0a8d6b..79c698 uncles=0 txs=0 gas=0       fees=0 elapsed="258.625µs"
INFO [02-08|15:35:50.017] Imported new chain segment               blocks=1 txs=0 mgas=0.000 elapsed=1.870ms     mgasps=0.000   number=2317 hash=fdbf40..b367c2 dirty=1.37KiB
INFO [02-08|15:35:51.583] Looking for peers                        peercount=4 tried=3 static=8
INFO [02-08|15:35:55.018] Imported new chain segment               blocks=1 txs=0 mgas=0.000 elapsed=1.059ms     mgasps=0.000   number=2318 hash=dcd4c0..aef3bf dirty=1.37KiB
INFO [02-08|15:35:55.019] Commit new mining work                   number=2319 sealhash=e2fa89..1011e1 uncles=0 txs=0 gas=0       fees=0 elapsed="333.25µs"
INFO [02-08|15:35:55.019] QBFT: handle final committed             address=0xDF8b560be949C229C821731554C33EAD5E3888A4 current.round=0 current.sequence=2318 state="Accept request"
INFO [02-08|15:35:55.019] QBFT: start new round                    address=0xDF8b560be949C229C821731554C33EAD5E3888A4 old.round=0  old.sequence=2318 old.state="Accept request" old.proposer=0x98C1334496614aED49d2E81526D089f7264fED9C next.round=0 next.seq=2319 next.proposer=0xcE412f988377e31F4d0fF12d74df73B51C42d0cA next.valSet="[0x27A97C9AaF04f18f3014c32e036dD0Ac76Da5f18 0x93917cADBace5dFCE132B991732c6Cda9bcC5B8a 0x98C1334496614aED49d2E81526D089f7264fED9C 0xcE412f988377e31F4d0fF12d74df73B51C42d0cA]" next.size=4 next.IsProposer=false
INFO [02-08|15:36:00.028] Imported new chain segment               blocks=1 txs=0 mgas=0.000 elapsed="888.75µs"  mgasps=0.000   number=2319 hash=7cdde3..c54f93 dirty=1.37KiB
INFO [02-08|15:36:05.014] Commit new mining work                   number=2321 sealhash=d6bb16..6cbee5 uncles=0 txs=0 gas=0       fees=0 elapsed="276.708µs"
WARN [02-08|15:36:05.014] Block sealing failed                     err=unauthorized
INFO [02-08|15:36:05.014] QBFT: handle final committed             address=0xDF8b560be949C229C821731554C33EAD5E3888A4 current.round=0 current.sequence=2320 state="Accept request"
INFO [02-08|15:36:05.014] QBFT: initialize new round               address=0xDF8b560be949C229C821731554C33EAD5E3888A4 current.round=0 current.sequence=2320 target.round=0 lastProposal.number=2320 lastProposal.hash=c562f3..18c5a6
INFO [02-08|15:36:10.004] Imported new chain segment               blocks=1 txs=0 mgas=0.000 elapsed="516µs"     mgasps=0.000   number=2321 hash=793039..be4248 dirty=1.37KiB
INFO [02-08|15:36:10.005] QBFT: initialize new round               address=0xDF8b560be949C229C821731554C33EAD5E3888A4 current.round=0 current.sequence=2321 target.round=0 lastProposal.number=2321 lastProposal.hash=793039..be4248
INFO [02-08|15:36:15.010] Imported new chain segment               blocks=1 txs=0 mgas=0.000 elapsed="811.834µs" mgasps=0.000   number=2322 hash=8196e4..c73c22 dirty=1.37KiB
INFO [02-08|15:36:15.011] QBFT: start new round                    address=0xDF8b560be949C229C821731554C33EAD5E3888A4 old.round=0  old.sequence=2322 old.state="Accept request" old.proposer=0x98C1334496614aED49d2E81526D089f7264fED9C next.round=0 next.seq=2323 next.proposer=0xcE412f988377e31F4d0fF12d74df73B51C42d0cA next.valSet="[0x27A97C9AaF04f18f3014c32e036dD0Ac76Da5f18 0x93917cADBace5dFCE132B991732c6Cda9bcC5B8a 0x98C1334496614aED49d2E81526D089f7264fED9C 0xcE412f988377e31F4d0fF12d74df73B51C42d0cA]" next.size=4 next.IsProposer=false
INFO [02-08|15:36:20.013] Imported new chain segment               blocks=1 txs=0 mgas=0.000 elapsed="892.625µs" mgasps=0.000   number=2323 hash=82acf3..fba667 dirty=1.37KiB
WARN [02-08|15:36:20.014] Block sealing failed                     err=unauthorized
INFO [02-08|15:36:20.014] QBFT: initialize new round               address=0xDF8b560be949C229C821731554C33EAD5E3888A4 current.round=0 current.sequence=2323 target.round=0 lastProposal.number=2323 lastProposal.hash=82acf3..fba667
INFO [02-08|15:36:25.016] Imported new chain segment               blocks=1 txs=0 mgas=0.000 elapsed="980.209µs" mgasps=0.000   number=2324 hash=74bae9..1eb5ca dirty=1.37KiB
WARN [02-08|15:36:25.017] Block sealing failed                     err=unauthorized
INFO [02-08|15:36:30.011] Imported new chain segment               blocks=1 txs=0 mgas=0.000 elapsed=1.043ms     mgasps=0.000   number=2325 hash=2ccaad..4e90ce dirty=1.37KiB
INFO [02-08|15:36:30.012] QBFT: handle final committed             address=0xDF8b560be949C229C821731554C33EAD5E3888A4 current.round=0 current.sequence=2325 state="Accept request"
INFO [02-08|15:36:30.012] QBFT: start new round                    address=0xDF8b560be949C229C821731554C33EAD5E3888A4 old.round=0  old.sequence=2325 old.state="Accept request" old.proposer=0x93917cADBace5dFCE132B991732c6Cda9bcC5B8a next.round=0 next.seq=2326 next.proposer=0x98C1334496614aED49d2E81526D089f7264fED9C next.valSet="[0x27A97C9AaF04f18f3014c32e036dD0Ac76Da5f18 0x93917cADBace5dFCE132B991732c6Cda9bcC5B8a 0x98C1334496614aED49d2E81526D089f7264fED9C 0xcE412f988377e31F4d0fF12d74df73B51C42d0cA]" next.size=4 next.IsProposer=false
INFO [02-08|15:36:35.019] Imported new chain segment               blocks=1 txs=0 mgas=0.000 elapsed=1.168ms     mgasps=0.000   number=2326 hash=eb0088..a02ef2 dirty=1.37KiB
WARN [02-08|15:36:35.020] Block sealing failed                     err=unauthorized
INFO [02-08|15:36:40.016] Imported new chain segment               blocks=1 txs=0 mgas=0.000 elapsed="901.625µs" mgasps=0.000   number=2327 hash=3b5690..6b8ad6 dirty=1.37KiB
INFO [02-08|15:36:40.017] QBFT: handle final committed             address=0xDF8b560be949C229C821731554C33EAD5E3888A4 current.round=0 current.sequence=2327 state="Accept request"
INFO [02-08|15:36:45.012] Imported new chain segment               blocks=1 txs=0 mgas=0.000 elapsed=1.009ms     mgasps=0.000   number=2328 hash=2d7551..7d006c dirty=1.37KiB
INFO [02-08|15:36:50.018] Imported new chain segment               blocks=1 txs=0 mgas=0.000 elapsed=1.139ms     mgasps=0.000   number=2329 hash=4b63ed..de2d3e dirty=1.37KiB
INFO [02-08|15:36:55.012] Imported new chain segment               blocks=1 txs=0 mgas=0.000 elapsed="738µs"     mgasps=0.000   number=2330 hash=992b32..e6b565 dirty=1.37KiB
INFO [02-08|15:36:55.012] Commit new mining work                   number=2331 sealhash=a27896..cc3669 uncles=0 txs=0 gas=0       fees=0 elapsed="212.333µs"
INFO [02-08|15:37:00.036] Imported new chain segment               blocks=1 txs=0 mgas=0.000 elapsed=1.392ms     mgasps=0.000   number=2331 hash=cea4c6..123e8d dirty=1.37KiB
INFO [02-08|15:37:00.037] QBFT: handle final committed             address=0xDF8b560be949C229C821731554C33EAD5E3888A4 current.round=0 current.sequence=2331 state="Accept request"
INFO [02-08|15:37:01.591] Looking for peers                        peercount=4 tried=3 static=8
INFO [02-08|15:37:05.013] Imported new chain segment               blocks=1 txs=0 mgas=0.000 elapsed="864.459µs" mgasps=0.000   number=2332 hash=4799d7..8eb83e dirty=1.37KiB
INFO [02-08|15:37:05.014] QBFT: handle final committed             address=0xDF8b560be949C229C821731554C33EAD5E3888A4 current.round=0 current.sequence=2332 state="Accept request"
INFO [02-08|15:37:10.007] Imported new chain segment               blocks=1 txs=0 mgas=0.000 elapsed="572.125µs" mgasps=0.000   number=2333 hash=2a4f88..82bb4b dirty=1.37KiB
INFO [02-08|15:37:15.016] Imported new chain segment               blocks=1 txs=0 mgas=0.000 elapsed="921.917µs" mgasps=0.000   number=2334 hash=187fe5..8e1a96 dirty=1.37KiB
WARN [02-08|15:37:15.017] Block sealing failed                     err=unauthorized
INFO [02-08|15:37:15.017] QBFT: start new round                    address=0xDF8b560be949C229C821731554C33EAD5E3888A4 old.round=0  old.sequence=2334 old.state="Accept request" old.proposer=0x98C1334496614aED49d2E81526D089f7264fED9C next.round=0 next.seq=2335 next.proposer=0xcE412f988377e31F4d0fF12d74df73B51C42d0cA next.valSet="[0x27A97C9AaF04f18f3014c32e036dD0Ac76Da5f18 0x93917cADBace5dFCE132B991732c6Cda9bcC5B8a 0x98C1334496614aED49d2E81526D089f7264fED9C 0xcE412f988377e31F4d0fF12d74df73B51C42d0cA]" next.size=4 next.IsProposer=false
INFO [02-08|15:37:25.015] Imported new chain segment               blocks=1 txs=0 mgas=0.000 elapsed="986.625µs" mgasps=0.000   number=2336 hash=3d2949..9839cf dirty=1.37KiB
INFO [02-08|15:37:25.015] QBFT: initialize new round               address=0xDF8b560be949C229C821731554C33EAD5E3888A4 current.round=0 current.sequence=2336 target.round=0 lastProposal.number=2336 lastProposal.hash=3d2949..9839cf
INFO [02-08|15:37:30.012] Imported new chain segment               blocks=1 txs=0 mgas=0.000 elapsed=1.160ms     mgasps=0.000   number=2337 hash=e50d0c..829bfa dirty=1.37KiB
INFO [02-08|15:37:30.012] QBFT: initialize new round               address=0xDF8b560be949C229C821731554C33EAD5E3888A4 current.round=0 current.sequence=2337 target.round=0 lastProposal.number=2337 lastProposal.hash=e50d0c..829bfa
WARN [02-08|15:37:35.014] Block sealing failed                     err=unauthorized
INFO [02-08|15:37:35.015] QBFT: start new round                    address=0xDF8b560be949C229C821731554C33EAD5E3888A4 old.round=0  old.sequence=2338 old.state="Accept request" old.proposer=0x98C1334496614aED49d2E81526D089f7264fED9C next.round=0 next.seq=2339 next.proposer=0xcE412f988377e31F4d0fF12d74df73B51C42d0cA next.valSet="[0x27A97C9AaF04f18f3014c32e036dD0Ac76Da5f18 0x93917cADBace5dFCE132B991732c6Cda9bcC5B8a 0x98C1334496614aED49d2E81526D089f7264fED9C 0xcE412f988377e31F4d0fF12d74df73B51C42d0cA]" next.size=4 next.IsProposer=false
INFO [02-08|15:37:36.595] Looking for peers                        peercount=4 tried=3 static=8
INFO [02-08|15:37:40.012] Imported new chain segment               blocks=1 txs=0 mgas=0.000 elapsed="558.541µs" mgasps=0.000   number=2339 hash=39464e..710754 dirty=1.37KiB
INFO [02-08|15:37:45.006] Imported new chain segment               blocks=1 txs=0 mgas=0.000 elapsed="543.333µs" mgasps=0.000   number=2340 hash=9e5cfa..f5530d dirty=1.37KiB
INFO [02-08|15:37:45.007] Commit new mining work                   number=2341 sealhash=cf57b5..0025fe uncles=0 txs=0 gas=0       fees=0 elapsed="129.334µs"
INFO [02-08|15:37:50.023] Imported new chain segment               blocks=1 txs=0 mgas=0.000 elapsed="916.291µs" mgasps=0.000   number=2341 hash=c030f7..3e07e3 dirty=1.37KiB
INFO [02-08|15:37:50.023] QBFT: handle final committed             address=0xDF8b560be949C229C821731554C33EAD5E3888A4 current.round=0 current.sequence=2341 state="Accept request"
INFO [02-08|15:37:50.023] QBFT: initialize new round               address=0xDF8b560be949C229C821731554C33EAD5E3888A4 current.round=0 current.sequence=2341 target.round=0 lastProposal.number=2341 lastProposal.hash=c030f7..3e07e3
INFO [02-08|15:37:55.013] Imported new chain segment               blocks=1 txs=0 mgas=0.000 elapsed="530.458µs" mgasps=0.000   number=2342 hash=221b5a..e0980c dirty=1.37KiB
INFO [02-08|15:37:55.013] QBFT: handle final committed             address=0xDF8b560be949C229C821731554C33EAD5E3888A4 current.round=0 current.sequence=2342 state="Accept request"
INFO [02-08|15:37:55.013] QBFT: initialize new round               address=0xDF8b560be949C229C821731554C33EAD5E3888A4 current.round=0 current.sequence=2342 target.round=0 lastProposal.number=2342 lastProposal.hash=221b5a..e0980c
INFO [02-08|15:38:00.021] Imported new chain segment               blocks=1 txs=0 mgas=0.000 elapsed=1.060ms     mgasps=0.000   number=2343 hash=982458..5e486f dirty=1.37KiB
INFO [02-08|15:38:00.022] QBFT: handle final committed             address=0xDF8b560be949C229C821731554C33EAD5E3888A4 current.round=0 current.sequence=2343 state="Accept request"
INFO [02-08|15:38:00.022] Commit new mining work                   number=2344 sealhash=225839..fd8cb4 uncles=0 txs=0 gas=0       fees=0 elapsed="303.417µs"
INFO [02-08|15:38:05.013] Imported new chain segment               blocks=1 txs=0 mgas=0.000 elapsed="823.625µs" mgasps=0.000   number=2344 hash=6d8ac8..0d4390 dirty=1.37KiB
INFO [02-08|15:38:05.014] QBFT: initialize new round               address=0xDF8b560be949C229C821731554C33EAD5E3888A4 current.round=0 current.sequence=2344 target.round=0 lastProposal.number=2344 lastProposal.hash=6d8ac8..0d4390
INFO [02-08|15:38:10.009] QBFT: start new round                    address=0xDF8b560be949C229C821731554C33EAD5E3888A4 old.round=0  old.sequence=2345 old.state="Accept request" old.proposer=0x93917cADBace5dFCE132B991732c6Cda9bcC5B8a next.round=0 next.seq=2346 next.proposer=0x98C1334496614aED49d2E81526D089f7264fED9C next.valSet="[0x27A97C9AaF04f18f3014c32e036dD0Ac76Da5f18 0x93917cADBace5dFCE132B991732c6Cda9bcC5B8a 0x98C1334496614aED49d2E81526D089f7264fED9C 0xcE412f988377e31F4d0fF12d74df73B51C42d0cA]" next.size=4 next.IsProposer=false
INFO [02-08|15:38:11.595] Looking for peers                        peercount=4 tried=3 static=8
INFO [02-08|15:38:15.014] Commit new mining work                   number=2347 sealhash=a143b2..d12aa7 uncles=0 txs=0 gas=0       fees=0 elapsed="683.958µs"
INFO [02-08|15:38:20.010] Imported new chain segment               blocks=1 txs=0 mgas=0.000 elapsed="859.584µs" mgasps=0.000   number=2347 hash=58e6fe..1f4899 dirty=1.37KiB
INFO [02-08|15:38:25.009] Imported new chain segment               blocks=1 txs=0 mgas=0.000 elapsed="712.708µs" mgasps=0.000   number=2348 hash=c962dd..fb5d58 dirty=1.37KiB
INFO [02-08|15:38:25.009] Commit new mining work                   number=2349 sealhash=eb53b2..722f4c uncles=0 txs=0 gas=0       fees=0 elapsed="222.542µs"
INFO [02-08|15:38:25.009] QBFT: handle final committed             address=0xDF8b560be949C229C821731554C33EAD5E3888A4 current.round=0 current.sequence=2348 state="Accept request"
INFO [02-08|15:38:25.009] QBFT: initialize new round               address=0xDF8b560be949C229C821731554C33EAD5E3888A4 current.round=0 current.sequence=2348 target.round=0 lastProposal.number=2348 lastProposal.hash=c962dd..fb5d58
INFO [02-08|15:38:30.009] Imported new chain segment               blocks=1 txs=0 mgas=0.000 elapsed=1.207ms     mgasps=0.000   number=2349 hash=a83c25..f64d8e dirty=1.37KiB
INFO [02-08|15:38:30.009] Commit new mining work                   number=2350 sealhash=d1047e..d6225a uncles=0 txs=0 gas=0       fees=0 elapsed="260.875µs"
INFO [02-08|15:38:30.010] QBFT: start new round                    address=0xDF8b560be949C229C821731554C33EAD5E3888A4 old.round=0  old.sequence=2349 old.state="Accept request" old.proposer=0x93917cADBace5dFCE132B991732c6Cda9bcC5B8a next.round=0 next.seq=2350 next.proposer=0x98C1334496614aED49d2E81526D089f7264fED9C next.valSet="[0x27A97C9AaF04f18f3014c32e036dD0Ac76Da5f18 0x93917cADBace5dFCE132B991732c6Cda9bcC5B8a 0x98C1334496614aED49d2E81526D089f7264fED9C 0xcE412f988377e31F4d0fF12d74df73B51C42d0cA]" next.size=4 next.IsProposer=false
WARN [02-08|15:38:30.010] Block sealing failed                     err=unauthorized
INFO [02-08|15:38:35.014] Imported new chain segment               blocks=1 txs=0 mgas=0.000 elapsed="860.584µs" mgasps=0.000   number=2350 hash=ea7c20..477d52 dirty=1.37KiB
INFO [02-08|15:38:35.015] QBFT: start new round                    address=0xDF8b560be949C229C821731554C33EAD5E3888A4 old.round=0  old.sequence=2350 old.state="Accept request" old.proposer=0x98C1334496614aED49d2E81526D089f7264fED9C next.round=0 next.seq=2351 next.proposer=0xcE412f988377e31F4d0fF12d74df73B51C42d0cA next.valSet="[0x27A97C9AaF04f18f3014c32e036dD0Ac76Da5f18 0x93917cADBace5dFCE132B991732c6Cda9bcC5B8a 0x98C1334496614aED49d2E81526D089f7264fED9C 0xcE412f988377e31F4d0fF12d74df73B51C42d0cA]" next.size=4 next.IsProposer=false
INFO [02-08|15:38:40.015] Imported new chain segment               blocks=1 txs=0 mgas=0.000 elapsed="858.792µs" mgasps=0.000   number=2351 hash=e2b8d6..e7c60a dirty=1.37KiB
INFO [02-08|15:38:46.601] Looking for peers                        peercount=4 tried=3 static=8
INFO [02-08|15:38:50.021] Imported new chain segment               blocks=1 txs=0 mgas=0.000 elapsed="733.042µs" mgasps=0.000   number=2353 hash=9a7f42..f22193 dirty=1.37KiB
INFO [02-08|15:38:50.022] QBFT: handle final committed             address=0xDF8b560be949C229C821731554C33EAD5E3888A4 current.round=0 current.sequence=2353 state="Accept request"
WARN [02-08|15:38:50.022] Block sealing failed                     err=unauthorized
INFO [02-08|15:38:50.022] QBFT: initialize new round               address=0xDF8b560be949C229C821731554C33EAD5E3888A4 current.round=0 current.sequence=2353 target.round=0 lastProposal.number=2353 lastProposal.hash=9a7f42..f22193
INFO [02-08|15:38:55.013] QBFT: start new round                    address=0xDF8b560be949C229C821731554C33EAD5E3888A4 old.round=0  old.sequence=2354 old.state="Accept request" old.proposer=0x98C1334496614aED49d2E81526D089f7264fED9C next.round=0 next.seq=2355 next.proposer=0xcE412f988377e31F4d0fF12d74df73B51C42d0cA next.valSet="[0x27A97C9AaF04f18f3014c32e036dD0Ac76Da5f18 0x93917cADBace5dFCE132B991732c6Cda9bcC5B8a 0x98C1334496614aED49d2E81526D089f7264fED9C 0xcE412f988377e31F4d0fF12d74df73B51C42d0cA]" next.size=4 next.IsProposer=false
INFO [02-08|15:39:00.019] Commit new mining work                   number=2356 sealhash=5f4946..df8368 uncles=0 txs=0 gas=0       fees=0 elapsed="139.291µs"
INFO [02-08|15:39:00.020] QBFT: initialize new round               address=0xDF8b560be949C229C821731554C33EAD5E3888A4 current.round=0 current.sequence=2355 target.round=0 lastProposal.number=2355 lastProposal.hash=8199dd..0f9980
WARN [02-08|15:39:05.011] Block sealing failed                     err=unauthorized
INFO [02-08|15:39:10.015] Imported new chain segment               blocks=1 txs=0 mgas=0.000 elapsed="961.75µs"  mgasps=0.000   number=2357 hash=37f09a..de4e11 dirty=1.37KiB
INFO [02-08|15:39:10.015] QBFT: initialize new round               address=0xDF8b560be949C229C821731554C33EAD5E3888A4 current.round=0 current.sequence=2357 target.round=0 lastProposal.number=2357 lastProposal.hash=37f09a..de4e11
INFO [02-08|15:39:10.015] QBFT: start new round                    address=0xDF8b560be949C229C821731554C33EAD5E3888A4 old.round=0  old.sequence=2357 old.state="Accept request" old.proposer=0x93917cADBace5dFCE132B991732c6Cda9bcC5B8a next.round=0 next.seq=2358 next.proposer=0x98C1334496614aED49d2E81526D089f7264fED9C next.valSet="[0x27A97C9AaF04f18f3014c32e036dD0Ac76Da5f18 0x93917cADBace5dFCE132B991732c6Cda9bcC5B8a 0x98C1334496614aED49d2E81526D089f7264fED9C 0xcE412f988377e31F4d0fF12d74df73B51C42d0cA]" next.size=4 next.IsProposer=false
INFO [02-08|15:39:15.021] Commit new mining work                   number=2359 sealhash=081a0f..dd5051 uncles=0 txs=0 gas=0       fees=0 elapsed="166.042µs"
INFO [02-08|15:39:15.021] QBFT: start new round                    address=0xDF8b560be949C229C821731554C33EAD5E3888A4 old.round=0  old.sequence=2358 old.state="Accept request" old.proposer=0x98C1334496614aED49d2E81526D089f7264fED9C next.round=0 next.seq=2359 next.proposer=0xcE412f988377e31F4d0fF12d74df73B51C42d0cA next.valSet="[0x27A97C9AaF04f18f3014c32e036dD0Ac76Da5f18 0x93917cADBace5dFCE132B991732c6Cda9bcC5B8a 0x98C1334496614aED49d2E81526D089f7264fED9C 0xcE412f988377e31F4d0fF12d74df73B51C42d0cA]" next.size=4 next.IsProposer=false
INFO [02-08|15:39:20.018] Imported new chain segment               blocks=1 txs=0 mgas=0.000 elapsed=1.890ms     mgasps=0.000   number=2359 hash=a04605..bdc8cf dirty=1.37KiB
INFO [02-08|15:39:20.019] Commit new mining work                   number=2360 sealhash=856694..f9a9d3 uncles=0 txs=0 gas=0       fees=0 elapsed="387.959µs"
WARN [02-08|15:39:20.019] Block sealing failed                     err=unauthorized
INFO [02-08|15:39:20.019] QBFT: handle final committed             address=0xDF8b560be949C229C821731554C33EAD5E3888A4 current.round=0 current.sequence=2359 state="Accept request"
INFO [02-08|15:39:20.019] QBFT: initialize new round               address=0xDF8b560be949C229C821731554C33EAD5E3888A4 current.round=0 current.sequence=2359 target.round=0 lastProposal.number=2359 lastProposal.hash=a04605..bdc8cf
INFO [02-08|15:39:21.604] Looking for peers                        peercount=4 tried=3 static=8
INFO [02-08|15:39:25.008] Commit new mining work                   number=2361 sealhash=1c672e..5d48bf uncles=0 txs=0 gas=0       fees=0 elapsed="132.875µs"
INFO [02-08|15:39:25.009] QBFT: handle final committed             address=0xDF8b560be949C229C821731554C33EAD5E3888A4 current.round=0 current.sequence=2360 state="Accept request"
INFO [02-08|15:39:25.009] QBFT: initialize new round               address=0xDF8b560be949C229C821731554C33EAD5E3888A4 current.round=0 current.sequence=2360 target.round=0 lastProposal.number=2360 lastProposal.hash=9760c6..b44f5d
INFO [02-08|15:39:25.009] QBFT: start new round                    address=0xDF8b560be949C229C821731554C33EAD5E3888A4 old.round=0  old.sequence=2360 old.state="Accept request" old.proposer=0x27A97C9AaF04f18f3014c32e036dD0Ac76Da5f18 next.round=0 next.seq=2361 next.proposer=0x93917cADBace5dFCE132B991732c6Cda9bcC5B8a next.valSet="[0x27A97C9AaF04f18f3014c32e036dD0Ac76Da5f18 0x93917cADBace5dFCE132B991732c6Cda9bcC5B8a 0x98C1334496614aED49d2E81526D089f7264fED9C 0xcE412f988377e31F4d0fF12d74df73B51C42d0cA]" next.size=4 next.IsProposer=false
INFO [02-08|15:39:30.012] Imported new chain segment               blocks=1 txs=0 mgas=0.000 elapsed="996.542µs" mgasps=0.000   number=2361 hash=9fc341..726969 dirty=1.37KiB
INFO [02-08|15:39:35.015] Commit new mining work                   number=2363 sealhash=f5aeb3..79bc34 uncles=0 txs=0 gas=0       fees=0 elapsed="243.583µs"
INFO [02-08|15:39:40.012] Imported new chain segment               blocks=1 txs=0 mgas=0.000 elapsed=1.118ms     mgasps=0.000   number=2363 hash=9c1bc5..1b954e dirty=1.37KiB
INFO [02-08|15:39:40.012] Commit new mining work                   number=2364 sealhash=ac9ede..f6b94f uncles=0 txs=0 gas=0       fees=0 elapsed="352.541µs"
WARN [02-08|15:39:40.013] Block sealing failed                     err=unauthorized
INFO [02-08|15:39:45.015] Imported new chain segment               blocks=1 txs=0 mgas=0.000 elapsed=1.157ms     mgasps=0.000   number=2364 hash=0fc5f4..30c042 dirty=1.37KiB
WARN [02-08|15:39:45.015] Block sealing failed                     err=unauthorized
INFO [02-08|15:39:45.015] QBFT: handle final committed             address=0xDF8b560be949C229C821731554C33EAD5E3888A4 current.round=0 current.sequence=2364 state="Accept request"
INFO [02-08|15:39:45.016] QBFT: initialize new round               address=0xDF8b560be949C229C821731554C33EAD5E3888A4 current.round=0 current.sequence=2364 target.round=0 lastProposal.number=2364 lastProposal.hash=0fc5f4..30c042
INFO [02-08|15:39:50.013] Imported new chain segment               blocks=1 txs=0 mgas=0.000 elapsed=2.119ms     mgasps=0.000   number=2365 hash=59f96f..b93e9d dirty=1.37KiB
INFO [02-08|15:39:55.013] Imported new chain segment               blocks=1 txs=0 mgas=0.000 elapsed="884.459µs" mgasps=0.000   number=2366 hash=a21d38..06ec00 dirty=1.37KiB
INFO [02-08|15:39:55.013] Commit new mining work                   number=2367 sealhash=37ded7..087da1 uncles=0 txs=0 gas=0       fees=0 elapsed="338.542µs"
INFO [02-08|15:40:00.017] Imported new chain segment               blocks=1 txs=0 mgas=0.000 elapsed="731.541µs" mgasps=0.000   number=2367 hash=9e7b5a..bc94fa dirty=1.37KiB
INFO [02-08|15:40:00.017] QBFT: handle final committed             address=0xDF8b560be949C229C821731554C33EAD5E3888A4 current.round=0 current.sequence=2367 state="Accept request"
INFO [02-08|15:40:05.017] QBFT: start new round                    address=0xDF8b560be949C229C821731554C33EAD5E3888A4 old.round=0  old.sequence=2368 old.state="Accept request" old.proposer=0x27A97C9AaF04f18f3014c32e036dD0Ac76Da5f18 next.round=0 next.seq=2369 next.proposer=0x93917cADBace5dFCE132B991732c6Cda9bcC5B8a next.valSet="[0x27A97C9AaF04f18f3014c32e036dD0Ac76Da5f18 0x93917cADBace5dFCE132B991732c6Cda9bcC5B8a 0x98C1334496614aED49d2E81526D089f7264fED9C 0xcE412f988377e31F4d0fF12d74df73B51C42d0cA]" next.size=4 next.IsProposer=false
INFO [02-08|15:40:10.005] Commit new mining work                   number=2370 sealhash=5a0ce7..0a5dd7 uncles=0 txs=0 gas=0       fees=0 elapsed="109.792µs"
INFO [02-08|15:40:15.018] Imported new chain segment               blocks=1 txs=0 mgas=0.000 elapsed=1.11ms      mgasps=0.000   number=2370 hash=636a00..01abd3 dirty=1.37KiB
INFO [02-08|15:40:15.018] QBFT: start new round                    address=0xDF8b560be949C229C821731554C33EAD5E3888A4 old.round=0  old.sequence=2370 old.state="Accept request" old.proposer=0x98C1334496614aED49d2E81526D089f7264fED9C next.round=0 next.seq=2371 next.proposer=0xcE412f988377e31F4d0fF12d74df73B51C42d0cA next.valSet="[0x27A97C9AaF04f18f3014c32e036dD0Ac76Da5f18 0x93917cADBace5dFCE132B991732c6Cda9bcC5B8a 0x98C1334496614aED49d2E81526D089f7264fED9C 0xcE412f988377e31F4d0fF12d74df73B51C42d0cA]" next.size=4 next.IsProposer=false
INFO [02-08|15:40:20.007] Imported new chain segment               blocks=1 txs=0 mgas=0.000 elapsed="490.417µs" mgasps=0.000   number=2371 hash=b8ddc0..572dec dirty=1.37KiB
INFO [02-08|15:40:25.011] Imported new chain segment               blocks=1 txs=0 mgas=0.000 elapsed="836.75µs"  mgasps=0.000   number=2372 hash=ee7231..bca702 dirty=1.37KiB
INFO [02-08|15:40:25.012] QBFT: start new round                    address=0xDF8b560be949C229C821731554C33EAD5E3888A4 old.round=0  old.sequence=2372 old.state="Accept request" old.proposer=0x27A97C9AaF04f18f3014c32e036dD0Ac76Da5f18 next.round=0 next.seq=2373 next.proposer=0x93917cADBace5dFCE132B991732c6Cda9bcC5B8a next.valSet="[0x27A97C9AaF04f18f3014c32e036dD0Ac76Da5f18 0x93917cADBace5dFCE132B991732c6Cda9bcC5B8a 0x98C1334496614aED49d2E81526D089f7264fED9C 0xcE412f988377e31F4d0fF12d74df73B51C42d0cA]" next.size=4 next.IsProposer=false
WARN [02-08|15:40:30.011] Block sealing failed                     err=unauthorized
INFO [02-08|15:40:35.019] Imported new chain segment               blocks=1 txs=0 mgas=0.000 elapsed=1.304ms     mgasps=0.000   number=2374 hash=d7a338..aec536 dirty=1.37KiB
INFO [02-08|15:40:35.019] QBFT: handle final committed             address=0xDF8b560be949C229C821731554C33EAD5E3888A4 current.round=0 current.sequence=2374 state="Accept request"
INFO [02-08|15:40:35.020] QBFT: start new round                    address=0xDF8b560be949C229C821731554C33EAD5E3888A4 old.round=0  old.sequence=2374 old.state="Accept request" old.proposer=0x98C1334496614aED49d2E81526D089f7264fED9C next.round=0 next.seq=2375 next.proposer=0xcE412f988377e31F4d0fF12d74df73B51C42d0cA next.valSet="[0x27A97C9AaF04f18f3014c32e036dD0Ac76Da5f18 0x93917cADBace5dFCE132B991732c6Cda9bcC5B8a 0x98C1334496614aED49d2E81526D089f7264fED9C 0xcE412f988377e31F4d0fF12d74df73B51C42d0cA]" next.size=4 next.IsProposer=false
INFO [02-08|15:40:40.012] Imported new chain segment               blocks=1 txs=0 mgas=0.000 elapsed="966.708µs" mgasps=0.000   number=2375 hash=2d124a..f0640b dirty=1.37KiB
INFO [02-08|15:40:40.012] QBFT: handle final committed             address=0xDF8b560be949C229C821731554C33EAD5E3888A4 current.round=0 current.sequence=2375 state="Accept request"
INFO [02-08|15:40:40.012] QBFT: initialize new round               address=0xDF8b560be949C229C821731554C33EAD5E3888A4 current.round=0 current.sequence=2375 target.round=0 lastProposal.number=2375 lastProposal.hash=2d124a..f0640b
INFO [02-08|15:40:45.016] Imported new chain segment               blocks=1 txs=0 mgas=0.000 elapsed="889.833µs" mgasps=0.000   number=2376 hash=a6da55..9f9d91 dirty=1.37KiB
INFO [02-08|15:40:45.016] Commit new mining work                   number=2377 sealhash=bfc751..8cfdf6 uncles=0 txs=0 gas=0       fees=0 elapsed="247.875µs"
WARN [02-08|15:40:45.016] Block sealing failed                     err=unauthorized
INFO [02-08|15:40:45.016] QBFT: handle final committed             address=0xDF8b560be949C229C821731554C33EAD5E3888A4 current.round=0 current.sequence=2376 state="Accept request"
INFO [02-08|15:40:50.017] Imported new chain segment               blocks=1 txs=0 mgas=0.000 elapsed="877.167µs" mgasps=0.000   number=2377 hash=7f2eb2..db9e92 dirty=1.37KiB
INFO [02-08|15:40:50.018] Commit new mining work                   number=2378 sealhash=db24ef..b8b30d uncles=0 txs=0 gas=0       fees=0 elapsed="254.416µs"
INFO [02-08|15:40:50.018] QBFT: start new round                    address=0xDF8b560be949C229C821731554C33EAD5E3888A4 old.round=0  old.sequence=2377 old.state="Accept request" old.proposer=0x93917cADBace5dFCE132B991732c6Cda9bcC5B8a next.round=0 next.seq=2378 next.proposer=0x98C1334496614aED49d2E81526D089f7264fED9C next.valSet="[0x27A97C9AaF04f18f3014c32e036dD0Ac76Da5f18 0x93917cADBace5dFCE132B991732c6Cda9bcC5B8a 0x98C1334496614aED49d2E81526D089f7264fED9C 0xcE412f988377e31F4d0fF12d74df73B51C42d0cA]" next.size=4 next.IsProposer=false
INFO [02-08|15:40:55.013] Imported new chain segment               blocks=1 txs=0 mgas=0.000 elapsed="942.375µs" mgasps=0.000   number=2378 hash=8bc39a..8fc338 dirty=1.37KiB
INFO [02-08|15:40:55.014] Commit new mining work                   number=2379 sealhash=13a122..707c40 uncles=0 txs=0 gas=0       fees=0 elapsed="453.375µs"
INFO [02-08|15:41:00.023] Imported new chain segment               blocks=1 txs=0 mgas=0.000 elapsed=1.243ms     mgasps=0.000   number=2379 hash=a910f8..471726 dirty=1.37KiB
INFO [02-08|15:41:00.023] QBFT: handle final committed             address=0xDF8b560be949C229C821731554C33EAD5E3888A4 current.round=0 current.sequence=2379 state="Accept request"
WARN [02-08|15:41:00.023] Block sealing failed                     err=unauthorized
INFO [02-08|15:41:05.016] Imported new chain segment               blocks=1 txs=0 mgas=0.000 elapsed=1.026ms     mgasps=0.000   number=2380 hash=3e3616..0205a1 dirty=1.37KiB
INFO [02-08|15:41:06.606] Looking for peers                        peercount=4 tried=3 static=8
INFO [02-08|15:41:10.011] Imported new chain segment               blocks=1 txs=0 mgas=0.000 elapsed="939.834µs" mgasps=0.000   number=2381 hash=44484c..65b2ba dirty=1.37KiB
WARN [02-08|15:41:10.012] Block sealing failed                     err=unauthorized
INFO [02-08|15:41:10.012] QBFT: handle final committed             address=0xDF8b560be949C229C821731554C33EAD5E3888A4 current.round=0 current.sequence=2381 state="Accept request"
INFO [02-08|15:41:10.012] QBFT: initialize new round               address=0xDF8b560be949C229C821731554C33EAD5E3888A4 current.round=0 current.sequence=2381 target.round=0 lastProposal.number=2381 lastProposal.hash=44484c..65b2ba
INFO [02-08|15:41:15.012] Imported new chain segment               blocks=1 txs=0 mgas=0.000 elapsed=1.672ms     mgasps=0.000   number=2382 hash=121d68..31580b dirty=1.37KiB
INFO [02-08|15:41:15.013] QBFT: handle final committed             address=0xDF8b560be949C229C821731554C33EAD5E3888A4 current.round=0 current.sequence=2382 state="Accept request"
INFO [02-08|15:41:15.013] Commit new mining work                   number=2383 sealhash=fb0b04..fc044e uncles=0 txs=0 gas=0       fees=0 elapsed="407.25µs"
INFO [02-08|15:41:20.009] Imported new chain segment               blocks=1 txs=0 mgas=0.000 elapsed="567.667µs" mgasps=0.000   number=2383 hash=460438..d8b194 dirty=1.37KiB
WARN [02-08|15:41:20.009] Block sealing failed                     err=unauthorized
INFO [02-08|15:41:25.007] Imported new chain segment               blocks=1 txs=0 mgas=0.000 elapsed="475.75µs"  mgasps=0.000   number=2384 hash=dd1635..f784c2 dirty=1.37KiB
INFO [02-08|15:41:30.005] Imported new chain segment               blocks=1 txs=0 mgas=0.000 elapsed="278.959µs" mgasps=0.000   number=2385 hash=6b8468..c4a308 dirty=1.37KiB
INFO [02-08|15:41:30.005] QBFT: handle final committed             address=0xDF8b560be949C229C821731554C33EAD5E3888A4 current.round=0 current.sequence=2385 state="Accept request"
INFO [02-08|15:41:35.024] Imported new chain segment               blocks=1 txs=0 mgas=0.000 elapsed=1.571ms     mgasps=0.000   number=2386 hash=ba2bbf..a9d70a dirty=1.37KiB
INFO [02-08|15:41:40.005] Imported new chain segment               blocks=1 txs=0 mgas=0.000 elapsed="282.625µs" mgasps=0.000   number=2387 hash=7ae3b1..0168f2 dirty=1.37KiB
WARN [02-08|15:41:40.005] Block sealing failed                     err=unauthorized
INFO [02-08|15:41:45.517] Imported new chain segment               blocks=1 txs=0 mgas=0.000 elapsed="431.958µs" mgasps=0.000   number=2388 hash=224842..73ae85 dirty=1.37KiB
INFO [02-08|15:41:45.517] Commit new mining work                   number=2389 sealhash=a653b5..dc0633 uncles=0 txs=0 gas=0       fees=0 elapsed="165.375µs"
INFO [02-08|15:41:50.007] Imported new chain segment               blocks=1 txs=0 mgas=0.000 elapsed="536.625µs" mgasps=0.000   number=2389 hash=326264..bc5656 dirty=1.37KiB
INFO [02-08|15:41:50.007] QBFT: initialize new round               address=0xDF8b560be949C229C821731554C33EAD5E3888A4 current.round=0 current.sequence=2389 target.round=0 lastProposal.number=2389 lastProposal.hash=326264..bc5656
INFO [02-08|15:41:50.007] QBFT: start new round                    address=0xDF8b560be949C229C821731554C33EAD5E3888A4 old.round=0  old.sequence=2389 old.state="Accept request" old.proposer=0x93917cADBace5dFCE132B991732c6Cda9bcC5B8a next.round=0 next.seq=2390 next.proposer=0x98C1334496614aED49d2E81526D089f7264fED9C next.valSet="[0x27A97C9AaF04f18f3014c32e036dD0Ac76Da5f18 0x93917cADBace5dFCE132B991732c6Cda9bcC5B8a 0x98C1334496614aED49d2E81526D089f7264fED9C 0xcE412f988377e31F4d0fF12d74df73B51C42d0cA]" next.size=4 next.IsProposer=false
INFO [02-08|15:41:55.014] Imported new chain segment               blocks=1 txs=0 mgas=0.000 elapsed="646.042µs" mgasps=0.000   number=2390 hash=9b92f8..887a08 dirty=1.37KiB
INFO [02-08|15:41:55.015] QBFT: handle final committed             address=0xDF8b560be949C229C821731554C33EAD5E3888A4 current.round=0 current.sequence=2390 state="Accept request"
INFO [02-08|15:42:00.035] QBFT: initialize new round               address=0xDF8b560be949C229C821731554C33EAD5E3888A4 current.round=0 current.sequence=2391 target.round=0 lastProposal.number=2391 lastProposal.hash=22d66e..274438
INFO [02-08|15:42:05.022] QBFT: handle final committed             address=0xDF8b560be949C229C821731554C33EAD5E3888A4 current.round=0 current.sequence=2392 state="Accept request"
INFO [02-08|15:42:10.008] Imported new chain segment               blocks=1 txs=0 mgas=0.000 elapsed="716.583µs" mgasps=0.000   number=2393 hash=dce211..f263e2 dirty=1.37KiB
WARN [02-08|15:42:10.008] Block sealing failed                     err=unauthorized
INFO [02-08|15:42:10.008] QBFT: start new round                    address=0xDF8b560be949C229C821731554C33EAD5E3888A4 old.round=0  old.sequence=2393 old.state="Accept request" old.proposer=0x93917cADBace5dFCE132B991732c6Cda9bcC5B8a next.round=0 next.seq=2394 next.proposer=0x98C1334496614aED49d2E81526D089f7264fED9C next.valSet="[0x27A97C9AaF04f18f3014c32e036dD0Ac76Da5f18 0x93917cADBace5dFCE132B991732c6Cda9bcC5B8a 0x98C1334496614aED49d2E81526D089f7264fED9C 0xcE412f988377e31F4d0fF12d74df73B51C42d0cA]" next.size=4 next.IsProposer=false
INFO [02-08|15:42:15.020] Imported new chain segment               blocks=1 txs=0 mgas=0.000 elapsed=3.147ms     mgasps=0.000   number=2394 hash=22e521..d3e513 dirty=1.37KiB
INFO [02-08|15:42:15.021] Commit new mining work                   number=2395 sealhash=dbf820..78ec7a uncles=0 txs=0 gas=0       fees=0 elapsed="644.834µs"
INFO [02-08|15:42:15.022] QBFT: start new round                    address=0xDF8b560be949C229C821731554C33EAD5E3888A4 old.round=0  old.sequence=2394 old.state="Accept request" old.proposer=0x98C1334496614aED49d2E81526D089f7264fED9C next.round=0 next.seq=2395 next.proposer=0xcE412f988377e31F4d0fF12d74df73B51C42d0cA next.valSet="[0x27A97C9AaF04f18f3014c32e036dD0Ac76Da5f18 0x93917cADBace5dFCE132B991732c6Cda9bcC5B8a 0x98C1334496614aED49d2E81526D089f7264fED9C 0xcE412f988377e31F4d0fF12d74df73B51C42d0cA]" next.size=4 next.IsProposer=false
INFO [02-08|15:42:16.607] Looking for peers                        peercount=4 tried=3 static=8
INFO [02-08|15:42:20.009] QBFT: start new round                    address=0xDF8b560be949C229C821731554C33EAD5E3888A4 old.round=0  old.sequence=2395 old.state="Accept request" old.proposer=0xcE412f988377e31F4d0fF12d74df73B51C42d0cA next.round=0 next.seq=2396 next.proposer=0x27A97C9AaF04f18f3014c32e036dD0Ac76Da5f18 next.valSet="[0x27A97C9AaF04f18f3014c32e036dD0Ac76Da5f18 0x93917cADBace5dFCE132B991732c6Cda9bcC5B8a 0x98C1334496614aED49d2E81526D089f7264fED9C 0xcE412f988377e31F4d0fF12d74df73B51C42d0cA]" next.size=4 next.IsProposer=false
INFO [02-08|15:42:25.007] Imported new chain segment               blocks=1 txs=0 mgas=0.000 elapsed="559.542µs" mgasps=0.000   number=2396 hash=ad2adc..24865a dirty=1.37KiB
INFO [02-08|15:42:25.007] QBFT: start new round                    address=0xDF8b560be949C229C821731554C33EAD5E3888A4 old.round=0  old.sequence=2396 old.state="Accept request" old.proposer=0x27A97C9AaF04f18f3014c32e036dD0Ac76Da5f18 next.round=0 next.seq=2397 next.proposer=0x93917cADBace5dFCE132B991732c6Cda9bcC5B8a next.valSet="[0x27A97C9AaF04f18f3014c32e036dD0Ac76Da5f18 0x93917cADBace5dFCE132B991732c6Cda9bcC5B8a 0x98C1334496614aED49d2E81526D089f7264fED9C 0xcE412f988377e31F4d0fF12d74df73B51C42d0cA]" next.size=4 next.IsProposer=false
INFO [02-08|15:42:30.009] QBFT: handle final committed             address=0xDF8b560be949C229C821731554C33EAD5E3888A4 current.round=0 current.sequence=2397 state="Accept request"
INFO [02-08|15:42:30.010] QBFT: initialize new round               address=0xDF8b560be949C229C821731554C33EAD5E3888A4 current.round=0 current.sequence=2397 target.round=0 lastProposal.number=2397 lastProposal.hash=731845..bc75c6
INFO [02-08|15:42:30.010] Commit new mining work                   number=2398 sealhash=4f142e..76ed72 uncles=0 txs=0 gas=0       fees=0 elapsed="189.416µs"
INFO [02-08|15:42:40.008] Imported new chain segment               blocks=1 txs=0 mgas=0.000 elapsed=1.052ms     mgasps=0.000   number=2399 hash=5cecd0..560415 dirty=1.37KiB
INFO [02-08|15:42:45.021] Imported new chain segment               blocks=1 txs=0 mgas=0.000 elapsed=1.003ms     mgasps=0.000   number=2400 hash=54763c..4df8d9 dirty=1.37KiB
INFO [02-08|15:42:50.009] Imported new chain segment               blocks=1 txs=0 mgas=0.000 elapsed="624.917µs" mgasps=0.000   number=2401 hash=a32e9e..ea213c dirty=1.37KiB
INFO [02-08|15:42:50.010] Commit new mining work                   number=2402 sealhash=32a823..62c661 uncles=0 txs=0 gas=0       fees=0 elapsed="239.834µs"
WARN [02-08|15:42:50.010] Block sealing failed                     err=unauthorized
INFO [02-08|15:42:51.608] Looking for peers                        peercount=4 tried=3 static=8
INFO [02-08|15:42:55.005] Imported new chain segment               blocks=1 txs=0 mgas=0.000 elapsed="308.5µs"   mgasps=0.000   number=2402 hash=534ce0..1aa99e dirty=1.37KiB
INFO [02-08|15:43:00.023] Imported new chain segment               blocks=1 txs=0 mgas=0.000 elapsed="414.541µs" mgasps=0.000   number=2403 hash=6184bc..d311d5 dirty=1.37KiB
INFO [02-08|15:43:05.019] QBFT: handle final committed             address=0xDF8b560be949C229C821731554C33EAD5E3888A4 current.round=0 current.sequence=2404 state="Accept request"
INFO [02-08|15:43:05.019] Commit new mining work                   number=2405 sealhash=1d7cb0..419ce4 uncles=0 txs=0 gas=0       fees=0 elapsed="141.167µs"
INFO [02-08|15:43:10.011] Imported new chain segment               blocks=1 txs=0 mgas=0.000 elapsed=1.349ms     mgasps=0.000   number=2405 hash=6bc3bf..848a46 dirty=1.37KiB
INFO [02-08|15:43:10.011] QBFT: handle final committed             address=0xDF8b560be949C229C821731554C33EAD5E3888A4 current.round=0 current.sequence=2405 state="Accept request"
INFO [02-08|15:43:15.022] Imported new chain segment               blocks=1 txs=0 mgas=0.000 elapsed=1.234ms     mgasps=0.000   number=2406 hash=4f1f6d..c122de dirty=1.37KiB
WARN [02-08|15:43:15.022] Block sealing failed                     err=unauthorized
INFO [02-08|15:43:20.008] Imported new chain segment               blocks=1 txs=0 mgas=0.000 elapsed="501.458µs" mgasps=0.000   number=2407 hash=b0cd30..bfd7dc dirty=1.37KiB
INFO [02-08|15:43:20.008] Commit new mining work                   number=2408 sealhash=7fc8bd..a1834d uncles=0 txs=0 gas=0       fees=0 elapsed="122.459µs"
INFO [02-08|15:43:20.008] QBFT: start new round                    address=0xDF8b560be949C229C821731554C33EAD5E3888A4 old.round=0  old.sequence=2407 old.state="Accept request" old.proposer=0xcE412f988377e31F4d0fF12d74df73B51C42d0cA next.round=0 next.seq=2408 next.proposer=0x27A97C9AaF04f18f3014c32e036dD0Ac76Da5f18 next.valSet="[0x27A97C9AaF04f18f3014c32e036dD0Ac76Da5f18 0x93917cADBace5dFCE132B991732c6Cda9bcC5B8a 0x98C1334496614aED49d2E81526D089f7264fED9C 0xcE412f988377e31F4d0fF12d74df73B51C42d0cA]" next.size=4 next.IsProposer=false
INFO [02-08|15:43:25.012] Imported new chain segment               blocks=1 txs=0 mgas=0.000 elapsed=1.011ms     mgasps=0.000   number=2408 hash=0191d8..095965 dirty=1.37KiB
INFO [02-08|15:43:25.012] Commit new mining work                   number=2409 sealhash=d21e14..e8f34c uncles=0 txs=0 gas=0       fees=0 elapsed="249.042µs"
INFO [02-08|15:43:26.608] Looking for peers                        peercount=4 tried=3 static=8
INFO [02-08|15:43:35.015] Imported new chain segment               blocks=1 txs=0 mgas=0.000 elapsed="822.917µs" mgasps=0.000   number=2410 hash=c23ebc..5a84ec dirty=1.37KiB
INFO [02-08|15:43:35.016] Commit new mining work                   number=2411 sealhash=975f18..9cb408 uncles=0 txs=0 gas=0       fees=0 elapsed="354.5µs"
INFO [02-08|15:43:40.007] Imported new chain segment               blocks=1 txs=0 mgas=0.000 elapsed="545.375µs" mgasps=0.000   number=2411 hash=b45b50..771849 dirty=1.37KiB
INFO [02-08|15:43:40.008] QBFT: initialize new round               address=0xDF8b560be949C229C821731554C33EAD5E3888A4 current.round=0 current.sequence=2411 target.round=0 lastProposal.number=2411 lastProposal.hash=b45b50..771849
INFO [02-08|15:43:45.009] Imported new chain segment               blocks=1 txs=0 mgas=0.000 elapsed="503.542µs" mgasps=0.000   number=2412 hash=448c93..592880 dirty=1.37KiB
INFO [02-08|15:43:55.020] Imported new chain segment               blocks=1 txs=0 mgas=0.000 elapsed="587.458µs" mgasps=0.000   number=2414 hash=05c1df..c023fe dirty=1.37KiB
WARN [02-08|15:43:55.020] Block sealing failed                     err=unauthorized
INFO [02-08|15:43:55.020] QBFT: start new round                    address=0xDF8b560be949C229C821731554C33EAD5E3888A4 old.round=0  old.sequence=2414 old.state="Accept request" old.proposer=0x98C1334496614aED49d2E81526D089f7264fED9C next.round=0 next.seq=2415 next.proposer=0xcE412f988377e31F4d0fF12d74df73B51C42d0cA next.valSet="[0x27A97C9AaF04f18f3014c32e036dD0Ac76Da5f18 0x93917cADBace5dFCE132B991732c6Cda9bcC5B8a 0x98C1334496614aED49d2E81526D089f7264fED9C 0xcE412f988377e31F4d0fF12d74df73B51C42d0cA]" next.size=4 next.IsProposer=false
WARN [02-08|15:44:00.011] Block sealing failed                     err=unauthorized
INFO [02-08|15:44:01.610] Looking for peers                        peercount=4 tried=3 static=8
INFO [02-08|15:44:05.016] Imported new chain segment               blocks=1 txs=0 mgas=0.000 elapsed="830.542µs" mgasps=0.000   number=2416 hash=cc0160..8fc5c5 dirty=1.37KiB
INFO [02-08|15:44:05.016] QBFT: handle final committed             address=0xDF8b560be949C229C821731554C33EAD5E3888A4 current.round=0 current.sequence=2416 state="Accept request"
INFO [02-08|15:44:05.016] QBFT: start new round                    address=0xDF8b560be949C229C821731554C33EAD5E3888A4 old.round=0  old.sequence=2416 old.state="Accept request" old.proposer=0x27A97C9AaF04f18f3014c32e036dD0Ac76Da5f18 next.round=0 next.seq=2417 next.proposer=0x93917cADBace5dFCE132B991732c6Cda9bcC5B8a next.valSet="[0x27A97C9AaF04f18f3014c32e036dD0Ac76Da5f18 0x93917cADBace5dFCE132B991732c6Cda9bcC5B8a 0x98C1334496614aED49d2E81526D089f7264fED9C 0xcE412f988377e31F4d0fF12d74df73B51C42d0cA]" next.size=4 next.IsProposer=false
INFO [02-08|15:44:10.007] Imported new chain segment               blocks=1 txs=0 mgas=0.000 elapsed="480.75µs"  mgasps=0.000   number=2417 hash=693e08..2d05cf dirty=1.37KiB
INFO [02-08|15:44:15.014] Imported new chain segment               blocks=1 txs=0 mgas=0.000 elapsed=1.261ms     mgasps=0.000   number=2418 hash=212f3b..288949 dirty=1.37KiB
INFO [02-08|15:44:15.014] QBFT: handle final committed             address=0xDF8b560be949C229C821731554C33EAD5E3888A4 current.round=0 current.sequence=2418 state="Accept request"
INFO [02-08|15:44:15.014] QBFT: initialize new round               address=0xDF8b560be949C229C821731554C33EAD5E3888A4 current.round=0 current.sequence=2418 target.round=0 lastProposal.number=2418 lastProposal.hash=212f3b..288949
INFO [02-08|15:44:20.007] Imported new chain segment               blocks=1 txs=0 mgas=0.000 elapsed="454.375µs" mgasps=0.000   number=2419 hash=71a571..8e1766 dirty=1.37KiB
INFO [02-08|15:44:20.007] QBFT: handle final committed             address=0xDF8b560be949C229C821731554C33EAD5E3888A4 current.round=0 current.sequence=2419 state="Accept request"
WARN [02-08|15:44:20.007] Block sealing failed                     err=unauthorized
INFO [02-08|15:44:20.007] QBFT: initialize new round               address=0xDF8b560be949C229C821731554C33EAD5E3888A4 current.round=0 current.sequence=2419 target.round=0 lastProposal.number=2419 lastProposal.hash=71a571..8e1766
INFO [02-08|15:44:25.014] Imported new chain segment               blocks=1 txs=0 mgas=0.000 elapsed="921.833µs" mgasps=0.000   number=2420 hash=448943..50720b dirty=1.37KiB
INFO [02-08|15:44:25.014] QBFT: initialize new round               address=0xDF8b560be949C229C821731554C33EAD5E3888A4 current.round=0 current.sequence=2420 target.round=0 lastProposal.number=2420 lastProposal.hash=448943..50720b
INFO [02-08|15:44:30.013] Imported new chain segment               blocks=1 txs=0 mgas=0.000 elapsed=1.249ms     mgasps=0.000   number=2421 hash=83d0d9..86b379 dirty=1.37KiB
INFO [02-08|15:44:30.014] QBFT: initialize new round               address=0xDF8b560be949C229C821731554C33EAD5E3888A4 current.round=0 current.sequence=2421 target.round=0 lastProposal.number=2421 lastProposal.hash=83d0d9..86b379
INFO [02-08|15:44:35.014] Imported new chain segment               blocks=1 txs=0 mgas=0.000 elapsed=1.350ms     mgasps=0.000   number=2422 hash=be0975..c0acd7 dirty=1.37KiB
INFO [02-08|15:44:35.015] QBFT: handle final committed             address=0xDF8b560be949C229C821731554C33EAD5E3888A4 current.round=0 current.sequence=2422 state="Accept request"
INFO [02-08|15:44:35.015] QBFT: start new round                    address=0xDF8b560be949C229C821731554C33EAD5E3888A4 old.round=0  old.sequence=2422 old.state="Accept request" old.proposer=0x98C1334496614aED49d2E81526D089f7264fED9C next.round=0 next.seq=2423 next.proposer=0xcE412f988377e31F4d0fF12d74df73B51C42d0cA next.valSet="[0x27A97C9AaF04f18f3014c32e036dD0Ac76Da5f18 0x93917cADBace5dFCE132B991732c6Cda9bcC5B8a 0x98C1334496614aED49d2E81526D089f7264fED9C 0xcE412f988377e31F4d0fF12d74df73B51C42d0cA]" next.size=4 next.IsProposer=false
INFO [02-08|15:44:35.015] Commit new mining work                   number=2423 sealhash=eb39ba..52dae2 uncles=0 txs=0 gas=0       fees=0 elapsed="342.75µs"
INFO [02-08|15:44:40.011] Imported new chain segment               blocks=1 txs=0 mgas=0.000 elapsed="931.667µs" mgasps=0.000   number=2423 hash=e32612..071863 dirty=1.37KiB
INFO [02-08|15:44:40.012] Commit new mining work                   number=2424 sealhash=9caca0..38023f uncles=0 txs=0 gas=0       fees=0 elapsed="930.125µs"
WARN [02-08|15:44:40.013] Block sealing failed                     err=unauthorized
INFO [02-08|15:44:45.024] Imported new chain segment               blocks=1 txs=0 mgas=0.000 elapsed=1.116ms     mgasps=0.000   number=2424 hash=6c0b30..0d13ad dirty=1.37KiB
INFO [02-08|15:44:45.025] QBFT: handle final committed             address=0xDF8b560be949C229C821731554C33EAD5E3888A4 current.round=0 current.sequence=2424 state="Accept request"
INFO [02-08|15:44:45.025] QBFT: initialize new round               address=0xDF8b560be949C229C821731554C33EAD5E3888A4 current.round=0 current.sequence=2424 target.round=0 lastProposal.number=2424 lastProposal.hash=6c0b30..0d13ad
INFO [02-08|15:44:45.025] Commit new mining work                   number=2425 sealhash=dfc52f..a5c2ee uncles=0 txs=0 gas=0       fees=0 elapsed="209.375µs"
INFO [02-08|15:44:50.016] Imported new chain segment               blocks=1 txs=0 mgas=0.000 elapsed="853.458µs" mgasps=0.000   number=2425 hash=0bf9de..c1c8d2 dirty=1.37KiB
INFO [02-08|15:44:55.018] Imported new chain segment               blocks=1 txs=0 mgas=0.000 elapsed=1.255ms     mgasps=0.000   number=2426 hash=37f49d..63bf5c dirty=1.37KiB
INFO [02-08|15:44:55.019] QBFT: start new round                    address=0xDF8b560be949C229C821731554C33EAD5E3888A4 old.round=0  old.sequence=2426 old.state="Accept request" old.proposer=0x98C1334496614aED49d2E81526D089f7264fED9C next.round=0 next.seq=2427 next.proposer=0xcE412f988377e31F4d0fF12d74df73B51C42d0cA next.valSet="[0x27A97C9AaF04f18f3014c32e036dD0Ac76Da5f18 0x93917cADBace5dFCE132B991732c6Cda9bcC5B8a 0x98C1334496614aED49d2E81526D089f7264fED9C 0xcE412f988377e31F4d0fF12d74df73B51C42d0cA]" next.size=4 next.IsProposer=false
INFO [02-08|15:45:00.027] Imported new chain segment               blocks=1 txs=0 mgas=0.000 elapsed="755.584µs" mgasps=0.000   number=2427 hash=badc6d..3df641 dirty=1.37KiB
INFO [02-08|15:45:00.027] Commit new mining work                   number=2428 sealhash=585707..d53388 uncles=0 txs=0 gas=0       fees=0 elapsed="209.541µs"
INFO [02-08|15:45:05.012] Imported new chain segment               blocks=1 txs=0 mgas=0.000 elapsed="910.959µs" mgasps=0.000   number=2428 hash=0045ec..7852aa dirty=1.37KiB
INFO [02-08|15:45:10.015] Imported new chain segment               blocks=1 txs=0 mgas=0.000 elapsed=2.413ms     mgasps=0.000   number=2429 hash=88591a..a7cc65 dirty=1.37KiB
INFO [02-08|15:45:10.015] Commit new mining work                   number=2430 sealhash=922c62..f4899a uncles=0 txs=0 gas=0       fees=0 elapsed="237.583µs"
INFO [02-08|15:45:10.015] QBFT: handle final committed             address=0xDF8b560be949C229C821731554C33EAD5E3888A4 current.round=0 current.sequence=2429 state="Accept request"
INFO [02-08|15:45:11.615] Looking for peers                        peercount=4 tried=3 static=8
INFO [02-08|15:45:15.005] Imported new chain segment               blocks=1 txs=0 mgas=0.000 elapsed="307.5µs"   mgasps=0.000   number=2430 hash=d5bc45..f6ecbe dirty=1.37KiB
INFO [02-08|15:45:15.005] QBFT: handle final committed             address=0xDF8b560be949C229C821731554C33EAD5E3888A4 current.round=0 current.sequence=2430 state="Accept request"
INFO [02-08|15:45:20.009] Imported new chain segment               blocks=1 txs=0 mgas=0.000 elapsed="551.792µs" mgasps=0.000   number=2431 hash=2c17d9..f114f1 dirty=1.37KiB
INFO [02-08|15:45:20.009] QBFT: handle final committed             address=0xDF8b560be949C229C821731554C33EAD5E3888A4 current.round=0 current.sequence=2431 state="Accept request"
INFO [02-08|15:45:25.016] Imported new chain segment               blocks=1 txs=0 mgas=0.000 elapsed=1.490ms     mgasps=0.000   number=2432 hash=4b0ec9..c1b779 dirty=1.37KiB
INFO [02-08|15:45:25.016] QBFT: handle final committed             address=0xDF8b560be949C229C821731554C33EAD5E3888A4 current.round=0 current.sequence=2432 state="Accept request"
INFO [02-08|15:45:30.012] Imported new chain segment               blocks=1 txs=0 mgas=0.000 elapsed=1.149ms     mgasps=0.000   number=2433 hash=902166..5443bc dirty=1.37KiB
INFO [02-08|15:45:35.010] Imported new chain segment               blocks=1 txs=0 mgas=0.000 elapsed="531.375µs" mgasps=0.000   number=2434 hash=069e95..99ee6c dirty=1.37KiB
INFO [02-08|15:45:40.007] QBFT: handle final committed             address=0xDF8b560be949C229C821731554C33EAD5E3888A4 current.round=0 current.sequence=2435 state="Accept request"
INFO [02-08|15:45:40.007] QBFT: initialize new round               address=0xDF8b560be949C229C821731554C33EAD5E3888A4 current.round=0 current.sequence=2435 target.round=0 lastProposal.number=2435 lastProposal.hash=c2a4f2..502f80
INFO [02-08|15:45:40.007] QBFT: start new round                    address=0xDF8b560be949C229C821731554C33EAD5E3888A4 old.round=0  old.sequence=2435 old.state="Accept request" old.proposer=0xcE412f988377e31F4d0fF12d74df73B51C42d0cA next.round=0 next.seq=2436 next.proposer=0x27A97C9AaF04f18f3014c32e036dD0Ac76Da5f18 next.valSet="[0x27A97C9AaF04f18f3014c32e036dD0Ac76Da5f18 0x93917cADBace5dFCE132B991732c6Cda9bcC5B8a 0x98C1334496614aED49d2E81526D089f7264fED9C 0xcE412f988377e31F4d0fF12d74df73B51C42d0cA]" next.size=4 next.IsProposer=false
INFO [02-08|15:45:45.010] Imported new chain segment               blocks=1 txs=0 mgas=0.000 elapsed=1.139ms     mgasps=0.000   number=2436 hash=d46310..006294 dirty=1.37KiB
INFO [02-08|15:45:45.010] Commit new mining work                   number=2437 sealhash=3c53fa..aa88d7 uncles=0 txs=0 gas=0       fees=0 elapsed="169.459µs"
INFO [02-08|15:45:46.616] Looking for peers                        peercount=4 tried=3 static=8
INFO [02-08|15:45:50.010] Imported new chain segment               blocks=1 txs=0 mgas=0.000 elapsed="439.042µs" mgasps=0.000   number=2437 hash=0159c1..7166c9 dirty=1.37KiB
INFO [02-08|15:45:50.010] Commit new mining work                   number=2438 sealhash=1f8011..76403a uncles=0 txs=0 gas=0       fees=0 elapsed="176.083µs"
WARN [02-08|15:45:50.010] Block sealing failed                     err=unauthorized
INFO [02-08|15:45:50.010] QBFT: handle final committed             address=0xDF8b560be949C229C821731554C33EAD5E3888A4 current.round=0 current.sequence=2437 state="Accept request"
INFO [02-08|15:45:55.029] Imported new chain segment               blocks=1 txs=0 mgas=0.000 elapsed="755.583µs" mgasps=0.000   number=2438 hash=3aa908..bfae8f dirty=1.37KiB
INFO [02-08|15:45:55.029] Commit new mining work                   number=2439 sealhash=ae3ea0..e2cc92 uncles=0 txs=0 gas=0       fees=0 elapsed="201.5µs"
WARN [02-08|15:45:55.029] Block sealing failed                     err=unauthorized
INFO [02-08|15:45:55.029] QBFT: handle final committed             address=0xDF8b560be949C229C821731554C33EAD5E3888A4 current.round=0 current.sequence=2438 state="Accept request"
INFO [02-08|15:45:55.029] QBFT: start new round                    address=0xDF8b560be949C229C821731554C33EAD5E3888A4 old.round=0  old.sequence=2438 old.state="Accept request" old.proposer=0x98C1334496614aED49d2E81526D089f7264fED9C next.round=0 next.seq=2439 next.proposer=0xcE412f988377e31F4d0fF12d74df73B51C42d0cA next.valSet="[0x27A97C9AaF04f18f3014c32e036dD0Ac76Da5f18 0x93917cADBace5dFCE132B991732c6Cda9bcC5B8a 0x98C1334496614aED49d2E81526D089f7264fED9C 0xcE412f988377e31F4d0fF12d74df73B51C42d0cA]" next.size=4 next.IsProposer=false
INFO [02-08|15:46:00.043] Imported new chain segment               blocks=1 txs=0 mgas=0.000 elapsed=1.306ms     mgasps=0.000   number=2439 hash=ab3811..65ba9b dirty=1.37KiB
WARN [02-08|15:46:00.043] Block sealing failed                     err=unauthorized
INFO [02-08|15:46:00.044] QBFT: initialize new round               address=0xDF8b560be949C229C821731554C33EAD5E3888A4 current.round=0 current.sequence=2439 target.round=0 lastProposal.number=2439 lastProposal.hash=ab3811..65ba9b
INFO [02-08|15:46:00.044] QBFT: start new round                    address=0xDF8b560be949C229C821731554C33EAD5E3888A4 old.round=0  old.sequence=2439 old.state="Accept request" old.proposer=0xcE412f988377e31F4d0fF12d74df73B51C42d0cA next.round=0 next.seq=2440 next.proposer=0x27A97C9AaF04f18f3014c32e036dD0Ac76Da5f18 next.valSet="[0x27A97C9AaF04f18f3014c32e036dD0Ac76Da5f18 0x93917cADBace5dFCE132B991732c6Cda9bcC5B8a 0x98C1334496614aED49d2E81526D089f7264fED9C 0xcE412f988377e31F4d0fF12d74df73B51C42d0cA]" next.size=4 next.IsProposer=false
INFO [02-08|15:46:05.031] Imported new chain segment               blocks=1 txs=0 mgas=0.000 elapsed=1.013ms     mgasps=0.000   number=2440 hash=1121c0..5c7d38 dirty=1.37KiB
INFO [02-08|15:46:05.031] Commit new mining work                   number=2441 sealhash=0e6676..ad69f4 uncles=0 txs=0 gas=0       fees=0 elapsed="260.791µs"
INFO [02-08|15:46:05.031] QBFT: handle final committed             address=0xDF8b560be949C229C821731554C33EAD5E3888A4 current.round=0 current.sequence=2440 state="Accept request"
INFO [02-08|15:46:10.014] Imported new chain segment               blocks=1 txs=0 mgas=0.000 elapsed="522.541µs" mgasps=0.000   number=2441 hash=3af959..ba79bd dirty=1.37KiB
INFO [02-08|15:46:15.049] QBFT: handle final committed             address=0xDF8b560be949C229C821731554C33EAD5E3888A4 current.round=0 current.sequence=2442 state="Accept request"
WARN [02-08|15:46:15.049] Block sealing failed                     err=unauthorized
INFO [02-08|15:46:20.030] Imported new chain segment               blocks=1 txs=0 mgas=0.000 elapsed=2.097ms     mgasps=0.000   number=2443 hash=4b5887..015052 dirty=1.37KiB
WARN [02-08|15:46:20.031] Block sealing failed                     err=unauthorized
INFO [02-08|15:46:30.014] QBFT: start new round                    address=0xDF8b560be949C229C821731554C33EAD5E3888A4 old.round=0  old.sequence=2445 old.state="Accept request" old.proposer=0x93917cADBace5dFCE132B991732c6Cda9bcC5B8a next.round=0 next.seq=2446 next.proposer=0x98C1334496614aED49d2E81526D089f7264fED9C next.valSet="[0x27A97C9AaF04f18f3014c32e036dD0Ac76Da5f18 0x93917cADBace5dFCE132B991732c6Cda9bcC5B8a 0x98C1334496614aED49d2E81526D089f7264fED9C 0xcE412f988377e31F4d0fF12d74df73B51C42d0cA]" next.size=4 next.IsProposer=false
INFO [02-08|15:46:35.015] Imported new chain segment               blocks=1 txs=0 mgas=0.000 elapsed=1.269ms     mgasps=0.000   number=2446 hash=fde1ab..932ffc dirty=1.37KiB
INFO [02-08|15:46:40.008] Imported new chain segment               blocks=1 txs=0 mgas=0.000 elapsed="499.417µs" mgasps=0.000   number=2447 hash=21cb5a..7ba818 dirty=1.37KiB
INFO [02-08|15:46:45.015] Imported new chain segment               blocks=1 txs=0 mgas=0.000 elapsed=1.001ms     mgasps=0.000   number=2448 hash=453e9c..021b11 dirty=1.37KiB
INFO [02-08|15:46:45.016] QBFT: handle final committed             address=0xDF8b560be949C229C821731554C33EAD5E3888A4 current.round=0 current.sequence=2448 state="Accept request"
INFO [02-08|15:46:45.016] QBFT: initialize new round               address=0xDF8b560be949C229C821731554C33EAD5E3888A4 current.round=0 current.sequence=2448 target.round=0 lastProposal.number=2448 lastProposal.hash=453e9c..021b11
INFO [02-08|15:46:45.016] QBFT: start new round                    address=0xDF8b560be949C229C821731554C33EAD5E3888A4 old.round=0  old.sequence=2448 old.state="Accept request" old.proposer=0x27A97C9AaF04f18f3014c32e036dD0Ac76Da5f18 next.round=0 next.seq=2449 next.proposer=0x93917cADBace5dFCE132B991732c6Cda9bcC5B8a next.valSet="[0x27A97C9AaF04f18f3014c32e036dD0Ac76Da5f18 0x93917cADBace5dFCE132B991732c6Cda9bcC5B8a 0x98C1334496614aED49d2E81526D089f7264fED9C 0xcE412f988377e31F4d0fF12d74df73B51C42d0cA]" next.size=4 next.IsProposer=false
WARN [02-08|15:46:50.018] Block sealing failed                     err=unauthorized
INFO [02-08|15:46:55.005] Commit new mining work                   number=2451 sealhash=24a6af..681998 uncles=0 txs=0 gas=0       fees=0 elapsed="128.75µs"
INFO [02-08|15:46:56.618] Looking for peers                        peercount=4 tried=3 static=8
INFO [02-08|15:47:00.028] Imported new chain segment               blocks=1 txs=0 mgas=0.000 elapsed=1.164ms     mgasps=0.000   number=2451 hash=15c7ba..fe3c6f dirty=1.37KiB
INFO [02-08|15:47:10.017] Imported new chain segment               blocks=1 txs=0 mgas=0.000 elapsed=1.077ms     mgasps=0.000   number=2453 hash=96c3e9..acac93 dirty=1.37KiB
INFO [02-08|15:47:10.018] QBFT: initialize new round               address=0xDF8b560be949C229C821731554C33EAD5E3888A4 current.round=0 current.sequence=2453 target.round=0 lastProposal.number=2453 lastProposal.hash=96c3e9..acac93
INFO [02-08|15:47:15.015] Imported new chain segment               blocks=1 txs=0 mgas=0.000 elapsed="945µs"     mgasps=0.000   number=2454 hash=3fb0fe..baae62 dirty=1.37KiB
INFO [02-08|15:47:20.029] Imported new chain segment               blocks=1 txs=0 mgas=0.000 elapsed=3.997ms     mgasps=0.000   number=2455 hash=bfb7ea..dbcae6 dirty=1.37KiB
INFO [02-08|15:47:25.016] Imported new chain segment               blocks=1 txs=0 mgas=0.000 elapsed=1.225ms     mgasps=0.000   number=2456 hash=e54e37..d6065c dirty=1.37KiB
INFO [02-08|15:47:25.016] QBFT: handle final committed             address=0xDF8b560be949C229C821731554C33EAD5E3888A4 current.round=0 current.sequence=2456 state="Accept request"
INFO [02-08|15:47:25.016] QBFT: initialize new round               address=0xDF8b560be949C229C821731554C33EAD5E3888A4 current.round=0 current.sequence=2456 target.round=0 lastProposal.number=2456 lastProposal.hash=e54e37..d6065c
INFO [02-08|15:47:30.013] Imported new chain segment               blocks=1 txs=0 mgas=0.000 elapsed=1.010ms     mgasps=0.000   number=2457 hash=d1eb7e..d4400d dirty=1.37KiB
INFO [02-08|15:47:30.014] Commit new mining work                   number=2458 sealhash=86531e..384070 uncles=0 txs=0 gas=0       fees=0 elapsed="245.958µs"
INFO [02-08|15:47:40.013] Imported new chain segment               blocks=1 txs=0 mgas=0.000 elapsed=1.024ms     mgasps=0.000   number=2459 hash=6e6b3b..94f3f4 dirty=1.37KiB
INFO [02-08|15:47:45.006] QBFT: handle final committed             address=0xDF8b560be949C229C821731554C33EAD5E3888A4 current.round=0 current.sequence=2460 state="Accept request"
INFO [02-08|15:47:45.006] QBFT: initialize new round               address=0xDF8b560be949C229C821731554C33EAD5E3888A4 current.round=0 current.sequence=2460 target.round=0 lastProposal.number=2460 lastProposal.hash=45fb8c..afc01b
WARN [02-08|15:47:50.015] Block sealing failed                     err=unauthorized
INFO [02-08|15:47:55.007] Imported new chain segment               blocks=1 txs=0 mgas=0.000 elapsed="513.583µs" mgasps=0.000   number=2462 hash=a83034..aabfb3 dirty=1.37KiB
INFO [02-08|15:47:55.007] Commit new mining work                   number=2463 sealhash=dd6597..13d549 uncles=0 txs=0 gas=0       fees=0 elapsed="159.291µs"
INFO [02-08|15:48:00.016] Imported new chain segment               blocks=1 txs=0 mgas=0.000 elapsed=1.252ms     mgasps=0.000   number=2463 hash=66b089..f88ca7 dirty=1.37KiB
INFO [02-08|15:48:00.017] Commit new mining work                   number=2464 sealhash=41371a..3f6617 uncles=0 txs=0 gas=0       fees=0 elapsed="349.291µs"
INFO [02-08|15:48:05.018] Imported new chain segment               blocks=1 txs=0 mgas=0.000 elapsed="829.166µs" mgasps=0.000   number=2464 hash=c85884..a2b31d dirty=1.37KiB
INFO [02-08|15:48:05.019] QBFT: handle final committed             address=0xDF8b560be949C229C821731554C33EAD5E3888A4 current.round=0 current.sequence=2464 state="Accept request"
INFO [02-08|15:48:05.019] QBFT: initialize new round               address=0xDF8b560be949C229C821731554C33EAD5E3888A4 current.round=0 current.sequence=2464 target.round=0 lastProposal.number=2464 lastProposal.hash=c85884..a2b31d
INFO [02-08|15:48:06.626] Looking for peers                        peercount=4 tried=3 static=8
INFO [02-08|15:48:10.012] Imported new chain segment               blocks=1 txs=0 mgas=0.000 elapsed=2.102ms     mgasps=0.000   number=2465 hash=a90dad..b5c1d4 dirty=1.37KiB
INFO [02-08|15:48:10.014] QBFT: start new round                    address=0xDF8b560be949C229C821731554C33EAD5E3888A4 old.round=0  old.sequence=2465 old.state="Accept request" old.proposer=0x93917cADBace5dFCE132B991732c6Cda9bcC5B8a next.round=0 next.seq=2466 next.proposer=0x98C1334496614aED49d2E81526D089f7264fED9C next.valSet="[0x27A97C9AaF04f18f3014c32e036dD0Ac76Da5f18 0x93917cADBace5dFCE132B991732c6Cda9bcC5B8a 0x98C1334496614aED49d2E81526D089f7264fED9C 0xcE412f988377e31F4d0fF12d74df73B51C42d0cA]" next.size=4 next.IsProposer=false
INFO [02-08|15:48:15.011] Imported new chain segment               blocks=1 txs=0 mgas=0.000 elapsed="987.416µs" mgasps=0.000   number=2466 hash=3cbb9a..8475cf dirty=1.37KiB
INFO [02-08|15:48:15.011] Commit new mining work                   number=2467 sealhash=2ad349..a8ff2b uncles=0 txs=0 gas=0       fees=0 elapsed="299.708µs"
INFO [02-08|15:48:20.016] Commit new mining work                   number=2468 sealhash=62e3bf..1cb599 uncles=0 txs=0 gas=0       fees=0 elapsed="304.958µs"
INFO [02-08|15:48:25.013] Imported new chain segment               blocks=1 txs=0 mgas=0.000 elapsed=1.042ms     mgasps=0.000   number=2468 hash=20c9a7..d29dc8 dirty=1.37KiB
INFO [02-08|15:48:25.013] QBFT: handle final committed             address=0xDF8b560be949C229C821731554C33EAD5E3888A4 current.round=0 current.sequence=2468 state="Accept request"
INFO [02-08|15:48:25.014] QBFT: start new round                    address=0xDF8b560be949C229C821731554C33EAD5E3888A4 old.round=0  old.sequence=2468 old.state="Accept request" old.proposer=0x27A97C9AaF04f18f3014c32e036dD0Ac76Da5f18 next.round=0 next.seq=2469 next.proposer=0x93917cADBace5dFCE132B991732c6Cda9bcC5B8a next.valSet="[0x27A97C9AaF04f18f3014c32e036dD0Ac76Da5f18 0x93917cADBace5dFCE132B991732c6Cda9bcC5B8a 0x98C1334496614aED49d2E81526D089f7264fED9C 0xcE412f988377e31F4d0fF12d74df73B51C42d0cA]" next.size=4 next.IsProposer=false
INFO [02-08|15:48:30.012] QBFT: handle final committed             address=0xDF8b560be949C229C821731554C33EAD5E3888A4 current.round=0 current.sequence=2469 state="Accept request"
INFO [02-08|15:48:30.013] QBFT: initialize new round               address=0xDF8b560be949C229C821731554C33EAD5E3888A4 current.round=0 current.sequence=2469 target.round=0 lastProposal.number=2469 lastProposal.hash=02648a..fac730
INFO [02-08|15:48:30.013] Commit new mining work                   number=2470 sealhash=a0167e..123a55 uncles=0 txs=0 gas=0       fees=0 elapsed="329.375µs"
INFO [02-08|15:48:30.013] QBFT: start new round                    address=0xDF8b560be949C229C821731554C33EAD5E3888A4 old.round=0  old.sequence=2469 old.state="Accept request" old.proposer=0x93917cADBace5dFCE132B991732c6Cda9bcC5B8a next.round=0 next.seq=2470 next.proposer=0x98C1334496614aED49d2E81526D089f7264fED9C next.valSet="[0x27A97C9AaF04f18f3014c32e036dD0Ac76Da5f18 0x93917cADBace5dFCE132B991732c6Cda9bcC5B8a 0x98C1334496614aED49d2E81526D089f7264fED9C 0xcE412f988377e31F4d0fF12d74df73B51C42d0cA]" next.size=4 next.IsProposer=false
WARN [02-08|15:48:30.013] Block sealing failed                     err=unauthorized
INFO [02-08|15:48:35.513] Imported new chain segment               blocks=1 txs=0 mgas=0.000 elapsed=1.050ms     mgasps=0.000   number=2470 hash=45072b..bad5bc dirty=1.37KiB
INFO [02-08|15:48:35.514] Commit new mining work                   number=2471 sealhash=30cc47..ba8f89 uncles=0 txs=0 gas=0       fees=0 elapsed="294.792µs"
INFO [02-08|15:48:40.010] Imported new chain segment               blocks=1 txs=0 mgas=0.000 elapsed="812µs"     mgasps=0.000   number=2471 hash=cc4654..9008d4 dirty=1.37KiB
INFO [02-08|15:48:40.011] QBFT: initialize new round               address=0xDF8b560be949C229C821731554C33EAD5E3888A4 current.round=0 current.sequence=2471 target.round=0 lastProposal.number=2471 lastProposal.hash=cc4654..9008d4
INFO [02-08|15:48:41.628] Looking for peers                        peercount=4 tried=3 static=8
INFO [02-08|15:48:45.015] Imported new chain segment               blocks=1 txs=0 mgas=0.000 elapsed=1.046ms     mgasps=0.000   number=2472 hash=b537a3..b3c113 dirty=1.37KiB
INFO [02-08|15:48:45.015] QBFT: start new round                    address=0xDF8b560be949C229C821731554C33EAD5E3888A4 old.round=0  old.sequence=2472 old.state="Accept request" old.proposer=0x27A97C9AaF04f18f3014c32e036dD0Ac76Da5f18 next.round=0 next.seq=2473 next.proposer=0x93917cADBace5dFCE132B991732c6Cda9bcC5B8a next.valSet="[0x27A97C9AaF04f18f3014c32e036dD0Ac76Da5f18 0x93917cADBace5dFCE132B991732c6Cda9bcC5B8a 0x98C1334496614aED49d2E81526D089f7264fED9C 0xcE412f988377e31F4d0fF12d74df73B51C42d0cA]" next.size=4 next.IsProposer=false
INFO [02-08|15:48:50.044] QBFT: handle final committed             address=0xDF8b560be949C229C821731554C33EAD5E3888A4 current.round=0 current.sequence=2473 state="Accept request"
INFO [02-08|15:48:50.044] QBFT: initialize new round               address=0xDF8b560be949C229C821731554C33EAD5E3888A4 current.round=0 current.sequence=2473 target.round=0 lastProposal.number=2473 lastProposal.hash=dd5eaa..d3f365
INFO [02-08|15:48:50.044] QBFT: start new round                    address=0xDF8b560be949C229C821731554C33EAD5E3888A4 old.round=0  old.sequence=2473 old.state="Accept request" old.proposer=0x93917cADBace5dFCE132B991732c6Cda9bcC5B8a next.round=0 next.seq=2474 next.proposer=0x98C1334496614aED49d2E81526D089f7264fED9C next.valSet="[0x27A97C9AaF04f18f3014c32e036dD0Ac76Da5f18 0x93917cADBace5dFCE132B991732c6Cda9bcC5B8a 0x98C1334496614aED49d2E81526D089f7264fED9C 0xcE412f988377e31F4d0fF12d74df73B51C42d0cA]" next.size=4 next.IsProposer=false
INFO [02-08|15:48:55.015] Imported new chain segment               blocks=1 txs=0 mgas=0.000 elapsed=1.170ms     mgasps=0.000   number=2474 hash=ffa66b..51dc4c dirty=1.37KiB
INFO [02-08|15:48:55.016] Commit new mining work                   number=2475 sealhash=f8109e..613bec uncles=0 txs=0 gas=0       fees=0 elapsed="381.791µs"
INFO [02-08|15:48:55.016] QBFT: initialize new round               address=0xDF8b560be949C229C821731554C33EAD5E3888A4 current.round=0 current.sequence=2474 target.round=0 lastProposal.number=2474 lastProposal.hash=ffa66b..51dc4c
INFO [02-08|15:49:00.029] Imported new chain segment               blocks=1 txs=0 mgas=0.000 elapsed=1.156ms     mgasps=0.000   number=2475 hash=51fbce..04a0e9 dirty=1.37KiB
INFO [02-08|15:49:00.029] Commit new mining work                   number=2476 sealhash=4ffbad..94c34c uncles=0 txs=0 gas=0       fees=0 elapsed="365.625µs"
INFO [02-08|15:49:05.023] Imported new chain segment               blocks=1 txs=0 mgas=0.000 elapsed="734.291µs" mgasps=0.000   number=2476 hash=9ba58e..f477ec dirty=1.37KiB
INFO [02-08|15:49:05.024] QBFT: start new round                    address=0xDF8b560be949C229C821731554C33EAD5E3888A4 old.round=0  old.sequence=2476 old.state="Accept request" old.proposer=0x27A97C9AaF04f18f3014c32e036dD0Ac76Da5f18 next.round=0 next.seq=2477 next.proposer=0x93917cADBace5dFCE132B991732c6Cda9bcC5B8a next.valSet="[0x27A97C9AaF04f18f3014c32e036dD0Ac76Da5f18 0x93917cADBace5dFCE132B991732c6Cda9bcC5B8a 0x98C1334496614aED49d2E81526D089f7264fED9C 0xcE412f988377e31F4d0fF12d74df73B51C42d0cA]" next.size=4 next.IsProposer=false
INFO [02-08|15:49:10.012] Imported new chain segment               blocks=1 txs=0 mgas=0.000 elapsed=1.162ms     mgasps=0.000   number=2477 hash=a22a13..1dee10 dirty=1.37KiB
INFO [02-08|15:49:10.013] QBFT: start new round                    address=0xDF8b560be949C229C821731554C33EAD5E3888A4 old.round=0  old.sequence=2477 old.state="Accept request" old.proposer=0x93917cADBace5dFCE132B991732c6Cda9bcC5B8a next.round=0 next.seq=2478 next.proposer=0x98C1334496614aED49d2E81526D089f7264fED9C next.valSet="[0x27A97C9AaF04f18f3014c32e036dD0Ac76Da5f18 0x93917cADBace5dFCE132B991732c6Cda9bcC5B8a 0x98C1334496614aED49d2E81526D089f7264fED9C 0xcE412f988377e31F4d0fF12d74df73B51C42d0cA]" next.size=4 next.IsProposer=false
INFO [02-08|15:49:15.013] Imported new chain segment               blocks=1 txs=0 mgas=0.000 elapsed="998.584µs" mgasps=0.000   number=2478 hash=5e4a48..366068 dirty=1.37KiB
INFO [02-08|15:49:16.629] Looking for peers                        peercount=4 tried=3 static=8
INFO [02-08|15:49:20.014] Imported new chain segment               blocks=1 txs=0 mgas=0.000 elapsed="858.042µs" mgasps=0.000   number=2479 hash=8bca99..035140 dirty=1.37KiB
INFO [02-08|15:49:25.010] Imported new chain segment               blocks=1 txs=0 mgas=0.000 elapsed="880.625µs" mgasps=0.000   number=2480 hash=f7a64a..1c0903 dirty=1.37KiB
INFO [02-08|15:49:30.009] Imported new chain segment               blocks=1 txs=0 mgas=0.000 elapsed="940.375µs" mgasps=0.000   number=2481 hash=b76d18..a4c5df dirty=1.37KiB
INFO [02-08|15:49:35.015] QBFT: handle final committed             address=0xDF8b560be949C229C821731554C33EAD5E3888A4 current.round=0 current.sequence=2482 state="Accept request"
INFO [02-08|15:49:35.015] QBFT: initialize new round               address=0xDF8b560be949C229C821731554C33EAD5E3888A4 current.round=0 current.sequence=2482 target.round=0 lastProposal.number=2482 lastProposal.hash=b8ce4b..c5adcd
INFO [02-08|15:49:40.015] Imported new chain segment               blocks=1 txs=0 mgas=0.000 elapsed="945.958µs" mgasps=0.000   number=2483 hash=4f91dd..c5c5b9 dirty=1.37KiB
WARN [02-08|15:49:40.015] Block sealing failed                     err=unauthorized
INFO [02-08|15:49:45.011] Imported new chain segment               blocks=1 txs=0 mgas=0.000 elapsed="986.084µs" mgasps=0.000   number=2484 hash=6df7c4..ac363c dirty=1.37KiB
INFO [02-08|15:49:45.011] Commit new mining work                   number=2485 sealhash=74c632..b4afe4 uncles=0 txs=0 gas=0       fees=0 elapsed="338.833µs"
INFO [02-08|15:49:50.013] Imported new chain segment               blocks=1 txs=0 mgas=0.000 elapsed="819.875µs" mgasps=0.000   number=2485 hash=67936d..86cfea dirty=1.37KiB
INFO [02-08|15:49:50.014] QBFT: initialize new round               address=0xDF8b560be949C229C821731554C33EAD5E3888A4 current.round=0 current.sequence=2485 target.round=0 lastProposal.number=2485 lastProposal.hash=67936d..86cfea
INFO [02-08|15:49:51.629] Looking for peers                        peercount=4 tried=3 static=8
INFO [02-08|15:49:55.023] Imported new chain segment               blocks=1 txs=0 mgas=0.000 elapsed=1.788ms     mgasps=0.000   number=2486 hash=113f41..865749 dirty=1.37KiB
INFO [02-08|15:49:55.024] QBFT: handle final committed             address=0xDF8b560be949C229C821731554C33EAD5E3888A4 current.round=0 current.sequence=2486 state="Accept request"
INFO [02-08|15:50:00.016] QBFT: handle final committed             address=0xDF8b560be949C229C821731554C33EAD5E3888A4 current.round=0 current.sequence=2487 state="Accept request"
INFO [02-08|15:50:00.017] Commit new mining work                   number=2488 sealhash=7b27fa..366812 uncles=0 txs=0 gas=0       fees=0 elapsed=1.094ms
INFO [02-08|15:50:05.017] Imported new chain segment               blocks=1 txs=0 mgas=0.000 elapsed=1.026ms     mgasps=0.000   number=2488 hash=86d2de..a590d4 dirty=1.37KiB
INFO [02-08|15:50:05.017] Commit new mining work                   number=2489 sealhash=3e7fff..2e750f uncles=0 txs=0 gas=0       fees=0 elapsed="394.5µs"
INFO [02-08|15:50:10.012] Imported new chain segment               blocks=1 txs=0 mgas=0.000 elapsed=1.175ms     mgasps=0.000   number=2489 hash=bfd5e9..45ebd3 dirty=1.37KiB
INFO [02-08|15:50:10.013] QBFT: handle final committed             address=0xDF8b560be949C229C821731554C33EAD5E3888A4 current.round=0 current.sequence=2489 state="Accept request"
INFO [02-08|15:50:15.015] Imported new chain segment               blocks=1 txs=0 mgas=0.000 elapsed="891.584µs" mgasps=0.000   number=2490 hash=ff1a1a..10ba90 dirty=1.37KiB
INFO [02-08|15:50:15.015] QBFT: start new round                    address=0xDF8b560be949C229C821731554C33EAD5E3888A4 old.round=0  old.sequence=2490 old.state="Accept request" old.proposer=0x98C1334496614aED49d2E81526D089f7264fED9C next.round=0 next.seq=2491 next.proposer=0xcE412f988377e31F4d0fF12d74df73B51C42d0cA next.valSet="[0x27A97C9AaF04f18f3014c32e036dD0Ac76Da5f18 0x93917cADBace5dFCE132B991732c6Cda9bcC5B8a 0x98C1334496614aED49d2E81526D089f7264fED9C 0xcE412f988377e31F4d0fF12d74df73B51C42d0cA]" next.size=4 next.IsProposer=false
INFO [02-08|15:50:20.015] Imported new chain segment               blocks=1 txs=0 mgas=0.000 elapsed=1.631ms     mgasps=0.000   number=2491 hash=a900b2..ab803e dirty=1.37KiB
INFO [02-08|15:50:20.016] QBFT: start new round                    address=0xDF8b560be949C229C821731554C33EAD5E3888A4 old.round=0  old.sequence=2491 old.state="Accept request" old.proposer=0xcE412f988377e31F4d0fF12d74df73B51C42d0cA next.round=0 next.seq=2492 next.proposer=0x27A97C9AaF04f18f3014c32e036dD0Ac76Da5f18 next.valSet="[0x27A97C9AaF04f18f3014c32e036dD0Ac76Da5f18 0x93917cADBace5dFCE132B991732c6Cda9bcC5B8a 0x98C1334496614aED49d2E81526D089f7264fED9C 0xcE412f988377e31F4d0fF12d74df73B51C42d0cA]" next.size=4 next.IsProposer=false
INFO [02-08|15:50:25.011] Imported new chain segment               blocks=1 txs=0 mgas=0.000 elapsed=1.042ms     mgasps=0.000   number=2492 hash=0a619c..4e798a dirty=1.37KiB
INFO [02-08|15:50:25.012] QBFT: handle final committed             address=0xDF8b560be949C229C821731554C33EAD5E3888A4 current.round=0 current.sequence=2492 state="Accept request"
WARN [02-08|15:50:25.012] Block sealing failed                     err=unauthorized
INFO [02-08|15:50:26.630] Looking for peers                        peercount=4 tried=3 static=8
INFO [02-08|15:50:30.013] Imported new chain segment               blocks=1 txs=0 mgas=0.000 elapsed=4.344ms     mgasps=0.000   number=2493 hash=78fcca..63e0d5 dirty=1.37KiB
INFO [02-08|15:50:30.013] Commit new mining work                   number=2494 sealhash=4d1bb9..3d3f33 uncles=0 txs=0 gas=0       fees=0 elapsed="239.708µs"
WARN [02-08|15:50:30.013] Block sealing failed                     err=unauthorized
INFO [02-08|15:50:30.013] QBFT: handle final committed             address=0xDF8b560be949C229C821731554C33EAD5E3888A4 current.round=0 current.sequence=2493 state="Accept request"
INFO [02-08|15:50:30.013] QBFT: initialize new round               address=0xDF8b560be949C229C821731554C33EAD5E3888A4 current.round=0 current.sequence=2493 target.round=0 lastProposal.number=2493 lastProposal.hash=78fcca..63e0d5
INFO [02-08|15:50:30.013] QBFT: start new round                    address=0xDF8b560be949C229C821731554C33EAD5E3888A4 old.round=0  old.sequence=2493 old.state="Accept request" old.proposer=0x93917cADBace5dFCE132B991732c6Cda9bcC5B8a next.round=0 next.seq=2494 next.proposer=0x98C1334496614aED49d2E81526D089f7264fED9C next.valSet="[0x27A97C9AaF04f18f3014c32e036dD0Ac76Da5f18 0x93917cADBace5dFCE132B991732c6Cda9bcC5B8a 0x98C1334496614aED49d2E81526D089f7264fED9C 0xcE412f988377e31F4d0fF12d74df73B51C42d0cA]" next.size=4 next.IsProposer=false
INFO [02-08|15:50:35.009] Imported new chain segment               blocks=1 txs=0 mgas=0.000 elapsed="627.542µs" mgasps=0.000   number=2494 hash=443ead..0fc9cc dirty=1.37KiB
INFO [02-08|15:50:35.009] Commit new mining work                   number=2495 sealhash=f053fb..fae997 uncles=0 txs=0 gas=0       fees=0 elapsed="155.75µs"
INFO [02-08|15:50:35.009] QBFT: handle final committed             address=0xDF8b560be949C229C821731554C33EAD5E3888A4 current.round=0 current.sequence=2494 state="Accept request"
INFO [02-08|15:50:35.009] QBFT: initialize new round               address=0xDF8b560be949C229C821731554C33EAD5E3888A4 current.round=0 current.sequence=2494 target.round=0 lastProposal.number=2494 lastProposal.hash=443ead..0fc9cc
INFO [02-08|15:50:40.011] Imported new chain segment               blocks=1 txs=0 mgas=0.000 elapsed=1.079ms     mgasps=0.000   number=2495 hash=44f3ff..e14acc dirty=1.37KiB
INFO [02-08|15:50:40.012] Commit new mining work                   number=2496 sealhash=1cd82d..0891ef uncles=0 txs=0 gas=0       fees=0 elapsed="325.709µs"
INFO [02-08|15:50:45.005] Imported new chain segment               blocks=1 txs=0 mgas=0.000 elapsed="381.042µs" mgasps=0.000   number=2496 hash=f981c5..8b97ba dirty=1.37KiB
INFO [02-08|15:50:50.015] Imported new chain segment               blocks=1 txs=0 mgas=0.000 elapsed=1.013ms     mgasps=0.000   number=2497 hash=03795e..b4e754 dirty=1.37KiB
INFO [02-08|15:50:50.016] QBFT: handle final committed             address=0xDF8b560be949C229C821731554C33EAD5E3888A4 current.round=0 current.sequence=2497 state="Accept request"
INFO [02-08|15:50:55.011] Imported new chain segment               blocks=1 txs=0 mgas=0.000 elapsed="903.5µs"   mgasps=0.000   number=2498 hash=595d94..d887bc dirty=1.37KiB
INFO [02-08|15:50:55.012] QBFT: start new round                    address=0xDF8b560be949C229C821731554C33EAD5E3888A4 old.round=0  old.sequence=2498 old.state="Accept request" old.proposer=0x98C1334496614aED49d2E81526D089f7264fED9C next.round=0 next.seq=2499 next.proposer=0xcE412f988377e31F4d0fF12d74df73B51C42d0cA next.valSet="[0x27A97C9AaF04f18f3014c32e036dD0Ac76Da5f18 0x93917cADBace5dFCE132B991732c6Cda9bcC5B8a 0x98C1334496614aED49d2E81526D089f7264fED9C 0xcE412f988377e31F4d0fF12d74df73B51C42d0cA]" next.size=4 next.IsProposer=false
WARN [02-08|15:50:55.012] Block sealing failed                     err=unauthorized
INFO [02-08|15:51:00.012] QBFT: handle final committed             address=0xDF8b560be949C229C821731554C33EAD5E3888A4 current.round=0 current.sequence=2499 state="Accept request"
INFO [02-08|15:51:00.012] QBFT: initialize new round               address=0xDF8b560be949C229C821731554C33EAD5E3888A4 current.round=0 current.sequence=2499 target.round=0 lastProposal.number=2499 lastProposal.hash=cda643..b8a81f
INFO [02-08|15:51:00.012] QBFT: start new round                    address=0xDF8b560be949C229C821731554C33EAD5E3888A4 old.round=0  old.sequence=2499 old.state="Accept request" old.proposer=0xcE412f988377e31F4d0fF12d74df73B51C42d0cA next.round=0 next.seq=2500 next.proposer=0x27A97C9AaF04f18f3014c32e036dD0Ac76Da5f18 next.valSet="[0x27A97C9AaF04f18f3014c32e036dD0Ac76Da5f18 0x93917cADBace5dFCE132B991732c6Cda9bcC5B8a 0x98C1334496614aED49d2E81526D089f7264fED9C 0xcE412f988377e31F4d0fF12d74df73B51C42d0cA]" next.size=4 next.IsProposer=false
INFO [02-08|15:51:00.012] Commit new mining work                   number=2500 sealhash=acc6ab..f3fa34 uncles=0 txs=0 gas=0       fees=0 elapsed="292.459µs"
INFO [02-08|15:51:01.632] Looking for peers                        peercount=4 tried=3 static=8
WARN [02-08|15:51:05.019] Block sealing failed                     err=unauthorized
INFO [02-08|15:51:10.011] Imported new chain segment               blocks=1 txs=0 mgas=0.000 elapsed=1.033ms     mgasps=0.000   number=2501 hash=f82d11..a57b34 dirty=1.37KiB
INFO [02-08|15:51:10.011] QBFT: handle final committed             address=0xDF8b560be949C229C821731554C33EAD5E3888A4 current.round=0 current.sequence=2501 state="Accept request"
INFO [02-08|15:51:15.012] Imported new chain segment               blocks=1 txs=0 mgas=0.000 elapsed="824µs"     mgasps=0.000   number=2502 hash=bc53da..712c3f dirty=1.37KiB
INFO [02-08|15:51:15.012] Commit new mining work                   number=2503 sealhash=b8ea3d..992bd8 uncles=0 txs=0 gas=0       fees=0 elapsed="275.75µs"
INFO [02-08|15:51:20.009] Imported new chain segment               blocks=1 txs=0 mgas=0.000 elapsed="444.5µs"   mgasps=0.000   number=2503 hash=c10ef2..432e70 dirty=1.37KiB
WARN [02-08|15:51:20.009] Block sealing failed                     err=unauthorized
INFO [02-08|15:51:20.009] QBFT: handle final committed             address=0xDF8b560be949C229C821731554C33EAD5E3888A4 current.round=0 current.sequence=2503 state="Accept request"
INFO [02-08|15:51:20.009] QBFT: initialize new round               address=0xDF8b560be949C229C821731554C33EAD5E3888A4 current.round=0 current.sequence=2503 target.round=0 lastProposal.number=2503 lastProposal.hash=c10ef2..432e70
INFO [02-08|15:51:25.013] Imported new chain segment               blocks=1 txs=0 mgas=0.000 elapsed="800.875µs" mgasps=0.000   number=2504 hash=f017e4..e26a76 dirty=1.37KiB
INFO [02-08|15:51:30.024] Imported new chain segment               blocks=1 txs=0 mgas=0.000 elapsed="678.375µs" mgasps=0.000   number=2505 hash=7d8490..095fff dirty=1.37KiB
INFO [02-08|15:51:35.009] Imported new chain segment               blocks=1 txs=0 mgas=0.000 elapsed="599.75µs"  mgasps=0.000   number=2506 hash=65bb35..0a5474 dirty=1.37KiB
INFO [02-08|15:51:35.009] Commit new mining work                   number=2507 sealhash=d0ffe8..4495ab uncles=0 txs=0 gas=0       fees=0 elapsed="175.959µs"
INFO [02-08|15:51:36.636] Looking for peers                        peercount=4 tried=3 static=8
INFO [02-08|15:51:40.006] Imported new chain segment               blocks=1 txs=0 mgas=0.000 elapsed="628.125µs" mgasps=0.000   number=2507 hash=474c09..2a4d76 dirty=1.37KiB
INFO [02-08|15:51:40.006] Commit new mining work                   number=2508 sealhash=89595d..f4ee65 uncles=0 txs=0 gas=0       fees=0 elapsed="200.375µs"
INFO [02-08|15:51:45.011] Imported new chain segment               blocks=1 txs=0 mgas=0.000 elapsed="822.75µs"  mgasps=0.000   number=2508 hash=d2d6d2..c8451e dirty=1.37KiB
INFO [02-08|15:51:50.021] Imported new chain segment               blocks=1 txs=0 mgas=0.000 elapsed="578.917µs" mgasps=0.000   number=2509 hash=854520..eab388 dirty=1.37KiB
INFO [02-08|15:51:50.022] Commit new mining work                   number=2510 sealhash=cbc4d8..4a0a5b uncles=0 txs=0 gas=0       fees=0 elapsed="247.875µs"
INFO [02-08|15:51:50.022] QBFT: initialize new round               address=0xDF8b560be949C229C821731554C33EAD5E3888A4 current.round=0 current.sequence=2509 target.round=0 lastProposal.number=2509 lastProposal.hash=854520..eab388
INFO [02-08|15:51:50.022] QBFT: start new round                    address=0xDF8b560be949C229C821731554C33EAD5E3888A4 old.round=0  old.sequence=2509 old.state="Accept request" old.proposer=0x93917cADBace5dFCE132B991732c6Cda9bcC5B8a next.round=0 next.seq=2510 next.proposer=0x98C1334496614aED49d2E81526D089f7264fED9C next.valSet="[0x27A97C9AaF04f18f3014c32e036dD0Ac76Da5f18 0x93917cADBace5dFCE132B991732c6Cda9bcC5B8a 0x98C1334496614aED49d2E81526D089f7264fED9C 0xcE412f988377e31F4d0fF12d74df73B51C42d0cA]" next.size=4 next.IsProposer=false
INFO [02-08|15:51:55.012] Imported new chain segment               blocks=1 txs=0 mgas=0.000 elapsed="943.917µs" mgasps=0.000   number=2510 hash=27536c..36b268 dirty=1.37KiB
INFO [02-08|15:51:55.013] QBFT: handle final committed             address=0xDF8b560be949C229C821731554C33EAD5E3888A4 current.round=0 current.sequence=2510 state="Accept request"
INFO [02-08|15:52:00.004] QBFT: handle final committed             address=0xDF8b560be949C229C821731554C33EAD5E3888A4 current.round=0 current.sequence=2511 state="Accept request"
INFO [02-08|15:52:00.004] QBFT: initialize new round               address=0xDF8b560be949C229C821731554C33EAD5E3888A4 current.round=0 current.sequence=2511 target.round=0 lastProposal.number=2511 lastProposal.hash=1ec450..956db3
INFO [02-08|15:52:05.015] Imported new chain segment               blocks=1 txs=0 mgas=0.000 elapsed="357.833µs" mgasps=0.000   number=2512 hash=46b6ce..2778db dirty=1.37KiB
INFO [02-08|15:52:05.016] Commit new mining work                   number=2513 sealhash=cdc784..1815ec uncles=0 txs=0 gas=0       fees=0 elapsed="95.083µs"
WARN [02-08|15:52:10.019] Block sealing failed                     err=unauthorized
INFO [02-08|15:52:10.019] QBFT: handle final committed             address=0xDF8b560be949C229C821731554C33EAD5E3888A4 current.round=0 current.sequence=2513 state="Accept request"
INFO [02-08|15:52:10.019] QBFT: initialize new round               address=0xDF8b560be949C229C821731554C33EAD5E3888A4 current.round=0 current.sequence=2513 target.round=0 lastProposal.number=2513 lastProposal.hash=84a71c..0496f9
INFO [02-08|15:52:10.019] QBFT: start new round                    address=0xDF8b560be949C229C821731554C33EAD5E3888A4 old.round=0  old.sequence=2513 old.state="Accept request" old.proposer=0x93917cADBace5dFCE132B991732c6Cda9bcC5B8a next.round=0 next.seq=2514 next.proposer=0x98C1334496614aED49d2E81526D089f7264fED9C next.valSet="[0x27A97C9AaF04f18f3014c32e036dD0Ac76Da5f18 0x93917cADBace5dFCE132B991732c6Cda9bcC5B8a 0x98C1334496614aED49d2E81526D089f7264fED9C 0xcE412f988377e31F4d0fF12d74df73B51C42d0cA]" next.size=4 next.IsProposer=false
INFO [02-08|15:52:15.011] Imported new chain segment               blocks=1 txs=0 mgas=0.000 elapsed="998.25µs"  mgasps=0.000   number=2514 hash=d62f74..8b9686 dirty=1.37KiB
INFO [02-08|15:52:15.012] Commit new mining work                   number=2515 sealhash=4afeeb..d238bf uncles=0 txs=0 gas=0       fees=0 elapsed="288.25µs"
INFO [02-08|15:52:20.015] Commit new mining work                   number=2516 sealhash=9a7fab..de167f uncles=0 txs=0 gas=0       fees=0 elapsed="339.833µs"
INFO [02-08|15:52:25.012] QBFT: start new round                    address=0xDF8b560be949C229C821731554C33EAD5E3888A4 old.round=0  old.sequence=2516 old.state="Accept request" old.proposer=0x27A97C9AaF04f18f3014c32e036dD0Ac76Da5f18 next.round=0 next.seq=2517 next.proposer=0x93917cADBace5dFCE132B991732c6Cda9bcC5B8a next.valSet="[0x27A97C9AaF04f18f3014c32e036dD0Ac76Da5f18 0x93917cADBace5dFCE132B991732c6Cda9bcC5B8a 0x98C1334496614aED49d2E81526D089f7264fED9C 0xcE412f988377e31F4d0fF12d74df73B51C42d0cA]" next.size=4 next.IsProposer=false
INFO [02-08|15:52:30.012] QBFT: start new round                    address=0xDF8b560be949C229C821731554C33EAD5E3888A4 old.round=0  old.sequence=2517 old.state="Accept request" old.proposer=0x93917cADBace5dFCE132B991732c6Cda9bcC5B8a next.round=0 next.seq=2518 next.proposer=0x98C1334496614aED49d2E81526D089f7264fED9C next.valSet="[0x27A97C9AaF04f18f3014c32e036dD0Ac76Da5f18 0x93917cADBace5dFCE132B991732c6Cda9bcC5B8a 0x98C1334496614aED49d2E81526D089f7264fED9C 0xcE412f988377e31F4d0fF12d74df73B51C42d0cA]" next.size=4 next.IsProposer=false
INFO [02-08|15:52:40.013] Imported new chain segment               blocks=1 txs=0 mgas=0.000 elapsed="992µs"     mgasps=0.000   number=2519 hash=bd7260..9f701a dirty=1.37KiB
INFO [02-08|15:52:40.013] Commit new mining work                   number=2520 sealhash=1b3e01..a9ac17 uncles=0 txs=0 gas=0       fees=0 elapsed="290.458µs"
WARN [02-08|15:52:40.013] Block sealing failed                     err=unauthorized
INFO [02-08|15:52:45.014] Imported new chain segment               blocks=1 txs=0 mgas=0.000 elapsed="940.125µs" mgasps=0.000   number=2520 hash=2c1f1e..99a0ba dirty=1.37KiB
WARN [02-08|15:52:45.014] Block sealing failed                     err=unauthorized
INFO [02-08|15:52:45.015] QBFT: handle final committed             address=0xDF8b560be949C229C821731554C33EAD5E3888A4 current.round=0 current.sequence=2520 state="Accept request"
INFO [02-08|15:52:45.015] QBFT: initialize new round               address=0xDF8b560be949C229C821731554C33EAD5E3888A4 current.round=0 current.sequence=2520 target.round=0 lastProposal.number=2520 lastProposal.hash=2c1f1e..99a0ba
INFO [02-08|15:52:46.639] Looking for peers                        peercount=4 tried=3 static=8
INFO [02-08|15:52:50.015] Imported new chain segment               blocks=1 txs=0 mgas=0.000 elapsed=1.222ms     mgasps=0.000   number=2521 hash=53cdf2..e441ff dirty=1.37KiB
INFO [02-08|15:52:50.015] Commit new mining work                   number=2522 sealhash=eed4fa..3c5f78 uncles=0 txs=0 gas=0       fees=0 elapsed="349.709µs"
INFO [02-08|15:52:55.007] QBFT: start new round                    address=0xDF8b560be949C229C821731554C33EAD5E3888A4 old.round=0  old.sequence=2522 old.state="Accept request" old.proposer=0x98C1334496614aED49d2E81526D089f7264fED9C next.round=0 next.seq=2523 next.proposer=0xcE412f988377e31F4d0fF12d74df73B51C42d0cA next.valSet="[0x27A97C9AaF04f18f3014c32e036dD0Ac76Da5f18 0x93917cADBace5dFCE132B991732c6Cda9bcC5B8a 0x98C1334496614aED49d2E81526D089f7264fED9C 0xcE412f988377e31F4d0fF12d74df73B51C42d0cA]" next.size=4 next.IsProposer=false
INFO [02-08|15:53:00.019] Commit new mining work                   number=2524 sealhash=2acff5..8a8348 uncles=0 txs=0 gas=0       fees=0 elapsed=1.073ms
WARN [02-08|15:53:00.019] Block sealing failed                     err=unauthorized
INFO [02-08|15:53:05.017] Imported new chain segment               blocks=1 txs=0 mgas=0.000 elapsed="632.916µs" mgasps=0.000   number=2524 hash=e2a98e..864cc7 dirty=1.37KiB
INFO [02-08|15:53:05.017] Commit new mining work                   number=2525 sealhash=87d3fd..900ffc uncles=0 txs=0 gas=0       fees=0 elapsed="177.5µs"
WARN [02-08|15:53:05.017] Block sealing failed                     err=unauthorized
INFO [02-08|15:53:05.017] QBFT: handle final committed             address=0xDF8b560be949C229C821731554C33EAD5E3888A4 current.round=0 current.sequence=2524 state="Accept request"
INFO [02-08|15:53:05.017] QBFT: initialize new round               address=0xDF8b560be949C229C821731554C33EAD5E3888A4 current.round=0 current.sequence=2524 target.round=0 lastProposal.number=2524 lastProposal.hash=e2a98e..864cc7
INFO [02-08|15:53:05.017] QBFT: start new round                    address=0xDF8b560be949C229C821731554C33EAD5E3888A4 old.round=0  old.sequence=2524 old.state="Accept request" old.proposer=0x27A97C9AaF04f18f3014c32e036dD0Ac76Da5f18 next.round=0 next.seq=2525 next.proposer=0x93917cADBace5dFCE132B991732c6Cda9bcC5B8a next.valSet="[0x27A97C9AaF04f18f3014c32e036dD0Ac76Da5f18 0x93917cADBace5dFCE132B991732c6Cda9bcC5B8a 0x98C1334496614aED49d2E81526D089f7264fED9C 0xcE412f988377e31F4d0fF12d74df73B51C42d0cA]" next.size=4 next.IsProposer=false
INFO [02-08|15:53:10.007] Imported new chain segment               blocks=1 txs=0 mgas=0.000 elapsed="453.958µs" mgasps=0.000   number=2525 hash=d0a163..f1847b dirty=1.37KiB
INFO [02-08|15:53:10.007] Commit new mining work                   number=2526 sealhash=fa2917..73d7ab uncles=0 txs=0 gas=0       fees=0 elapsed="244.084µs"
INFO [02-08|15:53:10.007] QBFT: handle final committed             address=0xDF8b560be949C229C821731554C33EAD5E3888A4 current.round=0 current.sequence=2525 state="Accept request"
INFO [02-08|15:53:15.011] Imported new chain segment               blocks=1 txs=0 mgas=0.000 elapsed="951.708µs" mgasps=0.000   number=2526 hash=af9deb..e11394 dirty=1.37KiB
INFO [02-08|15:53:15.011] QBFT: start new round                    address=0xDF8b560be949C229C821731554C33EAD5E3888A4 old.round=0  old.sequence=2526 old.state="Accept request" old.proposer=0x98C1334496614aED49d2E81526D089f7264fED9C next.round=0 next.seq=2527 next.proposer=0xcE412f988377e31F4d0fF12d74df73B51C42d0cA next.valSet="[0x27A97C9AaF04f18f3014c32e036dD0Ac76Da5f18 0x93917cADBace5dFCE132B991732c6Cda9bcC5B8a 0x98C1334496614aED49d2E81526D089f7264fED9C 0xcE412f988377e31F4d0fF12d74df73B51C42d0cA]" next.size=4 next.IsProposer=false
INFO [02-08|15:53:20.014] Imported new chain segment               blocks=1 txs=0 mgas=0.000 elapsed="880.292µs" mgasps=0.000   number=2527 hash=340b8a..afa6f5 dirty=1.37KiB
INFO [02-08|15:53:25.010] Imported new chain segment               blocks=1 txs=0 mgas=0.000 elapsed="968.917µs" mgasps=0.000   number=2528 hash=fd3f7e..abfbe5 dirty=1.37KiB
INFO [02-08|15:53:25.011] QBFT: start new round                    address=0xDF8b560be949C229C821731554C33EAD5E3888A4 old.round=0  old.sequence=2528 old.state="Accept request" old.proposer=0x27A97C9AaF04f18f3014c32e036dD0Ac76Da5f18 next.round=0 next.seq=2529 next.proposer=0x93917cADBace5dFCE132B991732c6Cda9bcC5B8a next.valSet="[0x27A97C9AaF04f18f3014c32e036dD0Ac76Da5f18 0x93917cADBace5dFCE132B991732c6Cda9bcC5B8a 0x98C1334496614aED49d2E81526D089f7264fED9C 0xcE412f988377e31F4d0fF12d74df73B51C42d0cA]" next.size=4 next.IsProposer=false
INFO [02-08|15:53:30.013] QBFT: initialize new round               address=0xDF8b560be949C229C821731554C33EAD5E3888A4 current.round=0 current.sequence=2529 target.round=0 lastProposal.number=2529 lastProposal.hash=960e24..199cc5
INFO [02-08|15:53:35.015] Imported new chain segment               blocks=1 txs=0 mgas=0.000 elapsed=1.021ms     mgasps=0.000   number=2530 hash=6aeb40..91f345 dirty=1.37KiB
INFO [02-08|15:53:35.016] QBFT: handle final committed             address=0xDF8b560be949C229C821731554C33EAD5E3888A4 current.round=0 current.sequence=2530 state="Accept request"
INFO [02-08|15:53:35.016] QBFT: initialize new round               address=0xDF8b560be949C229C821731554C33EAD5E3888A4 current.round=0 current.sequence=2530 target.round=0 lastProposal.number=2530 lastProposal.hash=6aeb40..91f345
INFO [02-08|15:53:40.008] Imported new chain segment               blocks=1 txs=0 mgas=0.000 elapsed="623.709µs" mgasps=0.000   number=2531 hash=d0147b..089636 dirty=1.37KiB
INFO [02-08|15:53:40.009] QBFT: start new round                    address=0xDF8b560be949C229C821731554C33EAD5E3888A4 old.round=0  old.sequence=2531 old.state="Accept request" old.proposer=0xcE412f988377e31F4d0fF12d74df73B51C42d0cA next.round=0 next.seq=2532 next.proposer=0x27A97C9AaF04f18f3014c32e036dD0Ac76Da5f18 next.valSet="[0x27A97C9AaF04f18f3014c32e036dD0Ac76Da5f18 0x93917cADBace5dFCE132B991732c6Cda9bcC5B8a 0x98C1334496614aED49d2E81526D089f7264fED9C 0xcE412f988377e31F4d0fF12d74df73B51C42d0cA]" next.size=4 next.IsProposer=false
INFO [02-08|15:53:45.015] Imported new chain segment               blocks=1 txs=0 mgas=0.000 elapsed=1.752ms     mgasps=0.000   number=2532 hash=cfff1d..402368 dirty=1.37KiB
INFO [02-08|15:53:45.016] Commit new mining work                   number=2533 sealhash=6dc43b..c29a15 uncles=0 txs=0 gas=0       fees=0 elapsed="295.458µs"
INFO [02-08|15:53:45.016] QBFT: initialize new round               address=0xDF8b560be949C229C821731554C33EAD5E3888A4 current.round=0 current.sequence=2532 target.round=0 lastProposal.number=2532 lastProposal.hash=cfff1d..402368
INFO [02-08|15:53:45.016] QBFT: start new round                    address=0xDF8b560be949C229C821731554C33EAD5E3888A4 old.round=0  old.sequence=2532 old.state="Accept request" old.proposer=0x27A97C9AaF04f18f3014c32e036dD0Ac76Da5f18 next.round=0 next.seq=2533 next.proposer=0x93917cADBace5dFCE132B991732c6Cda9bcC5B8a next.valSet="[0x27A97C9AaF04f18f3014c32e036dD0Ac76Da5f18 0x93917cADBace5dFCE132B991732c6Cda9bcC5B8a 0x98C1334496614aED49d2E81526D089f7264fED9C 0xcE412f988377e31F4d0fF12d74df73B51C42d0cA]" next.size=4 next.IsProposer=false
INFO [02-08|15:53:50.019] Imported new chain segment               blocks=1 txs=0 mgas=0.000 elapsed="993.167µs" mgasps=0.000   number=2533 hash=b56e8a..875f50 dirty=1.37KiB
INFO [02-08|15:53:50.020] QBFT: start new round                    address=0xDF8b560be949C229C821731554C33EAD5E3888A4 old.round=0  old.sequence=2533 old.state="Accept request" old.proposer=0x93917cADBace5dFCE132B991732c6Cda9bcC5B8a next.round=0 next.seq=2534 next.proposer=0x98C1334496614aED49d2E81526D089f7264fED9C next.valSet="[0x27A97C9AaF04f18f3014c32e036dD0Ac76Da5f18 0x93917cADBace5dFCE132B991732c6Cda9bcC5B8a 0x98C1334496614aED49d2E81526D089f7264fED9C 0xcE412f988377e31F4d0fF12d74df73B51C42d0cA]" next.size=4 next.IsProposer=false
WARN [02-08|15:53:55.012] Block sealing failed                     err=unauthorized
INFO [02-08|15:53:56.642] Looking for peers                        peercount=4 tried=3 static=8
INFO [02-08|15:54:00.031] Imported new chain segment               blocks=1 txs=0 mgas=0.000 elapsed=1.018ms     mgasps=0.000   number=2535 hash=7de0c1..92676d dirty=1.37KiB
INFO [02-08|15:54:05.016] Imported new chain segment               blocks=1 txs=0 mgas=0.000 elapsed="861.208µs" mgasps=0.000   number=2536 hash=326696..65bb5a dirty=1.37KiB
INFO [02-08|15:54:10.011] Commit new mining work                   number=2538 sealhash=aaa95b..f6928a uncles=0 txs=0 gas=0       fees=0 elapsed="201.041µs"
INFO [02-08|15:54:15.014] QBFT: start new round                    address=0xDF8b560be949C229C821731554C33EAD5E3888A4 old.round=0  old.sequence=2538 old.state="Accept request" old.proposer=0x98C1334496614aED49d2E81526D089f7264fED9C next.round=0 next.seq=2539 next.proposer=0xcE412f988377e31F4d0fF12d74df73B51C42d0cA next.valSet="[0x27A97C9AaF04f18f3014c32e036dD0Ac76Da5f18 0x93917cADBace5dFCE132B991732c6Cda9bcC5B8a 0x98C1334496614aED49d2E81526D089f7264fED9C 0xcE412f988377e31F4d0fF12d74df73B51C42d0cA]" next.size=4 next.IsProposer=false
INFO [02-08|15:54:20.015] Imported new chain segment               blocks=1 txs=0 mgas=0.000 elapsed=1.612ms     mgasps=0.000   number=2539 hash=07abdc..405b5a dirty=1.37KiB
INFO [02-08|15:54:20.015] Commit new mining work                   number=2540 sealhash=7d9532..c7d4ba uncles=0 txs=0 gas=0       fees=0 elapsed="312.667µs"
INFO [02-08|15:54:20.015] QBFT: handle final committed             address=0xDF8b560be949C229C821731554C33EAD5E3888A4 current.round=0 current.sequence=2539 state="Accept request"
INFO [02-08|15:54:20.015] QBFT: initialize new round               address=0xDF8b560be949C229C821731554C33EAD5E3888A4 current.round=0 current.sequence=2539 target.round=0 lastProposal.number=2539 lastProposal.hash=07abdc..405b5a
INFO [02-08|15:54:23.438] QBFT: stopping...                        address=0xDF8b560be949C229C821731554C33EAD5E3888A4
INFO [02-08|15:54:23.441] Persisted trie from memory database      nodes=0 size=0.00B   time="3.042µs"   gcnodes=0 gcsize=0.00B gctime=0s          livenodes=1 livesize=0.00B
INFO [02-08|15:54:23.441] Writing snapshot state to disk           root=d7d9af..f2e575
INFO [02-08|15:54:23.441] Persisted trie from memory database      nodes=0 size=0.00B   time="4.833µs"   gcnodes=0 gcsize=0.00B gctime=0s          livenodes=1 livesize=0.00B
INFO [02-08|15:54:23.442] Writing clean trie cache to disk         path=/data/geth/triecache threads=10
INFO [02-08|15:54:23.447] Blockchain stopped 
